,Coarse,Clay,Sand,Silt,pH(H2O),EC,OC,CaCO3,N,P,K
16,45.0,11.0,44.0,45.0,5.86,14.0,34.1,0,3.6,46.1,161.3
72,17.0,19.0,33.0,48.0,5.73,18.27,24.9,1,2.6,27.4,219.7
124,5.0,14.0,28.0,57.0,5.74,18.77,71.0,2,7.3,43.1,130.1
156,34.0,17.0,25.0,58.0,5.55,13.32,42.8,0,3.7,15.6,186.3
158,15.0,33.0,12.0,55.0,5.98,10.43,11.2,1,1.3,26.0,133.1
160,60.0,25.0,23.0,52.0,5.6,14.42,44.7,0,3.4,17.9,730.7
173,12.0,22.0,15.0,63.0,5.6,11.73,54.4,0,5.0,8.3,180.3
180,21.0,8.0,51.0,41.0,5.57,17.54,41.7,4,2.9,18.8,76.5
198,36.0,24.0,21.0,55.0,5.54,12.76,70.0,2,4.5,8.5,92.3
242,12.0,6.0,39.0,54.0,6.15,15.57,123.9,1,6.9,8.3,67.4
270,16.0,32.0,12.0,56.0,5.69,10.16,25.7,1,2.8,0.0,61.0
277,10.0,20.0,27.0,53.0,5.69,19.57,34.9,1,2.4,0.0,66.5
282,24.0,39.0,8.0,53.0,5.82,14.43,11.9,1,1.5,5.2,140.5
283,16.0,28.0,20.0,52.0,5.83,16.37,22.1,0,2.4,12.1,333.6
293,11.0,25.0,24.0,51.0,5.98,18.1,12.3,0,1.4,0.0,68.1
299,16.0,15.0,28.0,57.0,5.71,15.72,32.8,1,3.8,6.0,49.6
305,6.0,21.0,33.0,46.0,5.97,15.69,19.8,1,1.9,18.7,86.0
341,29.0,36.0,12.0,51.0,6.48,10.99,11.1,1,1.4,0.0,60.7
344,9.0,13.0,37.0,50.0,5.86,19.92,17.6,1,2.0,6.5,78.2
387,36.0,22.0,32.0,46.0,5.79,18.09,20.7,0,1.6,4.0,110.3
414,8.0,11.0,60.0,29.0,5.78,17.71,10.0,1,1.3,85.9,244.3
428,2.0,5.0,80.0,15.0,5.78,15.44,8.9,0,1.0,57.9,191.4
469,6.0,7.0,64.0,29.0,5.67,14.72,30.8,1,2.8,90.4,38.5
488,4.0,16.0,39.0,45.0,5.76,12.82,21.3,0,2.3,18.7,58.4
499,16.0,29.0,27.0,44.0,5.75,12.49,16.3,1,2.2,32.6,96.9
502,41.0,20.0,35.0,46.0,5.63,12.46,34.3,1,3.7,42.7,130.9
504,9.0,20.0,24.0,56.0,5.81,16.5,25.9,0,3.2,68.9,105.5
515,13.0,11.0,51.0,37.0,6.49,14.8,21.5,1,2.3,93.1,199.7
522,10.0,7.0,56.0,37.0,6.41,18.28,26.8,1,2.8,10.6,35.0
535,10.0,20.0,39.0,41.0,6.34,13.1,9.0,0,1.4,22.0,58.9
547,22.0,16.0,27.0,57.0,5.89,19.94,129.7,0,11.1,14.2,192.9
580,27.0,8.0,64.0,28.0,5.63,16.68,17.7,1,1.6,4.6,218.6
587,19.0,6.0,75.0,18.0,5.7,13.84,18.0,0,1.2,18.6,167.2
611,25.0,10.0,59.0,32.0,5.88,10.54,14.2,1,1.2,10.8,136.2
623,21.0,2.0,85.0,13.0,6.03,17.38,13.1,0,1.4,48.4,142.6
641,5.0,20.0,34.0,45.0,5.62,16.9,46.8,1,4.4,8.5,235.7
673,1.0,19.0,28.0,53.0,6.16,11.99,37.8,1,3.6,5.4,271.9
678,1.0,23.0,22.0,55.0,5.88,18.92,30.5,1,3.3,6.3,333.1
696,12.0,18.0,35.0,47.0,6.34,19.99,11.9,0,1.1,0.0,108.1
756,31.0,35.0,19.0,46.0,5.88,10.54,31.3,1,2.9,0.0,417.6
758,15.0,14.0,51.0,35.0,6.08,14.21,11.2,1,1.3,5.5,68.8
798,8.0,14.0,32.0,54.0,5.5,11.77,23.6,0,1.8,8.2,50.5
799,53.0,13.0,42.0,45.0,5.84,13.05,14.1,0,1.4,7.9,31.0
801,4.0,25.0,13.0,63.0,6.11,13.76,7.3,1,1.0,45.9,67.6
819,5.0,16.0,47.0,38.0,5.59,16.02,18.8,1,1.4,7.6,120.1
875,9.0,25.0,13.0,63.0,5.84,17.43,79.4,2,8.2,11.6,236.4
894,30.0,20.0,25.0,54.0,6.03,19.7,104.7,0,9.7,19.8,462.1
897,26.0,20.0,31.0,49.0,5.89,12.17,8.4,0,1.2,22.2,57.1
901,42.0,7.0,49.0,44.0,6.41,14.55,36.5,0,3.7,12.7,288.5
948,7.0,58.0,6.0,35.0,6.23,12.56,11.2,0,1.7,0.0,233.4
956,9.0,28.0,21.0,51.0,6.3,15.3,13.7,0,1.9,12.1,74.5
988,2.0,25.0,20.0,55.0,6.28,10.23,27.4,0,2.9,7.3,204.5
1046,32.0,23.0,14.0,63.0,6.18,14.5,64.6,1,6.9,11.3,101.3
1050,7.0,25.0,21.0,53.0,6.08,19.2,72.9,1,6.3,11.4,530.7
1059,1.0,28.0,20.0,52.0,6.33,19.09,29.5,1,2.9,0.0,158.2
1072,3.0,20.0,33.0,47.0,5.84,15.27,16.6,1,1.3,0.0,61.3
1118,5.0,32.0,17.0,51.0,5.73,16.92,75.9,0,7.4,5.6,144.1
1120,3.0,30.0,18.0,52.0,6.23,15.6,21.8,1,2.4,57.4,543.7
1127,1.0,11.0,61.0,28.0,6.13,10.29,21.7,1,2.2,85.7,266.5
1129,8.0,13.0,45.0,42.0,5.76,19.44,12.5,1,1.3,0.0,68.4
1146,4.0,35.0,10.0,55.0,5.86,19.51,15.7,0,1.9,0.0,137.3
1147,4.0,22.0,30.0,47.0,5.63,15.58,19.9,0,2.0,0.0,72.1
1153,15.0,19.0,48.0,32.0,5.87,19.99,25.2,1,2.4,21.0,135.1
1157,15.0,8.0,65.0,27.0,5.98,11.07,32.2,0,3.0,39.4,259.7
1161,5.0,14.0,35.0,51.0,6.02,10.55,46.8,0,3.1,15.1,271.9
1163,14.0,18.0,48.0,34.0,6.2,13.49,22.7,0,2.4,5.6,169.4
1211,24.0,14.0,39.0,47.0,5.5,12.05,48.9,1,4.3,12.9,56.3
1221,13.0,22.0,42.0,36.0,6.07,18.83,12.0,1,1.5,29.8,158.9
1256,10.0,31.0,7.0,62.0,5.89,13.08,9.8,0,1.4,24.4,167.8
1268,0.0,35.0,14.0,51.0,6.47,10.29,31.6,5,3.0,0.0,162.6
1286,1.0,25.0,14.0,61.0,6.18,16.87,61.8,2,4.7,7.0,263.4
1289,2.0,34.0,8.0,58.0,6.16,12.15,64.1,5,5.9,0.0,139.9
1291,1.0,35.0,12.0,53.0,6.19,12.68,48.4,1,3.4,0.0,226.7
1292,2.0,22.0,16.0,62.0,5.56,14.9,76.1,2,5.1,10.5,72.6
1293,0.0,31.0,15.0,54.0,5.94,15.74,72.4,2,5.0,6.8,247.2
1296,0.0,27.0,12.0,61.0,5.68,12.76,49.1,4,3.3,6.4,76.2
1310,1.0,37.0,6.0,57.0,6.11,10.16,21.1,1,1.9,0.0,254.1
1321,0.0,27.0,29.0,44.0,6.46,11.06,21.2,1,2.1,6.1,243.3
1325,0.0,30.0,8.0,62.0,5.54,19.81,21.5,1,2.2,4.2,74.3
1328,0.0,30.0,6.0,65.0,5.69,14.67,48.5,1,3.5,0.0,102.5
1336,0.0,23.0,8.0,69.0,5.56,11.01,28.9,1,3.2,11.5,93.1
1342,3.0,29.0,6.0,65.0,6.44,10.92,23.6,0,2.5,29.6,112.3
1344,0.0,25.0,13.0,61.0,5.9,10.85,26.1,2,2.9,10.9,59.8
1356,3.0,23.0,21.0,56.0,5.96,13.85,31.2,1,3.5,9.5,47.2
1361,1.0,40.0,8.0,52.0,5.54,16.09,43.5,1,3.8,0.0,99.1
1363,1.0,24.0,16.0,60.0,6.39,17.04,11.9,1,1.4,8.6,58.3
1382,28.0,7.0,42.0,50.0,5.53,12.45,128.3,1,11.7,20.9,273.8
1406,8.0,21.0,33.0,46.0,5.9,19.76,43.3,1,2.9,5.0,283.8
1411,61.0,8.0,57.0,34.0,5.81,13.74,121.4,1,5.4,15.3,317.7
1443,21.0,32.0,21.0,47.0,6.25,16.88,23.5,5,2.9,7.3,364.7
1478,38.0,18.0,35.0,47.0,6.03,13.14,16.2,0,1.9,0.0,112.5
1486,22.0,10.0,47.0,43.0,5.68,10.12,41.3,0,4.1,29.3,321.8
1488,29.0,8.0,53.0,39.0,6.38,14.28,53.4,1,4.5,12.0,151.4
1503,50.0,7.0,57.0,37.0,5.85,11.63,92.3,1,7.6,21.5,315.6
1507,44.0,14.0,19.0,66.0,5.6,16.74,102.5,2,10.4,15.0,479.5
1518,34.0,9.0,49.0,42.0,5.73,15.89,36.3,0,3.7,67.7,335.4
1521,27.0,19.0,21.0,59.0,5.92,11.84,45.0,1,4.8,15.1,201.6
1522,23.0,19.0,18.0,63.0,5.94,10.08,41.5,0,4.5,27.2,136.7
1524,20.0,7.0,45.0,48.0,5.57,14.35,140.4,1,11.1,17.8,124.8
1562,35.0,18.0,30.0,52.0,6.31,15.93,35.9,1,3.5,8.1,165.4
1566,32.0,28.0,14.0,57.0,6.09,16.35,54.3,1,5.5,22.0,241.5
1585,32.0,26.0,13.0,61.0,5.57,18.81,59.4,2,5.6,28.3,768.5
1590,43.0,8.0,60.0,32.0,5.59,18.44,20.9,0,1.9,34.1,68.5
1622,42.0,26.0,14.0,59.0,5.78,11.98,69.7,1,5.1,10.0,223.8
1647,45.0,17.0,38.0,45.0,6.34,18.89,137.4,1,6.9,27.5,195.0
1651,19.0,25.0,25.0,50.0,6.14,19.32,15.2,1,1.8,31.9,398.3
1677,32.0,26.0,21.0,53.0,5.94,11.41,36.1,1,4.1,8.1,98.7
1679,35.0,9.0,55.0,36.0,5.96,11.09,61.2,1,3.4,4.9,75.6
1680,18.0,7.0,52.0,41.0,5.78,18.07,11.7,0,1.3,0.0,47.3
1718,53.0,28.0,22.0,49.0,5.62,10.3,52.9,2,2.7,16.9,78.1
1744,9.0,10.0,46.0,44.0,5.93,11.41,47.2,0,3.9,34.5,664.4
1745,53.0,11.0,28.0,61.0,5.86,15.44,101.6,1,10.0,19.7,476.6
1748,10.0,20.0,34.0,46.0,5.9,14.59,34.5,0,3.7,31.9,98.3
1751,37.0,14.0,33.0,53.0,6.06,10.04,33.9,1,3.0,24.1,324.6
1775,32.0,18.0,24.0,58.0,6.25,14.83,33.0,0,4.0,17.4,99.0
1935,51.0,18.0,34.0,48.0,5.92,10.44,7.9,0,1.1,38.8,207.5
1944,48.0,18.0,58.0,24.0,5.5,11.81,5.1,0,0.8,16.9,78.7
1971,14.0,9.0,41.0,50.0,5.85,14.05,73.6,0,7.4,29.9,104.4
1999,13.0,8.0,67.0,26.0,5.64,17.81,9.9,0,1.2,11.3,63.9
2004,15.0,11.0,56.0,34.0,5.77,13.02,21.9,0,2.5,11.4,94.7
2035,12.0,8.0,61.0,31.0,5.9,15.0,11.3,0,1.3,10.2,281.4
2039,17.0,13.0,44.0,44.0,6.04,11.12,19.8,0,2.2,33.4,140.9
2076,35.0,8.0,65.0,27.0,5.51,10.06,17.4,0,1.7,7.5,167.1
2097,42.0,33.0,13.0,54.0,6.14,15.88,24.1,0,3.0,0.0,49.8
2110,55.0,11.0,55.0,33.0,6.06,11.54,28.6,0,3.0,10.9,49.3
2132,33.0,28.0,29.0,43.0,5.66,10.1,36.7,1,2.5,0.0,112.8
2133,31.0,23.0,28.0,48.0,5.62,13.81,48.6,0,3.1,0.0,153.8
2174,26.0,21.0,20.0,60.0,6.33,19.56,70.8,0,8.0,10.0,265.8
2181,17.0,21.0,41.0,38.0,5.56,13.69,11.5,0,1.4,0.0,60.4
2188,47.0,30.0,14.0,56.0,5.88,13.95,17.4,0,2.2,33.8,170.5
2197,22.0,17.0,46.0,37.0,5.68,18.42,14.3,0,1.2,0.0,51.1
2237,21.0,9.0,67.0,24.0,6.05,12.26,23.6,1,2.3,10.6,171.7
2238,46.0,8.0,56.0,35.0,6.15,14.63,41.8,1,1.7,9.0,124.1
2272,27.0,14.0,56.0,30.0,5.73,13.88,8.5,1,0.8,0.0,75.2
2275,44.0,16.0,55.0,29.0,5.75,16.08,7.4,0,0.9,4.8,74.7
2279,7.0,15.0,52.0,33.0,5.86,12.1,12.9,1,1.3,7.3,89.4
2305,40.0,12.0,50.0,38.0,6.23,14.43,34.9,1,1.9,11.1,84.2
2327,3.0,22.0,20.0,58.0,6.46,19.86,53.7,0,5.8,9.4,93.3
2408,6.0,15.0,32.0,53.0,5.82,13.04,40.9,1,2.7,11.7,212.0
2416,3.0,25.0,21.0,55.0,6.14,12.09,40.0,0,3.1,0.0,202.0
2567,5.0,9.0,60.0,31.0,6.45,12.31,24.4,1,2.4,6.2,191.3
2697,33.0,30.0,21.0,49.0,6.21,12.0,25.8,1,2.6,2.3,108.8
2699,52.0,11.0,31.0,58.0,5.62,17.22,49.3,0,5.2,13.0,209.8
2714,30.0,19.0,29.0,52.0,6.0,14.39,55.5,1,4.3,11.7,146.9
2801,27.0,44.0,10.0,46.0,5.75,10.26,43.1,0,3.4,0.0,102.5
2803,35.0,37.0,12.0,51.0,5.84,10.34,37.5,1,3.6,0.0,154.9
2869,33.0,17.0,36.0,46.0,5.9,10.69,48.9,1,5.2,27.6,216.4
2870,52.0,14.0,39.0,47.0,6.2,11.14,45.2,1,5.0,14.6,141.5
2975,43.0,16.0,25.0,59.0,6.43,11.14,46.7,1,3.4,9.2,255.4
2991,21.0,7.0,63.0,30.0,6.1,10.89,16.9,1,1.7,17.2,65.2
2994,12.0,14.0,45.0,41.0,5.98,10.89,11.6,1,1.4,56.5,176.4
3055,28.0,27.0,23.0,50.0,5.7,20.0,19.9,1,2.2,42.6,279.7
3064,51.0,19.0,27.0,54.0,6.1,12.74,18.8,1,1.9,5.2,72.2
3068,33.0,20.0,25.0,55.0,5.57,18.57,21.5,0,2.4,6.3,101.5
3070,19.0,14.0,42.0,44.0,6.23,17.43,48.0,0,4.5,23.8,221.7
3099,48.0,11.0,46.0,43.0,6.0,11.31,37.4,0,2.0,16.4,155.4
3104,14.0,17.0,26.0,57.0,5.73,12.45,39.5,0,3.7,14.4,146.4
3166,23.0,26.0,13.0,60.0,5.88,11.39,49.9,0,5.9,10.6,74.1
3178,21.0,22.0,27.0,51.0,6.39,12.15,34.3,1,3.0,8.5,180.2
3179,15.0,21.0,29.0,50.0,6.33,15.59,32.0,1,2.9,10.4,219.4
3200,30.0,23.0,22.0,55.0,5.86,11.86,45.1,0,4.6,6.2,139.0
3204,7.0,10.0,52.0,38.0,5.68,10.39,31.8,1,3.2,8.5,83.8
3208,39.0,23.0,30.0,47.0,6.25,11.63,31.0,1,3.1,9.6,130.9
3214,37.0,16.0,34.0,50.0,6.22,15.55,48.9,1,5.2,14.5,489.2
3220,15.0,24.0,23.0,53.0,6.48,12.66,28.3,7,2.5,7.8,223.7
3230,14.0,20.0,36.0,43.0,6.1,10.84,29.7,0,2.9,9.6,387.0
3235,40.0,27.0,13.0,60.0,6.34,18.04,59.2,5,6.5,11.7,181.5
3248,29.0,24.0,19.0,56.0,5.7,10.03,34.6,0,3.4,9.7,158.6
3269,14.0,17.0,42.0,42.0,5.93,10.45,25.0,1,2.0,13.4,104.4
3318,10.0,10.0,55.0,34.0,5.86,10.02,18.9,0,1.9,12.0,130.5
3384,21.0,16.0,37.0,47.0,6.05,13.69,55.0,1,4.2,9.1,320.5
3415,21.0,20.0,31.0,49.0,5.97,10.1,29.4,0,3.1,16.4,145.4
3489,18.0,13.0,37.0,50.0,6.27,11.29,12.7,1,1.2,5.2,61.7
3506,26.0,20.0,25.0,55.0,5.78,14.06,36.2,0,2.6,7.2,189.4
3520,18.0,19.0,39.0,42.0,6.24,11.01,11.9,1,1.3,8.5,90.2
3531,23.0,27.0,24.0,49.0,6.14,18.08,40.3,1,3.9,0.0,288.5
3532,21.0,5.0,63.0,31.0,5.53,13.14,15.5,0,1.4,10.4,76.0
3556,14.0,15.0,39.0,46.0,6.06,13.15,34.6,0,1.7,0.0,176.7
3568,23.0,18.0,36.0,46.0,6.43,10.96,12.2,0,1.0,0.0,193.4
3576,9.0,16.0,37.0,47.0,5.82,17.58,17.7,1,1.8,29.6,56.1
3582,27.0,26.0,24.0,50.0,6.3,11.03,81.9,1,5.0,8.9,101.4
3586,31.0,18.0,38.0,44.0,6.41,12.83,34.6,1,2.4,37.8,471.8
3594,18.0,10.0,56.0,34.0,5.94,11.43,4.9,0,0.8,6.8,38.9
3613,6.0,10.0,61.0,29.0,6.26,12.3,9.3,1,1.1,0.0,52.9
3617,30.0,27.0,22.0,50.0,5.8,10.59,43.5,0,3.4,8.6,255.4
3641,23.0,10.0,69.0,21.0,6.2,10.38,7.0,0,0.8,0.0,63.6
3643,39.0,26.0,19.0,55.0,6.2,12.19,65.6,1,3.8,0.0,281.9
3644,32.0,19.0,41.0,40.0,6.27,10.69,51.1,0,2.8,0.0,166.5
3666,9.0,20.0,30.0,49.0,6.29,15.75,20.0,1,2.2,23.1,163.4
3675,6.0,15.0,36.0,49.0,6.19,19.77,61.5,1,5.2,108.4,311.4
3676,5.0,10.0,48.0,42.0,6.32,12.55,36.3,1,3.4,11.7,52.1
3694,6.0,7.0,75.0,18.0,5.77,13.42,9.7,0,1.0,38.0,47.4
3712,4.0,12.0,58.0,30.0,6.07,13.37,15.1,0,1.7,54.5,69.0
3715,17.0,22.0,22.0,56.0,5.86,10.65,29.5,0,3.4,20.3,54.6
3733,6.0,13.0,36.0,51.0,6.1,10.65,27.9,0,2.3,26.2,65.3
3757,20.0,34.0,10.0,57.0,6.14,12.45,16.9,1,1.8,36.7,116.9
3766,30.0,33.0,10.0,56.0,5.97,14.9,27.3,6,2.4,21.2,140.1
3770,30.0,34.0,6.0,60.0,5.67,16.09,41.9,0,4.6,26.0,129.9
3861,22.0,17.0,39.0,45.0,6.22,10.52,37.4,0,3.4,12.8,154.0
3863,16.0,12.0,45.0,43.0,5.62,18.55,8.2,0,1.0,7.8,53.2
3877,14.0,18.0,46.0,37.0,5.83,11.4,24.9,0,1.9,13.7,152.4
3909,43.0,29.0,21.0,50.0,6.35,10.3,65.5,2,4.1,0.0,141.9
3911,17.0,6.0,64.0,30.0,5.63,15.75,12.3,0,1.4,0.0,47.0
3929,4.0,4.0,74.0,22.0,5.77,10.04,22.2,1,1.9,138.8,163.9
3932,5.0,15.0,33.0,52.0,6.46,14.14,9.7,0,1.2,32.1,123.0
3939,2.0,6.0,66.0,29.0,5.64,13.27,20.1,0,1.9,22.2,112.5
3947,12.0,19.0,16.0,64.0,5.62,14.68,13.3,0,1.6,34.0,297.2
3962,3.0,6.0,66.0,27.0,6.21,13.26,16.6,0,1.7,85.1,54.5
3965,4.0,7.0,64.0,28.0,5.96,14.43,13.2,0,1.3,63.5,48.1
3974,13.0,21.0,12.0,66.0,6.49,13.73,10.5,0,1.3,45.9,251.9
3977,13.0,22.0,16.0,62.0,6.27,14.39,16.3,0,1.4,47.0,124.7
3990,4.0,8.0,60.0,32.0,5.53,11.31,27.5,0,2.4,30.6,59.6
3999,5.0,13.0,53.0,34.0,5.61,19.42,12.0,0,1.3,62.2,79.0
4005,17.0,15.0,40.0,45.0,6.06,11.0,15.0,0,1.6,82.6,261.9
4073,43.0,37.0,14.0,49.0,5.53,16.25,61.1,1,4.7,7.5,142.8
4077,19.0,19.0,29.0,52.0,5.58,17.59,33.0,0,3.9,10.3,94.7
4096,19.0,26.0,14.0,60.0,5.61,15.74,22.6,0,2.9,16.1,53.0
4100,27.0,29.0,15.0,56.0,5.57,18.22,36.5,2,2.3,0.0,49.8
4187,18.0,8.0,51.0,41.0,5.74,13.07,73.4,0,5.5,15.8,127.0
4206,10.0,10.0,40.0,50.0,5.53,11.57,30.9,0,3.1,10.6,29.0
4227,14.0,14.0,30.0,56.0,6.2,15.09,38.2,0,4.7,8.2,75.3
4228,18.0,15.0,33.0,52.0,5.79,14.47,32.6,0,3.6,9.8,160.8
4241,39.0,18.0,34.0,48.0,5.54,19.61,78.1,1,8.5,39.4,292.8
4250,,,,,5.79,12.08,35.8,0,3.6,51.6,298.6
4304,,,,,6.38,13.77,10.3,0,1.5,16.7,63.5
4307,,,,,6.07,12.71,17.7,0,1.5,63.0,77.3
4311,,,,,6.4,16.13,18.4,0,2.2,33.9,135.4
4320,,,,,5.94,13.01,39.8,0,3.5,26.2,106.0
4338,,,,,6.24,17.38,12.1,0,1.6,89.2,164.4
4373,,,,,6.27,11.12,17.7,1,2.1,8.5,128.2
4425,,,,,6.38,15.93,19.5,0,2.1,50.1,341.3
4429,,,,,6.17,13.93,20.2,0,2.3,29.1,177.8
4432,,,,,5.78,16.27,101.1,0,7.6,73.8,217.3
4436,,,,,6.45,15.41,14.0,0,1.6,40.4,163.9
4442,,,,,5.65,19.99,30.7,0,2.8,30.7,136.5
4473,,,,,6.0,11.57,42.2,0,4.4,17.6,273.0
4485,,,,,6.26,17.77,11.9,0,1.3,42.2,66.3
4513,,,,,5.73,17.74,23.8,0,2.5,42.7,111.2
4580,,,,,5.83,11.9,30.3,0,2.4,50.1,171.3
4582,,,,,6.3,15.6,7.7,0,1.0,34.5,115.9
4585,,,,,5.5,10.54,2.7,0,0.5,12.4,75.2
4588,,,,,5.56,14.83,55.9,0,5.6,145.5,320.5
4590,,,,,6.47,18.92,39.4,0,3.6,56.3,215.2
4595,,,,,6.11,19.47,16.4,0,2.0,71.6,226.4
4600,,,,,6.36,18.3,19.8,3,2.1,38.4,134.4
4602,,,,,5.7,15.27,17.0,0,1.9,19.8,136.4
4605,,,,,5.94,18.77,56.0,0,4.6,54.8,91.8
4609,,,,,5.71,13.14,58.2,0,5.9,42.1,105.8
4648,,,,,6.4,15.72,23.9,1,2.5,37.7,309.0
4682,,,,,6.05,14.73,33.0,1,3.1,102.4,191.5
4693,,,,,6.22,10.27,29.6,1,3.0,31.7,57.5
4696,,,,,5.68,14.57,66.0,0,5.6,39.0,248.5
4700,,,,,5.82,11.19,53.6,0,5.5,60.8,321.6
4704,,,,,5.84,10.04,37.1,0,3.7,30.3,100.7
4710,,,,,6.25,18.23,14.9,0,1.6,89.9,201.6
4711,,,,,6.4,18.81,12.3,0,1.5,20.7,97.1
4713,,,,,6.28,15.35,17.4,0,1.7,20.8,129.1
4716,,,,,5.98,15.14,53.0,0,5.1,24.4,436.1
4744,,,,,5.5,19.45,46.4,0,2.6,23.5,48.7
4780,,,,,6.46,15.09,30.8,2,3.3,28.5,135.4
4783,,,,,6.09,11.67,25.5,0,3.0,29.4,159.6
4787,,,,,6.23,12.76,49.4,1,4.9,22.9,301.1
4788,,,,,5.88,12.72,16.8,0,2.0,36.1,258.4
4795,,,,,5.93,15.71,28.0,0,3.3,69.0,209.6
4799,,,,,5.77,12.55,43.5,0,4.7,15.4,216.4
4816,,,,,5.82,10.89,22.4,0,2.7,17.2,85.4
4828,,,,,5.73,11.52,34.3,0,3.3,20.3,140.3
4843,,,,,6.2,10.22,25.7,1,2.3,6.5,237.2
4853,,,,,6.42,13.1,26.9,1,2.9,6.0,138.9
4883,,,,,6.34,10.04,40.8,1,3.3,9.4,435.4
4888,,,,,5.63,10.15,30.5,0,2.7,13.7,147.8
4909,,,,,5.62,19.65,28.0,0,3.0,9.8,188.8
4917,,,,,6.1,17.66,38.1,0,3.5,39.4,337.9
4920,,,,,5.98,17.84,14.0,0,1.6,59.4,247.5
4925,,,,,5.62,12.02,15.4,0,1.6,23.9,140.1
4934,,,,,5.55,18.09,21.2,0,2.6,38.0,184.5
4937,,,,,5.75,10.04,28.3,0,2.4,12.6,175.5
4945,,,,,5.57,12.54,36.1,0,2.8,34.7,281.8
4946,,,,,6.35,18.14,85.1,3,5.5,9.2,113.1
4950,,,,,5.78,14.67,17.3,0,2.4,15.8,157.8
4967,,,,,6.47,12.22,24.3,1,2.7,33.6,173.4
4971,,,,,6.05,10.35,10.1,0,1.1,38.2,219.8
4978,,,,,6.17,12.21,19.4,0,2.3,21.0,125.3
4979,,,,,6.18,13.93,50.5,0,3.4,23.0,561.8
4987,,,,,6.28,15.29,42.1,3,4.4,7.3,83.6
4990,,,,,5.99,10.9,14.6,0,1.8,30.3,215.3
5001,,,,,5.76,11.25,29.5,0,3.0,45.4,234.4
5007,,,,,5.72,15.18,48.2,0,3.6,26.0,531.9
5016,,,,,6.07,12.31,35.9,0,3.3,34.9,366.4
5033,,,,,6.33,10.1,37.6,1,4.0,6.2,153.9
5052,,,,,6.31,11.8,58.1,2,4.4,6.7,123.1
5066,,,,,6.28,10.49,22.3,0,2.5,34.0,173.4
5075,,,,,5.63,11.93,45.0,0,5.1,33.8,147.8
5083,,,,,6.02,10.48,35.4,0,4.0,17.1,338.3
5095,,,,,6.14,16.24,71.1,11,4.0,15.3,120.2
5097,,,,,5.77,12.93,48.7,0,5.3,18.9,136.3
5098,,,,,6.1,14.19,60.6,0,5.8,8.3,92.7
5099,,,,,6.28,11.35,30.8,2,3.3,42.1,206.8
5106,,,,,5.52,17.71,48.6,0,5.0,29.7,110.2
5107,,,,,5.73,10.93,56.2,0,4.0,8.1,178.0
5132,,,,,6.05,18.09,87.2,0,7.3,6.9,263.5
5149,,,,,5.53,20.0,116.7,1,6.5,14.1,80.5
5448,,,,,5.5,18.63,416.9,0,19.2,21.1,89.9
5510,,,,,5.76,16.24,173.5,0,8.3,24.4,95.2
5549,,,,,6.03,18.75,261.2,1,11.6,15.2,72.0
5671,,,,,5.98,14.73,124.5,0,9.7,24.1,86.3
5726,,,,,6.21,15.98,19.6,0,2.2,28.9,121.9
5795,,,,,6.21,12.43,61.0,0,3.9,11.4,70.3
5797,,,,,5.84,12.53,33.1,0,3.7,11.7,156.9
5802,,,,,5.82,19.44,80.1,0,6.6,24.6,412.2
5803,,,,,5.57,18.71,46.0,0,4.4,43.2,228.5
5804,,,,,5.8,12.39,45.6,0,3.1,21.9,208.8
5817,,,,,6.43,15.73,22.3,0,2.8,27.9,231.0
5819,,,,,5.57,10.57,26.4,0,2.7,59.7,189.3
5844,,,,,5.89,19.55,26.7,0,2.6,10.8,229.3
5903,,,,,6.15,18.19,19.1,0,2.1,27.7,42.9
5911,,,,,6.16,12.83,12.1,0,1.5,64.9,96.5
5912,,,,,5.72,11.04,17.4,0,2.3,35.0,83.3
5915,,,,,5.63,18.08,12.1,0,1.5,43.4,57.9
5965,,,,,5.76,19.27,21.1,0,2.1,39.3,126.1
5970,,,,,5.54,18.4,33.6,0,3.3,20.1,250.0
5991,,,,,5.59,14.29,124.4,0,6.6,32.5,155.7
6360,,,,,5.88,16.79,11.0,0,1.4,9.1,162.7
6531,,,,,5.73,16.69,16.0,0,2.1,33.7,117.7
6532,,,,,6.14,19.3,13.1,0,1.5,42.3,116.2
6537,,,,,5.9,18.33,17.5,0,2.3,8.4,88.4
6539,,,,,5.97,16.76,17.4,0,2.0,18.4,75.9
6679,,,,,5.74,19.42,16.9,0,1.8,173.9,191.0
6691,,,,,6.4,11.84,32.6,0,3.7,21.2,41.0
6712,,,,,6.15,19.52,20.7,0,2.2,21.3,174.8
6722,,,,,5.54,12.77,27.3,0,1.6,5.7,108.0
6749,,,,,6.49,19.33,16.1,1,1.8,20.7,138.8
6757,,,,,5.77,14.41,14.0,0,1.6,61.2,97.4
6814,,,,,6.05,13.52,19.0,0,2.3,69.4,195.9
6826,,,,,5.62,13.68,135.7,0,6.8,10.2,212.3
6992,,,,,5.76,16.12,18.4,0,1.9,97.2,203.9
7001,,,,,5.66,12.9,20.2,0,2.0,14.4,200.8
7013,,,,,5.58,12.44,10.3,0,1.3,15.2,72.4
7023,,,,,6.03,15.74,27.0,0,2.6,16.5,226.8
7025,,,,,5.92,11.85,16.4,1,1.9,5.1,177.4
7032,,,,,5.7,13.83,24.2,0,2.3,20.2,405.2
7042,,,,,5.66,14.15,26.4,0,2.6,96.0,213.3
7048,,,,,6.2,13.7,19.4,1,2.1,25.8,155.5
7073,,,,,6.11,17.03,21.5,0,2.3,28.2,90.5
7079,,,,,5.64,13.17,15.1,0,1.8,43.9,203.5
7087,,,,,5.77,10.93,16.9,1,1.7,30.2,192.4
7097,,,,,5.5,16.82,18.6,0,2.1,28.1,148.6
7118,,,,,6.33,17.97,17.1,1,1.9,165.5,469.7
7131,,,,,6.15,12.65,16.1,0,1.5,13.3,244.5
7134,,,,,6.35,10.43,18.2,0,2.3,0.0,212.9
7136,,,,,6.22,15.11,16.6,0,1.9,6.2,259.9
7137,,,,,6.29,12.5,14.8,0,1.9,12.9,186.6
7138,,,,,5.67,13.98,13.4,0,1.6,11.8,222.1
7150,,,,,6.17,19.43,25.1,0,3.0,5.0,193.9
7151,,,,,5.57,11.87,13.1,0,1.5,9.8,165.6
7153,,,,,5.57,12.58,14.2,0,1.5,17.7,244.6
7157,,,,,6.06,10.53,20.9,0,1.9,10.7,300.8
7158,,,,,6.05,16.22,16.6,0,1.7,7.4,155.0
7161,,,,,5.61,15.26,26.4,0,2.5,6.7,191.2
7164,,,,,6.21,16.88,16.5,0,1.9,20.1,241.4
7201,,,,,6.11,13.98,11.6,0,1.2,46.1,193.3
7204,,,,,5.86,10.3,17.2,0,1.7,10.0,188.7
7225,,,,,5.75,10.04,28.5,0,2.8,10.5,213.9
7226,,,,,6.08,19.4,120.0,0,11.8,374.0,3750.7
7234,,,,,5.88,16.47,21.8,0,2.1,0.0,137.6
7247,,,,,6.17,10.09,14.1,0,1.6,27.0,276.9
7266,,,,,6.18,19.5,31.1,0,3.6,12.3,382.1
7273,,,,,5.67,14.51,20.2,0,2.4,17.4,157.7
7276,,,,,6.14,14.26,19.5,0,2.2,13.5,369.8
7281,,,,,5.84,18.5,24.6,0,2.6,18.2,286.8
7282,,,,,5.76,14.83,15.5,0,1.9,43.5,286.2
7284,,,,,5.82,17.1,18.8,0,2.2,23.8,190.5
7286,,,,,5.53,19.73,9.7,0,1.2,15.6,227.0
7304,,,,,5.79,10.15,16.5,0,1.8,4.2,93.5
7313,,,,,6.07,15.58,23.9,0,2.4,7.1,231.0
7321,,,,,6.11,15.05,21.9,0,2.1,20.8,235.2
7324,,,,,5.6,10.93,10.1,0,1.2,6.4,122.5
7325,,,,,6.18,17.16,17.6,0,2.0,18.7,232.7
7333,,,,,6.3,15.34,23.5,0,2.5,174.5,740.3
7337,,,,,5.86,17.6,14.5,0,1.7,36.1,222.3
7338,,,,,6.17,10.75,25.2,0,2.4,7.5,270.0
7342,,,,,6.14,15.68,13.0,0,1.6,27.4,152.3
7346,,,,,5.8,10.41,19.2,0,2.4,7.3,136.1
7350,,,,,6.08,14.95,33.4,0,3.1,4.2,278.6
7351,,,,,5.65,10.11,43.2,0,3.8,4.6,352.1
7356,,,,,6.12,10.02,26.9,0,2.5,12.2,379.0
7363,,,,,6.41,12.5,24.1,0,2.4,6.5,281.2
7364,,,,,6.36,13.61,22.5,0,2.6,43.8,253.2
7370,,,,,5.79,19.79,11.5,0,1.4,8.1,286.7
7374,,,,,6.28,12.74,14.5,1,1.6,14.9,183.3
7387,,,,,5.68,12.47,16.4,0,1.7,14.5,105.7
7389,,,,,5.69,12.49,17.4,0,2.1,9.5,152.4
7391,,,,,5.88,11.8,18.7,0,1.8,5.7,201.9
7404,,,,,6.19,10.2,14.1,0,1.6,19.0,185.1
7421,,,,,5.53,16.92,17.2,0,1.9,25.2,347.4
7427,,,,,6.03,17.69,27.1,0,2.5,24.1,266.9
7432,,,,,6.16,13.87,17.3,0,2.1,4.9,151.0
7444,,,,,6.48,10.29,13.1,0,1.3,0.0,180.7
7470,,,,,6.01,10.5,21.0,0,2.0,6.3,192.0
7476,,,,,5.98,18.77,23.9,0,2.5,12.8,192.9
7481,,,,,6.26,14.84,13.4,0,1.6,54.3,352.6
7487,,,,,6.21,15.7,10.1,0,1.2,34.7,224.2
7493,,,,,5.74,13.87,24.2,0,2.7,7.8,582.9
7496,,,,,5.77,11.6,20.2,0,1.8,23.2,220.9
7504,,,,,5.81,10.82,13.7,0,1.4,17.0,225.9
7506,,,,,5.71,15.69,15.3,0,1.7,25.2,180.7
7516,,,,,5.54,12.86,21.4,0,2.1,9.4,132.7
7519,,,,,5.5,12.22,16.4,0,1.8,0.0,112.9
7536,,,,,6.19,14.89,21.2,0,2.4,6.1,449.9
7538,,,,,6.25,13.02,31.3,0,3.4,6.2,422.4
7539,,,,,5.83,14.75,16.6,0,1.8,19.4,217.8
7543,,,,,5.78,14.58,11.8,0,1.4,51.0,180.4
7544,,,,,6.01,18.1,26.5,0,2.8,11.0,206.7
7559,,,,,5.83,13.55,8.1,0,1.0,17.6,87.7
7566,,,,,5.95,18.61,33.3,0,2.9,10.4,349.5
7571,,,,,5.96,16.21,24.4,0,2.4,19.9,421.9
7578,,,,,5.87,18.8,21.8,0,2.5,116.0,208.5
7592,,,,,5.68,10.49,16.4,0,2.0,59.1,161.9
7597,,,,,6.23,13.43,14.6,0,1.6,19.0,129.1
7604,,,,,6.16,14.77,16.3,0,1.8,11.8,171.8
7609,,,,,5.61,11.95,30.5,0,3.4,4.8,103.8
7615,,,,,5.86,15.41,20.7,0,2.1,16.5,197.1
7622,,,,,5.8,17.6,18.5,0,2.1,12.6,199.4
7627,,,,,5.59,16.5,21.5,0,2.8,9.9,100.6
7628,,,,,6.24,13.3,16.1,0,1.8,6.0,94.7
7646,,,,,6.18,12.15,18.1,0,1.9,30.4,287.9
7649,,,,,6.18,15.27,14.8,0,1.6,21.2,133.3
7659,,,,,5.71,11.36,19.0,0,1.6,11.0,253.6
7662,,,,,5.96,14.37,24.5,0,1.9,14.6,238.2
7663,,,,,6.1,10.22,13.2,1,1.3,9.2,337.2
7664,,,,,6.04,17.71,16.4,0,1.9,12.3,69.8
7668,,,,,6.3,15.17,28.7,0,2.8,26.7,485.9
7669,,,,,5.95,13.19,24.0,0,2.3,15.9,374.5
7684,,,,,6.24,12.63,13.3,0,1.5,55.7,468.0
7687,,,,,5.98,18.4,50.7,0,3.4,54.1,437.1
7690,,,,,6.06,10.26,7.1,0,0.9,10.7,76.1
7699,,,,,5.95,17.43,10.5,0,1.4,15.0,99.1
7701,,,,,6.47,17.2,30.4,0,3.2,6.1,476.2
7710,,,,,5.59,10.86,23.7,0,2.3,12.6,298.5
7715,,,,,5.53,18.16,21.2,0,2.3,23.5,166.9
7724,,,,,6.25,19.22,16.3,0,1.9,36.8,338.5
7725,,,,,5.82,16.68,11.0,0,1.5,7.6,56.0
7732,,,,,6.5,15.26,18.8,1,2.0,8.1,175.2
7734,,,,,6.36,11.7,19.6,0,1.9,5.8,190.9
7742,,,,,5.78,12.95,17.4,1,1.7,13.4,163.8
7743,,,,,5.65,16.02,38.4,1,3.6,14.8,280.2
7744,,,,,6.42,18.36,20.6,0,2.2,71.2,471.1
7750,,,,,6.31,20.0,20.5,1,2.2,91.2,693.6
7758,,,,,6.48,18.46,61.8,0,5.5,16.5,511.1
7763,,,,,5.95,11.05,42.6,0,4.0,5.9,278.5
7764,,,,,6.08,14.66,13.2,0,1.4,18.0,146.8
7768,,,,,5.64,15.28,20.1,0,2.0,15.5,240.5
7772,,,,,5.64,12.57,35.0,0,3.1,18.8,277.2
7773,,,,,6.1,13.52,16.8,0,2.0,8.7,176.9
7775,,,,,5.68,13.13,14.0,0,1.5,42.1,250.5
7786,,,,,5.85,10.14,16.8,0,1.9,0.0,65.2
7793,,,,,6.39,13.43,16.6,0,1.7,18.8,146.7
7797,,,,,6.21,14.41,15.9,10,1.7,7.0,146.9
7804,,,,,5.97,17.75,17.5,0,1.9,19.4,218.9
7806,,,,,6.17,13.05,20.5,0,2.5,98.7,317.7
7810,,,,,6.34,10.01,12.4,0,1.8,10.8,113.2
7813,,,,,6.25,19.77,20.8,0,2.4,8.1,77.7
7818,,,,,5.51,12.74,10.7,0,1.5,6.5,149.5
7821,,,,,5.79,12.95,16.1,0,1.8,10.5,178.2
7826,,,,,6.04,10.8,15.8,0,1.6,4.6,194.9
7838,,,,,5.61,14.34,10.4,0,1.3,10.6,155.0
7840,,,,,6.06,10.75,20.7,0,1.9,7.4,213.4
7842,,,,,6.07,10.39,13.2,0,1.3,8.2,129.0
7844,,,,,6.27,11.63,15.2,0,1.6,5.5,244.9
7860,,,,,5.83,11.17,18.3,0,1.9,24.1,217.5
7885,,,,,5.68,13.01,10.4,0,1.4,14.5,127.8
7889,,,,,5.66,19.92,18.2,0,2.0,24.1,117.3
7907,,,,,5.99,12.65,20.5,0,1.9,11.5,215.8
7908,,,,,5.78,12.88,15.9,0,2.2,0.0,67.3
7930,,,,,5.96,12.82,11.3,0,1.1,7.9,66.9
7960,,,,,5.78,11.27,27.7,0,2.7,6.9,147.6
7963,,,,,6.28,12.24,11.3,0,1.3,20.1,69.1
7964,,,,,6.37,16.14,35.2,0,3.3,18.7,304.1
7966,,,,,5.83,18.84,19.7,0,2.1,13.6,100.7
7973,,,,,5.51,13.15,15.8,0,1.6,21.2,233.4
7983,,,,,5.73,14.89,33.6,0,2.0,5.0,116.1
8133,,,,,5.86,17.04,34.3,0,3.7,13.1,139.7
8148,,,,,6.37,12.31,4.2,0,0.5,33.9,60.8
8149,,,,,6.3,10.56,3.7,0,0.5,58.4,45.9
8203,,,,,5.51,13.3,16.2,0,1.8,17.2,156.5
8255,,,,,5.7,13.4,18.9,0,1.8,10.1,153.9
8257,,,,,6.17,10.7,10.5,0,1.1,29.8,96.3
8262,,,,,5.92,19.37,63.3,0,4.9,73.9,413.8
8269,,,,,5.51,10.15,25.5,0,2.5,25.5,125.2
8290,,,,,6.5,10.42,40.0,0,3.7,13.5,111.7
8291,,,,,6.02,14.24,51.4,0,3.9,21.1,331.4
8299,,,,,5.73,11.01,22.6,0,2.1,10.3,112.9
8300,,,,,6.04,10.34,12.5,0,1.5,10.4,43.9
8302,,,,,6.35,12.93,28.1,0,2.4,49.1,257.2
8320,,,,,6.43,14.11,21.6,1,2.4,7.7,112.6
8340,,,,,6.37,19.72,17.9,2,2.0,12.4,355.6
8344,,,,,6.27,13.96,25.4,0,2.6,6.9,98.1
8355,,,,,6.32,12.41,12.2,0,1.4,5.2,220.4
8371,,,,,6.33,14.17,9.7,0,1.1,54.6,177.7
8375,,,,,6.12,13.33,8.1,0,0.9,11.0,61.0
8376,,,,,6.36,10.52,17.6,2,2.1,99.4,176.5
8396,,,,,5.81,14.81,21.9,0,2.3,3.4,150.0
8443,,,,,6.18,10.49,8.4,0,1.0,15.8,68.4
8446,,,,,6.34,13.96,17.5,0,2.0,45.3,148.6
8453,,,,,6.09,17.49,9.7,0,1.1,35.6,119.7
8459,,,,,5.75,15.3,29.7,1,3.2,16.6,88.6
8460,,,,,5.76,11.9,9.6,0,1.1,45.9,55.8
8468,,,,,6.16,10.61,8.2,0,0.9,33.6,72.5
8484,,,,,6.28,18.05,8.7,1,1.1,33.2,180.0
8488,,,,,5.59,19.91,5.4,1,0.7,39.0,137.8
8489,,,,,6.27,19.7,9.0,0,1.1,34.3,162.2
8490,,,,,6.45,13.34,9.4,1,1.2,57.7,179.5
8492,,,,,5.85,19.83,7.6,0,0.9,54.6,126.8
8495,,,,,6.4,14.54,8.4,1,1.0,40.6,209.1
8501,,,,,6.3,16.21,17.5,0,1.9,46.8,160.0
8502,,,,,6.24,16.44,18.1,0,2.1,53.0,221.9
8504,,,,,6.44,19.46,14.1,0,1.4,45.6,147.3
8507,,,,,5.86,16.07,12.8,0,1.5,46.3,220.6
8516,,,,,5.86,11.99,9.8,0,1.1,55.8,155.9
8521,,,,,5.61,11.72,15.6,0,1.8,24.9,52.0
8538,,,,,6.27,12.78,19.2,0,1.7,61.4,74.7
8584,,,,,5.92,19.01,6.5,0,0.8,67.1,178.5
8586,,,,,5.82,10.3,10.2,0,0.9,40.3,76.2
8588,,,,,6.38,11.07,18.3,0,2.1,26.0,72.4
8596,,,,,6.16,18.2,6.4,0,0.8,37.4,123.7
8611,,,,,5.9,15.14,11.4,0,1.2,101.0,176.5
8617,,,,,6.19,11.22,8.2,0,0.9,14.8,28.5
8618,,,,,6.49,18.43,7.9,0,0.9,42.7,209.2
8619,,,,,5.71,15.0,37.8,0,3.9,27.5,424.4
8624,,,,,5.75,18.81,9.1,1,1.1,57.1,207.6
8631,,,,,6.16,13.7,16.8,0,1.9,18.7,131.4
8640,,,,,6.07,10.26,10.4,0,1.3,36.5,186.4
8641,,,,,6.45,16.84,15.1,0,1.7,107.4,354.2
8644,,,,,6.09,18.41,10.4,0,1.4,22.3,73.0
8654,,,,,6.13,13.24,12.2,0,1.3,43.8,106.1
8662,,,,,5.56,10.39,14.9,0,1.6,12.7,72.4
8687,,,,,6.28,13.78,4.7,0,0.6,46.9,119.1
8691,,,,,6.31,16.31,16.8,0,1.4,79.2,102.5
8712,,,,,6.43,17.74,9.1,1,1.1,50.8,99.5
8730,,,,,6.5,14.13,7.8,3,0.8,76.1,124.6
8734,,,,,6.45,13.7,9.5,1,1.2,50.7,101.6
8747,,,,,6.16,12.59,7.0,1,0.8,58.0,73.1
8772,,,,,5.65,12.36,6.5,0,0.9,66.2,72.5
8793,,,,,6.12,11.78,6.6,0,0.9,30.7,165.8
8802,,,,,5.64,10.74,10.1,0,1.3,63.0,172.2
8804,,,,,5.71,18.18,15.5,0,1.9,19.5,131.1
8807,,,,,5.88,10.23,22.1,0,2.4,20.1,36.1
8810,,,,,6.48,11.08,7.7,0,0.9,38.1,104.9
8816,,,,,5.9,12.96,10.8,0,1.4,64.3,12.2
8838,,,,,5.64,15.43,10.3,0,0.9,42.3,48.5
8848,,,,,5.8,14.62,15.3,0,1.6,67.5,173.3
8858,,,,,6.01,11.41,8.1,0,0.9,54.8,24.2
8860,,,,,5.82,13.38,9.2,0,1.1,34.9,32.0
8875,,,,,6.16,14.05,48.3,0,4.6,60.9,60.3
8882,,,,,6.0,16.07,10.4,0,1.4,37.7,70.2
8891,,,,,5.69,16.77,9.9,0,1.2,75.4,157.8
8900,,,,,5.52,11.57,11.8,0,1.2,52.6,35.4
8902,,,,,5.94,19.87,11.4,0,1.4,40.1,38.8
8906,,,,,5.56,11.94,6.1,0,0.7,69.9,52.3
8909,,,,,6.43,11.13,13.9,1,1.6,31.2,204.8
8919,,,,,6.31,18.11,11.8,1,1.5,54.4,163.4
8925,,,,,6.33,13.42,10.5,0,1.1,68.2,60.3
8926,,,,,6.45,11.8,10.0,0,1.2,41.6,48.2
8927,,,,,6.34,10.25,4.8,0,0.7,47.6,112.4
8963,,,,,6.4,13.4,7.2,0,0.8,57.3,152.9
8966,,,,,6.4,12.4,9.6,13,1.2,69.2,97.0
8974,,,,,6.11,14.2,9.5,0,1.3,26.7,22.1
8986,,,,,6.0,19.72,21.2,0,2.1,64.3,218.6
8994,,,,,6.36,15.71,14.5,0,1.8,17.7,20.3
8999,,,,,6.49,13.05,11.0,0,1.2,54.3,89.7
9051,,,,,5.85,13.55,9.2,0,1.1,50.1,160.3
9064,,,,,5.55,15.56,7.6,0,1.0,70.6,70.3
9065,,,,,5.5,13.36,11.1,0,1.1,31.6,61.3
9083,,,,,5.57,11.67,9.2,0,0.9,19.5,8.4
9095,,,,,6.45,17.02,12.6,0,1.6,52.6,194.8
9099,,,,,5.86,13.47,12.8,0,1.7,71.1,86.1
9100,,,,,5.99,19.71,33.9,0,3.6,53.0,84.0
9101,,,,,5.57,14.28,38.5,0,3.9,23.8,18.7
9106,,,,,5.61,12.74,9.6,0,1.1,59.5,79.5
9118,,,,,6.12,10.89,10.8,0,1.2,82.5,100.0
9120,,,,,5.69,14.42,10.2,0,1.1,46.2,86.3
9128,,,,,5.62,14.56,8.4,0,1.0,20.2,40.7
9137,,,,,6.43,13.01,16.1,0,2.0,15.9,99.7
9144,,,,,5.57,15.82,10.2,0,1.0,47.4,74.9
9151,,,,,5.97,13.44,5.0,0,0.6,37.2,88.2
9152,,,,,6.44,18.5,8.0,0,1.0,33.9,83.2
9165,,,,,5.7,13.72,7.8,0,0.9,30.2,89.0
9191,,,,,5.97,15.63,13.8,1,1.4,18.9,161.6
9197,,,,,5.5,16.53,12.2,0,1.4,23.6,90.4
9203,,,,,6.28,19.82,7.5,3,1.1,89.6,139.4
9204,,,,,5.71,16.12,14.3,1,1.6,63.4,29.8
9205,,,,,6.17,18.47,6.9,3,0.8,83.5,42.8
9207,,,,,5.63,18.94,11.1,2,1.2,54.3,54.5
9224,,,,,6.01,15.85,17.3,1,1.8,77.2,249.8
9242,,,,,6.01,13.05,8.0,2,1.1,9.1,55.5
9257,,,,,5.62,13.7,11.9,1,1.2,110.4,212.0
9278,,,,,6.23,14.54,15.3,0,1.6,56.0,59.1
9280,,,,,5.82,17.99,10.8,1,1.2,47.5,64.5
9284,,,,,5.7,19.92,32.0,1,2.4,69.9,132.4
9291,,,,,6.27,15.3,12.8,0,1.5,26.7,47.1
9301,,,,,5.66,10.55,11.6,0,1.1,93.5,117.0
9310,,,,,6.16,15.61,16.8,0,1.7,19.1,94.2
9323,,,,,5.7,12.13,9.8,0,1.3,27.2,150.3
9331,,,,,6.0,16.35,19.0,0,2.1,27.5,193.7
9333,,,,,6.35,13.66,12.1,0,1.5,21.6,100.4
9337,,,,,6.03,14.64,12.2,0,1.5,28.2,81.0
9338,,,,,6.47,11.43,38.1,0,3.3,16.0,308.4
9355,,,,,5.78,14.73,16.3,0,1.7,48.0,86.6
9359,,,,,6.14,14.24,12.4,0,1.3,45.7,173.4
9375,,,,,5.93,12.86,25.6,0,2.5,32.6,107.1
9379,,,,,6.42,11.29,13.6,1,1.6,53.6,185.1
9420,,,,,5.53,14.05,6.4,0,0.9,13.8,7.8
9426,,,,,5.82,11.77,8.9,0,1.1,78.5,47.0
9438,,,,,5.56,10.47,34.7,0,2.7,54.3,157.0
9440,,,,,5.5,11.34,10.7,0,1.1,42.1,38.1
9442,,,,,5.63,13.78,7.0,0,0.9,90.3,101.5
9492,,,,,6.11,10.11,11.6,0,1.3,22.9,17.3
9494,,,,,5.9,13.16,7.7,0,0.9,47.0,104.3
9497,,,,,5.9,10.15,8.7,0,1.0,57.7,46.8
9501,,,,,5.77,16.5,42.4,0,3.6,16.3,12.4
9502,,,,,6.26,11.52,9.2,0,0.9,27.8,21.1
9503,,,,,5.78,14.68,7.0,0,0.9,11.0,25.2
9524,,,,,5.87,18.89,12.3,2,1.6,30.3,91.6
9529,,,,,5.7,11.36,18.0,1,2.2,18.0,323.9
9550,,,,,5.65,10.92,21.7,1,2.6,20.1,68.8
9552,,,,,5.74,14.21,10.7,1,1.3,24.1,161.4
9553,,,,,5.94,10.29,10.0,1,1.1,30.3,156.4
9565,,,,,5.99,18.67,47.5,1,4.4,72.6,55.1
9570,,,,,5.64,19.82,10.3,1,1.2,68.7,132.4
9598,,,,,5.61,18.54,9.0,0,1.0,47.9,229.5
9623,,,,,6.01,11.07,10.9,0,1.2,27.3,93.0
9626,,,,,5.59,12.68,33.0,8,3.7,35.4,22.4
9629,,,,,6.26,11.46,10.6,0,1.2,56.9,114.8
9636,,,,,6.06,13.6,8.1,0,1.1,114.6,172.7
9637,,,,,5.7,16.77,12.3,1,1.6,40.7,72.8
9645,,,,,5.57,18.37,7.3,0,0.9,77.4,54.2
9649,,,,,6.43,18.73,10.4,0,1.3,20.9,120.0
9710,,,,,6.36,13.12,10.9,0,1.1,19.9,71.5
9715,,,,,6.05,16.7,8.5,0,1.0,50.5,170.5
9734,,,,,6.34,16.18,17.9,0,2.0,58.9,288.2
9752,,,,,5.64,15.46,23.0,0,1.5,47.6,24.6
9758,,,,,5.63,11.95,27.9,1,2.1,130.0,80.9
9761,,,,,6.06,14.97,15.0,0,1.6,76.2,157.0
9781,,,,,5.67,10.79,5.8,0,0.8,75.8,45.8
9784,,,,,6.0,19.11,80.6,0,4.6,93.2,484.0
9864,,,,,5.56,14.92,26.8,0,1.6,7.9,135.5
9865,,,,,5.83,13.25,46.4,0,3.4,18.1,36.8
9874,,,,,6.05,10.38,28.3,0,2.3,9.1,27.2
9885,,,,,5.6,13.47,33.6,0,2.7,18.3,104.3
9888,,,,,6.14,10.14,20.8,0,1.9,36.5,91.1
9906,,,,,5.71,13.87,17.5,0,1.6,14.7,41.6
9922,,,,,6.12,12.5,46.5,0,3.5,14.2,56.1
9925,,,,,6.35,16.92,167.9,0,13.3,27.3,109.1
9938,,,,,5.6,13.51,37.4,0,3.1,0.0,36.4
9952,,,,,5.77,10.79,44.5,0,3.5,26.2,233.4
9954,,,,,6.2,10.46,18.0,0,1.5,60.7,111.2
9972,,,,,5.73,13.35,42.1,0,3.6,31.5,56.6
9976,,,,,5.59,14.25,41.3,0,4.0,14.6,148.0
10030,,,,,6.2,10.01,16.7,0,1.8,18.8,32.5
10031,,,,,6.03,10.43,16.3,7,1.8,7.8,142.4
10038,,,,,5.99,11.74,11.2,0,1.1,7.5,81.6
10039,,,,,6.23,11.02,23.9,0,2.2,12.7,165.6
10067,,,,,6.13,16.42,25.9,0,2.6,9.4,61.2
10073,,,,,6.23,14.03,21.5,0,2.2,49.9,182.5
10084,,,,,6.44,19.51,72.5,0,5.3,35.2,269.2
10103,,,,,5.97,19.98,31.0,0,2.3,18.8,91.8
10120,,,,,5.56,16.19,38.3,0,2.8,14.3,78.9
10163,,,,,6.16,14.1,28.5,0,2.5,7.2,204.5
10165,,,,,6.24,11.23,20.5,7,2.2,62.0,167.6
10167,,,,,6.31,10.66,31.1,1,2.9,6.9,39.8
10181,,,,,5.6,13.44,32.0,0,2.5,9.7,31.5
10225,,,,,6.27,17.5,93.6,0,7.3,30.0,105.8
10228,,,,,6.13,13.07,17.1,0,1.8,35.4,283.7
10242,,,,,6.05,16.13,21.1,1,2.1,23.7,219.1
10250,,,,,5.73,17.23,81.1,0,6.8,27.2,46.6
10266,,,,,6.13,13.9,26.7,1,2.5,10.1,25.3
10267,,,,,6.11,12.85,25.6,0,2.6,11.5,65.1
10273,,,,,6.5,18.05,82.8,1,6.1,18.4,101.9
10276,,,,,5.52,11.19,14.0,0,1.6,7.6,69.9
10277,,,,,6.03,11.83,9.5,0,1.2,27.6,105.7
10280,,,,,5.96,13.47,52.8,0,4.5,17.3,75.8
10282,,,,,6.13,14.1,18.3,0,2.1,18.1,223.9
10318,,,,,5.96,16.8,70.1,0,5.2,21.4,66.7
10338,,,,,5.64,11.47,14.5,0,1.6,12.7,98.7
10343,,,,,6.2,10.38,20.6,0,2.3,39.3,108.5
10346,,,,,5.5,11.66,12.3,1,1.3,60.8,57.0
10372,,,,,5.95,14.0,35.8,1,3.7,15.6,84.5
10378,,,,,5.91,10.66,24.6,0,2.5,37.0,101.5
10398,,,,,5.72,11.01,14.8,1,1.6,10.2,49.7
10402,,,,,6.46,10.92,12.7,0,1.5,18.2,79.1
10417,,,,,6.47,10.32,27.2,0,2.8,13.8,39.8
10419,,,,,6.05,10.97,32.4,0,3.1,23.9,412.4
10427,,,,,5.78,10.52,17.5,0,1.9,11.7,88.3
10462,,,,,5.75,13.27,20.4,0,2.0,11.6,30.4
10485,,,,,5.84,12.5,51.9,0,4.2,21.2,53.9
10490,,,,,6.4,14.85,29.0,0,2.7,12.5,38.5
10499,,,,,6.4,12.42,17.3,0,1.7,28.7,107.7
10517,,,,,5.77,19.13,11.4,0,1.2,7.4,59.5
10528,,,,,5.92,10.05,20.9,0,2.3,33.2,131.8
10580,,,,,6.02,15.79,18.7,0,1.9,56.8,175.4
10592,,,,,6.33,17.87,25.9,0,2.4,22.4,595.4
10593,,,,,6.4,11.63,8.8,0,0.9,9.2,142.2
10600,,,,,5.98,18.19,36.1,0,3.6,38.5,644.5
10605,,,,,6.1,13.0,7.3,0,1.0,16.2,192.2
10608,,,,,6.3,16.73,12.4,1,1.4,34.8,237.1
10609,,,,,6.01,13.9,28.0,0,2.7,28.3,141.8
10623,,,,,6.17,12.26,10.9,0,1.3,80.9,6798.4
10631,,,,,5.53,11.89,19.5,0,2.1,7.4,390.2
10635,,,,,5.78,14.47,17.4,0,1.3,8.2,119.5
10644,,,,,6.18,16.79,10.3,1,1.1,23.3,278.7
10647,,,,,6.32,11.65,14.7,0,1.6,34.5,204.7
10675,,,,,6.42,14.15,15.6,0,1.7,24.0,268.5
10686,,,,,5.58,18.72,17.3,0,1.7,69.7,420.4
10770,,,,,6.04,17.81,4.5,0,0.6,16.1,43.1
10825,,,,,6.45,14.29,11.9,0,1.5,49.8,203.7
10844,,,,,6.25,10.95,24.3,0,2.7,14.3,128.4
10854,,,,,5.92,10.69,22.5,0,2.5,8.9,100.0
10917,,,,,5.55,18.44,20.6,0,2.2,11.7,178.2
10957,,,,,5.61,14.66,13.5,0,1.5,6.3,136.6
10965,,,,,6.5,16.34,18.7,0,2.1,6.9,287.9
10978,,,,,5.93,13.11,30.8,0,3.5,13.1,188.8
10983,,,,,6.07,13.78,20.0,0,2.2,6.3,448.2
11126,,,,,6.35,11.58,13.1,0,1.3,81.6,729.6
11215,,,,,6.29,11.22,11.7,0,1.6,47.6,221.6
11227,,,,,6.49,12.39,7.0,0,0.9,16.4,39.2
11232,,,,,6.38,11.55,11.2,1,1.3,11.6,210.2
11256,,,,,6.36,17.2,17.8,0,1.9,10.9,647.5
11330,,,,,5.75,12.42,8.6,0,1.3,16.8,54.4
11339,,,,,6.42,11.12,10.2,0,1.3,21.8,51.6
11345,,,,,6.1,11.13,14.7,0,1.7,34.4,255.6
11349,,,,,5.93,13.41,18.0,0,2.3,55.9,80.9
11384,,,,,6.37,12.27,38.3,0,4.1,16.7,446.8
11392,,,,,5.81,14.62,15.8,0,2.4,6.3,70.4
11421,,,,,6.22,18.25,9.1,1,1.2,33.7,100.3
11449,,,,,5.87,17.96,17.3,0,2.0,52.0,197.9
11451,,,,,6.29,12.94,11.1,0,1.6,21.0,113.7
11459,,,,,6.5,11.18,22.6,0,2.5,55.2,134.3
11465,,,,,5.55,18.79,9.0,1,1.4,24.7,104.3
11482,,,,,5.9,14.99,26.5,1,2.4,4.6,264.5
11483,,,,,6.43,10.97,13.1,0,1.7,41.9,95.7
11547,,,,,5.69,14.16,40.4,1,4.6,35.9,200.4
11553,,,,,5.52,10.61,36.4,0,4.2,45.7,208.1
11647,,,,,6.4,18.91,27.5,0,3.2,32.3,277.9
11651,,,,,5.95,12.57,40.6,1,3.3,12.7,99.5
11674,,,,,5.95,14.45,26.8,1,2.7,23.5,490.2
11697,,,,,5.99,11.4,19.1,0,1.9,42.1,216.6
11706,,,,,5.61,10.82,9.8,0,1.1,14.5,120.7
11712,,,,,5.74,14.03,7.9,0,1.1,9.3,113.3
11716,,,,,6.15,10.92,22.9,0,2.5,19.7,186.6
11718,,,,,6.01,11.07,14.5,0,1.8,23.0,307.6
11719,,,,,5.85,14.55,38.2,0,3.8,15.7,177.8
11722,,,,,5.61,14.38,13.8,1,1.9,19.7,94.5
11723,,,,,5.69,12.31,22.1,1,2.4,8.8,210.4
11729,,,,,5.67,10.91,18.6,1,2.1,34.0,392.3
11762,,,,,6.16,12.09,14.3,1,1.8,91.5,281.8
11768,,,,,6.28,15.42,12.0,1,1.5,30.1,185.8
11779,,,,,5.83,11.19,21.8,1,2.8,68.3,543.4
11790,,,,,5.72,15.61,17.7,0,2.3,77.9,362.6
11814,,,,,5.53,11.22,5.6,0,0.7,33.8,64.2
11821,,,,,6.01,10.94,24.9,1,2.6,15.2,114.2
11856,,,,,6.08,12.17,20.2,1,2.3,24.9,142.9
11865,,,,,6.17,12.01,10.8,1,1.5,65.9,210.0
11869,,,,,6.24,11.54,6.1,0,0.8,39.0,90.6
11878,,,,,5.79,16.95,9.0,1,1.1,39.8,121.0
11901,,,,,6.16,10.53,21.2,0,2.2,21.2,236.1
11913,,,,,5.86,11.37,19.7,0,2.0,16.7,167.4
11936,,,,,6.17,13.4,19.6,0,1.9,37.8,301.7
11938,,,,,5.98,11.72,22.0,1,2.5,14.4,206.2
11939,,,,,6.26,15.78,30.4,1,2.9,10.8,232.2
11983,,,,,6.11,11.87,14.2,0,1.7,19.0,89.2
11998,,,,,6.42,10.09,10.1,0,1.2,29.5,91.0
12002,,,,,6.19,15.55,14.7,0,1.8,20.2,120.8
12067,,,,,5.71,11.8,36.3,0,4.2,26.1,222.0
12068,,,,,5.76,11.9,37.8,0,3.9,20.6,207.8
12093,,,,,6.08,13.27,6.2,1,0.8,31.7,248.1
12126,,,,,6.37,14.62,9.8,0,1.2,43.3,154.0
12128,,,,,5.66,15.24,56.4,0,3.6,14.0,208.0
12137,,,,,6.15,11.96,13.9,0,1.7,24.2,54.1
12159,,,,,5.57,19.12,22.8,0,2.7,32.9,218.0
12171,,,,,5.98,15.45,58.9,0,6.4,49.0,757.5
12184,,,,,5.54,10.05,31.4,0,3.3,25.5,330.9
12185,,,,,5.81,10.2,41.8,0,4.1,17.7,117.1
12197,,,,,6.35,18.23,15.2,0,1.9,89.6,577.0
12202,,,,,5.65,11.81,48.1,0,4.6,32.9,274.1
12207,,,,,5.8,11.68,15.0,0,1.8,28.9,158.5
12212,,,,,6.21,18.11,37.8,1,4.3,32.3,89.5
12216,,,,,6.45,18.72,11.3,1,1.4,44.3,184.9
12230,,,,,5.9,12.45,22.0,1,2.3,14.2,102.4
12231,,,,,6.14,10.63,27.1,1,3.0,5.7,131.0
12242,,,,,5.69,12.73,17.6,0,2.0,43.3,71.4
12250,,,,,6.08,12.74,14.1,0,1.8,88.4,95.3
12252,,,,,6.0,12.3,20.0,0,2.4,32.1,225.8
12287,,,,,5.53,17.73,34.2,0,3.7,11.0,74.6
12290,,,,,5.59,11.48,39.9,1,4.0,33.7,183.3
12291,,,,,6.28,12.96,32.9,2,3.3,51.9,336.6
12292,,,,,5.98,11.94,25.2,0,2.7,15.9,139.3
12321,,,,,5.58,18.01,32.9,0,3.2,52.2,409.5
12332,,,,,5.74,19.51,23.0,1,2.6,9.9,106.7
12339,,,,,5.62,15.87,9.9,1,1.5,12.8,34.0
12355,,,,,6.26,10.24,25.3,1,1.7,7.3,91.0
12388,,,,,5.7,12.42,42.4,0,4.6,41.3,159.3
12393,,,,,5.58,16.05,35.1,0,4.0,19.0,163.2
12399,,,,,5.76,10.67,37.4,1,4.0,74.7,285.3
12404,,,,,5.64,15.5,24.3,0,2.7,36.7,260.9
12407,,,,,5.83,17.07,21.9,0,2.3,11.7,198.8
12410,,,,,6.07,10.28,38.6,1,4.5,50.5,241.6
12413,,,,,6.15,14.65,9.5,1,1.2,36.7,127.8
12414,,,,,6.24,10.05,8.2,0,1.1,29.7,97.9
12415,,,,,6.1,11.8,10.3,0,1.3,50.7,95.2
12417,,,,,5.79,19.08,31.3,0,3.7,71.1,338.7
12426,,,,,6.24,18.98,15.5,0,1.8,23.9,91.4
12427,,,,,6.28,11.91,11.8,0,1.5,22.1,89.6
12429,,,,,6.27,18.02,12.7,0,1.8,39.5,147.8
12430,,,,,5.93,13.49,58.0,1,5.1,11.3,99.5
12431,,,,,6.25,10.36,12.1,0,1.5,22.2,103.5
12434,,,,,5.58,14.57,13.6,0,1.7,67.7,292.5
12445,,,,,5.9,15.16,15.6,0,1.8,44.1,117.4
12446,,,,,6.03,11.9,13.7,0,1.6,24.5,99.2
12449,,,,,6.49,12.03,14.7,0,1.8,73.9,363.2
12452,,,,,5.95,16.72,10.0,0,1.4,48.4,90.5
12461,,,,,5.75,16.19,16.9,1,1.9,47.5,200.2
12463,,,,,5.59,19.19,23.3,1,2.6,102.3,277.8
12473,,,,,5.91,19.73,19.6,0,2.5,78.5,191.4
12486,,,,,5.88,19.55,20.0,0,2.6,79.5,213.4
12496,,,,,5.69,10.05,25.2,0,2.8,52.3,291.9
12503,,,,,6.38,16.56,11.7,1,1.6,60.9,34.9
12513,,,,,5.61,11.96,12.5,0,1.6,44.2,95.5
12555,,,,,5.5,20.0,31.1,0,2.8,19.4,107.9
12558,,,,,5.53,13.75,35.8,0,4.3,17.3,111.4
12617,,,,,5.78,19.53,29.9,0,3.4,23.7,76.5
12628,,,,,6.33,13.84,10.8,0,1.3,61.2,268.3
12632,,,,,5.67,18.6,22.8,0,2.7,43.1,116.2
12643,,,,,6.09,18.1,11.4,0,1.3,10.3,77.3
12652,,,,,6.0,13.08,13.7,0,1.4,41.4,119.1
12671,,,,,5.81,15.79,9.6,0,1.3,44.8,157.9
12682,,,,,5.94,19.65,15.6,0,2.0,48.9,209.4
12683,,,,,6.34,17.03,11.7,0,1.4,37.0,101.4
12695,,,,,5.95,14.85,18.7,0,2.0,47.5,136.6
12707,,,,,6.28,13.68,16.5,0,1.9,77.2,226.0
12717,,,,,6.0,18.65,9.6,0,1.4,31.8,63.1
12724,,,,,5.54,16.09,17.3,0,1.9,21.7,67.9
12732,,,,,6.26,15.36,26.0,0,2.1,1.6,176.3
12776,,,,,6.39,11.92,24.3,0,2.6,49.4,42.0
12783,,,,,6.01,13.94,9.8,0,1.2,25.9,167.2
12798,,,,,5.64,12.5,47.1,0,4.7,34.2,111.5
12840,,,,,6.07,14.76,8.7,1,1.2,22.8,80.1
12859,,,,,5.77,10.58,33.1,0,2.4,10.6,92.1
12861,,,,,6.25,17.62,13.9,0,1.8,45.3,169.7
12881,,,,,5.64,17.28,9.1,0,1.2,39.8,112.1
12882,,,,,6.41,19.5,9.8,0,1.3,47.8,166.6
12890,,,,,6.0,15.51,13.6,0,1.6,38.4,162.9
12901,,,,,6.5,10.9,16.8,0,2.0,65.0,176.6
12916,,,,,5.77,15.57,10.8,0,1.2,39.3,140.0
12917,,,,,6.19,10.93,12.3,0,1.5,18.9,140.7
12918,,,,,6.35,15.11,15.7,1,1.8,47.5,128.1
12956,,,,,6.05,10.06,20.8,0,2.1,25.2,261.3
12975,,,,,6.43,15.38,35.3,0,3.5,43.7,88.7
12985,,,,,6.02,12.07,11.3,0,1.4,53.9,181.5
13007,,,,,5.78,12.63,11.9,0,1.5,28.9,70.1
13011,,,,,5.77,10.85,15.6,0,1.9,25.4,238.8
13018,,,,,6.07,10.63,14.2,0,1.8,34.8,109.5
13021,,,,,6.37,17.68,29.8,0,3.2,71.4,484.0
13033,,,,,6.02,17.72,26.8,0,2.8,86.6,220.3
13038,,,,,5.95,12.58,31.5,0,3.6,65.4,293.8
13044,,,,,6.07,14.08,30.9,0,2.9,6.5,161.6
13045,,,,,5.8,10.94,29.9,0,3.6,27.1,80.2
13048,,,,,5.98,11.76,11.3,0,1.4,12.0,172.5
13050,,,,,5.78,10.17,17.7,0,2.1,12.7,86.2
13053,,,,,6.11,17.24,41.7,1,4.7,17.7,217.2
13061,,,,,6.25,13.42,11.7,1,1.4,19.2,207.1
13074,,,,,6.39,17.8,13.1,0,1.5,26.4,228.0
13076,,,,,5.71,10.48,9.0,0,1.3,13.4,127.7
13100,,,,,5.73,18.21,15.0,0,1.8,9.6,52.9
13101,,,,,5.9,12.69,11.7,0,1.6,54.5,168.3
13115,,,,,6.43,10.9,12.7,0,1.6,41.0,205.3
13123,,,,,5.99,15.47,12.9,1,1.7,39.1,230.4
13125,,,,,5.71,11.06,33.4,0,4.1,25.7,129.4
13136,,,,,6.17,11.59,11.3,0,1.3,26.9,153.3
13151,,,,,5.79,13.94,33.2,0,3.8,64.6,243.1
13163,,,,,5.52,14.67,19.3,1,2.1,22.5,161.0
13167,,,,,5.75,11.59,27.3,0,2.7,7.5,44.2
13189,,,,,6.46,13.06,36.1,1,3.6,60.8,477.1
13196,,,,,6.21,16.27,12.6,0,1.7,17.7,68.0
13210,,,,,6.06,14.18,83.7,0,6.2,9.0,369.2
13219,,,,,6.09,12.93,15.2,0,1.8,13.3,81.8
13289,,,,,5.65,15.98,62.1,0,6.1,37.2,234.4
13299,,,,,5.93,19.29,9.5,0,1.2,48.0,132.0
13301,,,,,5.64,11.91,9.7,0,1.1,58.1,145.8
13335,,,,,5.82,16.59,10.9,0,1.5,26.4,81.0
13347,,,,,6.34,13.26,20.7,0,1.9,72.3,463.4
13348,,,,,6.11,13.48,29.9,0,2.8,14.4,265.3
13356,,,,,5.81,10.16,11.4,0,1.4,33.9,112.8
13362,,,,,5.5,18.22,39.0,0,4.8,26.5,137.7
13369,,,,,6.18,15.06,10.7,0,1.3,41.7,99.8
13373,,,,,5.56,11.19,8.6,0,1.2,38.8,166.0
13380,,,,,5.98,18.29,29.7,0,3.0,47.2,58.7
13390,,,,,6.16,18.11,55.6,1,3.4,17.3,360.1
13392,,,,,5.92,12.59,78.2,0,5.3,24.0,173.4
13395,,,,,6.31,12.89,20.3,1,2.2,33.5,264.8
13397,,,,,6.05,12.88,7.6,0,1.2,40.4,78.1
13402,,,,,6.38,14.69,11.0,0,1.4,65.4,247.4
13409,,,,,6.31,13.71,8.6,1,1.0,59.5,204.1
13415,,,,,6.5,15.85,9.1,0,1.1,33.5,161.5
13424,,,,,6.44,17.45,9.8,0,1.4,36.1,120.1
13427,,,,,5.89,13.61,10.3,1,1.4,28.5,169.5
13435,,,,,6.5,18.06,17.1,0,2.0,40.6,140.9
13459,,,,,5.64,11.33,5.3,0,0.7,28.6,62.2
13492,,,,,6.44,12.88,17.0,0,2.2,18.9,121.9
13515,,,,,5.63,16.92,51.1,0,5.2,28.0,155.0
13550,,,,,5.97,18.46,11.4,0,1.5,85.7,137.1
13552,,,,,5.74,16.44,18.3,0,2.3,18.7,123.2
13564,,,,,6.47,15.4,13.9,0,1.6,27.6,204.1
13569,,,,,5.88,15.61,18.1,0,2.1,75.0,186.9
13577,,,,,6.07,19.93,13.7,0,2.0,41.7,164.2
13578,,,,,6.22,16.86,21.4,0,2.8,65.8,293.5
13593,,,,,6.46,11.43,8.4,0,1.2,10.0,88.4
13604,,,,,6.05,12.59,53.3,0,3.2,16.7,133.7
13615,,,,,6.25,14.21,8.3,1,1.1,26.0,157.4
13656,,,,,6.07,17.71,12.6,0,1.6,47.4,218.8
13666,,,,,5.74,19.97,8.5,0,1.1,21.8,53.8
13667,,,,,6.12,12.79,12.0,0,1.4,50.1,151.7
13681,,,,,5.88,11.23,4.2,2,0.7,11.0,26.1
13701,,,,,5.61,15.0,8.5,0,1.2,61.7,167.9
13746,,,,,6.3,10.77,13.0,0,1.6,58.6,177.2
13749,,,,,6.21,14.0,12.6,2,1.6,90.9,216.2
13753,,,,,6.32,18.05,17.4,0,1.8,59.0,319.0
13754,,,,,6.19,17.26,14.8,0,1.5,41.6,281.0
13768,,,,,6.21,18.08,7.2,0,1.2,49.3,79.0
13770,,,,,6.02,10.39,11.4,0,1.7,15.7,66.3
13782,,,,,5.74,10.15,11.1,0,1.2,7.0,78.9
13790,,,,,5.73,11.93,27.4,0,2.8,24.9,181.0
13793,,,,,5.93,14.75,11.5,0,1.5,37.6,275.3
13795,,,,,6.5,17.38,10.3,1,1.4,41.4,276.6
13803,,,,,6.45,13.3,13.3,0,1.4,31.0,266.7
13829,,,,,5.91,19.76,15.5,1,2.0,16.9,112.7
13831,,,,,5.73,17.4,14.7,0,1.8,40.1,151.3
13833,,,,,5.9,18.16,13.4,0,1.5,30.8,105.6
13851,,,,,5.67,13.24,26.2,0,3.0,14.3,59.0
13857,,,,,5.91,10.82,33.3,0,3.6,0.0,62.5
13866,,,,,5.96,16.61,23.8,1,2.4,46.1,196.4
13877,,,,,6.22,16.87,15.4,1,1.9,55.9,174.9
13880,,,,,5.67,12.7,48.2,0,5.0,20.9,222.3
13896,,,,,6.41,15.79,6.0,0,1.0,81.4,96.6
13902,,,,,6.4,11.86,15.0,0,1.8,43.6,311.2
13910,,,,,6.35,12.22,16.4,0,1.7,46.0,315.1
13941,,,,,6.49,12.24,75.9,4,6.1,9.9,304.7
13943,,,,,6.17,14.26,11.0,1,1.4,38.4,83.7
13947,,,,,6.02,15.49,11.4,0,1.5,18.3,95.5
13979,,,,,5.53,18.87,7.1,1,1.0,43.7,141.0
13994,,,,,6.1,15.05,7.0,0,1.0,12.1,156.3
13996,,,,,6.34,15.18,14.5,0,1.6,28.2,189.4
13999,,,,,5.75,15.12,21.5,1,2.2,35.8,240.3
14019,,,,,6.33,15.63,33.5,1,3.2,78.9,370.6
14027,,,,,5.7,10.97,24.8,0,2.2,21.2,257.3
14031,,,,,6.11,11.3,11.2,0,1.3,27.8,193.3
14034,,,,,6.38,19.01,12.7,0,1.6,60.1,300.0
14042,,,,,5.52,12.68,41.7,0,4.2,41.2,132.8
14046,,,,,5.73,10.55,37.5,0,4.1,40.6,482.1
14051,,,,,6.25,10.92,33.5,0,3.4,22.9,495.2
14058,,,,,6.22,14.79,6.9,0,0.9,24.3,101.0
14064,,,,,6.12,13.34,6.9,0,0.9,27.5,64.8
14070,,,,,6.44,10.57,15.6,0,1.8,37.3,158.4
14076,,,,,6.18,11.37,10.6,0,1.4,74.0,280.4
14079,,,,,5.75,14.76,10.8,0,1.3,50.0,133.8
14081,,,,,5.82,16.76,33.7,0,3.8,27.0,213.5
14085,,,,,6.13,13.46,7.3,0,0.9,38.7,109.9
14105,,,,,6.3,10.39,13.4,0,1.4,30.3,195.9
14106,,,,,5.86,17.96,38.4,0,3.6,63.6,258.9
14108,,,,,5.71,18.13,17.9,0,2.3,15.2,79.8
14112,,,,,5.53,18.79,34.2,0,3.4,58.3,325.9
14115,,,,,5.78,11.43,48.1,0,5.2,58.0,384.1
14118,,,,,5.75,15.53,33.2,0,3.6,95.9,496.1
14126,,,,,6.46,13.44,11.2,0,1.2,30.9,124.8
14128,,,,,6.23,16.2,9.9,0,1.3,43.0,140.0
14130,,,,,5.84,15.32,9.6,0,1.4,66.9,249.7
14135,,,,,5.78,13.08,19.0,0,2.5,19.8,155.1
14141,,,,,6.09,17.39,11.1,0,1.3,59.9,163.0
14144,,,,,6.26,11.39,21.1,0,2.1,46.8,331.1
14147,,,,,6.07,10.22,9.5,0,1.3,59.5,232.7
14149,,,,,6.06,12.86,11.2,0,1.4,29.9,106.6
14166,,,,,6.4,13.33,9.1,1,1.2,47.5,205.2
14185,,,,,6.22,14.48,6.4,0,0.9,43.6,160.3
14232,,,,,6.42,12.72,5.5,1,0.7,33.4,112.9
14243,,,,,6.27,11.51,30.9,0,4.0,39.3,116.9
14252,,,,,5.83,11.13,38.3,0,3.9,11.8,162.2
14265,,,,,6.2,12.28,13.8,0,1.7,29.5,183.6
14270,,,,,6.44,15.54,16.3,0,2.1,47.8,90.3
14276,,,,,6.36,16.43,45.4,1,4.9,46.8,149.6
14281,,,,,6.37,13.46,15.2,0,1.9,25.5,174.8
14282,,,,,5.82,10.0,9.1,0,1.2,56.8,103.7
14287,,,,,6.1,15.43,16.0,0,2.0,21.6,101.6
14297,,,,,6.38,12.17,9.8,0,1.3,33.6,141.5
14299,,,,,6.23,16.64,10.5,0,1.5,27.1,186.0
14303,,,,,6.34,16.17,7.4,0,1.1,31.6,164.0
14306,,,,,6.0,16.65,36.0,0,3.6,21.6,119.7
14310,,,,,5.71,13.26,22.8,0,2.5,49.8,533.9
14334,,,,,5.6,11.1,37.1,0,3.8,34.1,188.8
14349,,,,,5.64,13.62,39.0,0,4.3,33.8,298.2
14353,,,,,5.72,18.05,19.8,0,2.5,20.8,69.0
14354,,,,,5.95,17.73,6.7,0,1.0,11.2,153.8
14357,,,,,6.17,10.23,9.7,0,1.3,45.2,168.1
14360,,,,,5.93,16.51,12.2,0,1.7,27.1,124.7
14370,,,,,5.75,13.41,59.8,1,5.6,31.6,155.9
14373,,,,,6.1,11.86,25.6,0,2.8,27.1,253.9
14379,,,,,6.43,12.17,9.7,0,1.2,25.4,157.0
14381,,,,,6.19,13.92,7.6,0,1.0,34.7,104.9
14391,,,,,5.56,11.37,10.8,0,1.4,23.8,88.5
14393,,,,,5.84,16.19,62.0,0,5.6,24.5,474.0
14400,,,,,6.39,18.67,46.4,0,5.1,12.4,172.9
14406,,,,,6.06,11.65,28.1,0,3.0,63.6,344.4
14425,,,,,5.88,13.42,41.6,0,4.5,69.2,271.7
14430,,,,,6.0,11.95,13.5,0,1.6,56.0,211.2
14455,,,,,6.07,13.21,10.0,0,1.2,57.4,125.8
14457,,,,,6.24,18.49,10.6,0,1.5,39.5,89.4
14480,,,,,5.88,17.39,19.2,0,2.2,62.3,103.0
14482,,,,,6.42,17.44,14.8,0,1.7,45.4,252.6
14483,,,,,6.07,15.14,16.7,0,2.0,52.1,127.1
14484,,,,,6.07,18.16,10.8,0,1.3,47.6,76.8
14491,,,,,5.9,19.02,11.3,0,1.4,65.1,68.5
14496,,,,,6.0,10.12,13.6,0,1.4,44.1,67.6
14548,,,,,6.08,11.67,19.0,0,2.4,20.4,93.0
14566,,,,,6.03,13.98,14.0,0,1.7,33.1,116.3
14567,,,,,5.95,18.98,13.2,0,1.7,31.6,106.9
14568,,,,,6.14,18.08,12.4,0,1.5,58.5,107.8
14570,,,,,6.23,19.77,16.6,0,1.8,33.0,192.3
14575,,,,,5.56,17.69,10.5,0,1.4,9.6,71.8
14588,,,,,6.18,14.79,13.8,0,1.9,94.7,97.4
14604,,,,,5.93,10.24,38.6,0,2.7,11.0,227.9
14628,,,,,5.6,16.37,28.0,1,2.9,62.3,205.0
14638,,,,,5.74,10.01,40.0,0,3.2,12.7,188.6
14643,,,,,6.04,12.05,37.0,3,3.2,38.3,228.4
14663,,,,,6.22,14.01,10.3,0,1.3,20.2,91.3
14689,,,,,5.6,11.17,15.3,0,1.5,40.8,83.4
14714,,,,,5.54,19.28,24.5,0,2.1,30.1,148.6
14803,,,,,6.35,19.04,23.8,0,2.2,74.0,165.3
14808,,,,,5.81,16.66,38.0,0,2.9,41.7,202.6
14838,,,,,5.57,13.6,94.0,0,5.8,96.5,353.5
14847,,,,,6.26,12.85,37.8,1,4.1,56.3,299.5
14852,,,,,5.76,13.42,10.5,0,1.2,47.8,86.5
14860,,,,,5.62,11.64,25.4,0,2.1,48.7,209.3
14863,,,,,6.35,20.0,24.8,0,2.1,53.8,175.5
14865,,,,,5.71,10.08,38.3,0,3.5,46.4,226.2
14877,,,,,5.87,14.09,33.9,1,2.9,55.9,245.6
14881,,,,,5.63,11.18,24.1,0,2.2,23.2,177.8
14912,,,,,5.51,18.62,33.0,0,3.1,23.8,265.2
14985,,,,,5.82,12.52,33.2,0,2.5,37.7,80.0
15026,,,,,6.4,18.07,20.5,1,2.2,51.6,484.1
15033,,,,,6.11,14.72,27.9,1,2.4,15.0,200.0
15036,,,,,5.73,19.64,30.6,1,2.7,62.3,257.6
15053,,,,,6.23,16.25,55.8,0,3.4,65.4,294.7
15054,,,,,5.66,14.63,39.8,0,2.4,104.9,63.3
15128,,,,,5.81,11.86,28.2,1,2.5,14.3,264.6
15148,,,,,5.69,15.61,18.9,0,1.4,57.6,33.7
15247,,,,,5.96,16.58,15.5,1,1.6,37.6,101.9
15258,,,,,5.69,17.35,36.7,0,3.7,16.3,377.4
15261,,,,,6.07,10.92,41.6,0,3.6,61.4,97.9
15272,,,,,5.75,12.16,30.5,0,3.1,51.9,273.8
15633,,,,,5.89,17.63,18.7,0,1.8,23.3,155.2
15672,,,,,6.38,12.83,30.5,1,2.8,103.7,340.6
15673,,,,,5.55,15.35,44.0,1,4.0,25.9,419.7
15675,,,,,5.64,10.65,40.9,1,3.4,18.8,262.2
15718,,,,,6.14,12.87,95.3,1,8.3,10.3,182.9
15738,,,,,5.6,10.54,39.9,0,4.1,17.0,153.2
15746,,,,,5.76,14.14,39.1,0,3.9,27.6,371.0
15755,,,,,5.77,15.48,3.7,0,0.6,28.3,102.7
15787,,,,,5.92,11.49,37.8,0,3.6,74.7,76.4
15800,,,,,6.23,11.72,35.2,2,3.0,25.3,227.7
15905,,,,,6.12,10.96,30.0,1,1.9,5.7,77.2
15909,,,,,6.4,17.74,62.0,2,3.8,9.0,266.5
15924,,,,,5.62,14.97,7.6,0,1.0,10.9,150.4
16047,,,,,6.5,11.34,3.7,0,0.5,6.4,86.1
16107,,,,,6.5,18.91,7.8,0,0.9,39.8,231.9
16111,,,,,5.62,12.25,5.3,0,0.9,22.3,83.6
16255,,,,,5.63,11.84,16.5,0,1.7,23.8,125.0
16383,,,,,5.8,13.73,2.8,0,0.4,20.9,55.2
16401,,,,,6.45,11.11,10.8,0,1.0,24.5,229.8
16403,,,,,6.33,10.98,8.1,0,0.8,12.3,147.8
16412,,,,,6.29,17.17,6.7,0,0.6,58.4,259.3
16418,,,,,6.46,10.7,3.6,0,0.5,21.3,91.2
16484,,,,,5.6,10.54,49.8,0,4.3,26.9,228.2
16499,,,,,5.72,12.87,6.6,0,0.8,22.4,55.4
16515,,,,,5.71,15.36,8.8,0,1.0,12.2,151.9
16598,,,,,6.01,10.72,27.5,0,3.0,35.8,230.4
16638,,,,,5.56,10.7,32.9,0,3.4,22.2,278.3
16694,,,,,5.85,12.03,12.2,0,1.2,69.9,285.6
16781,,,,,6.05,13.84,42.0,1,3.5,9.6,312.1
16845,,,,,6.31,12.56,31.9,0,3.0,27.8,148.0
16854,,,,,5.91,13.27,31.8,0,3.3,10.4,73.0
16858,,,,,6.02,19.38,12.6,0,1.5,13.0,71.9
16896,,,,,5.69,15.1,34.1,0,3.0,10.7,133.9
16976,,,,,5.98,10.46,5.1,0,0.7,44.8,113.7
17002,,,,,6.42,11.07,18.3,0,1.9,16.3,261.7
17004,,,,,6.38,10.77,19.9,0,1.3,17.2,606.2
17015,,,,,6.19,11.14,38.5,0,3.6,26.6,298.2
17025,,,,,6.26,17.85,16.5,0,1.4,60.7,120.3
17092,,,,,6.46,11.8,21.6,1,2.2,8.9,183.6
17186,,,,,6.3,14.29,11.2,1,1.6,23.5,196.4
17191,,,,,6.12,11.88,7.1,0,1.1,30.4,108.0
17206,,,,,5.61,11.73,17.8,0,1.9,32.2,158.5
17222,,,,,6.15,17.23,6.8,0,1.0,77.9,179.2
17245,,,,,6.09,15.8,16.7,1,1.6,22.6,295.4
17252,,,,,5.61,12.16,11.5,6,1.4,40.4,601.2
17255,,,,,6.26,18.92,7.8,1,1.1,12.4,148.5
17258,,,,,5.52,14.68,10.3,0,1.0,7.9,174.8
17260,,,,,6.14,11.1,17.4,1,1.5,8.3,142.2
17261,,,,,6.45,11.94,23.4,0,2.6,0.0,141.7
17275,,,,,6.1,10.7,22.9,0,2.2,6.0,110.3
17291,,,,,5.89,12.62,12.8,1,1.6,11.6,191.8
17295,,,,,5.79,15.37,4.0,0,0.6,15.1,119.0
17426,,,,,5.82,12.37,35.3,1,2.4,10.7,137.1
17442,,,,,6.37,14.24,16.9,0,1.4,16.8,224.5
17596,,,,,5.89,10.73,6.2,1,0.7,25.6,139.9
17600,,,,,6.1,15.9,6.9,0,1.0,21.5,105.6
17620,,,,,6.11,15.54,54.0,0,5.3,7.5,127.5
17623,,,,,6.06,10.36,8.5,0,0.9,25.8,243.7
17624,,,,,5.5,17.15,11.5,0,1.3,17.6,171.3
17680,,,,,5.72,14.81,20.8,0,2.1,28.5,171.8
17690,,,,,6.04,12.93,3.2,0,0.4,25.1,70.2
17699,,,,,5.63,12.89,6.5,0,0.8,48.9,102.3
17767,,,,,6.46,11.92,12.0,0,1.2,25.2,107.2
17952,,,,,6.22,19.36,23.2,0,2.5,34.3,116.9
18000,,,,,6.14,10.03,7.3,0,1.1,12.0,136.9
18060,,,,,6.36,16.16,5.9,1,0.7,10.3,145.4
18073,,,,,5.74,16.75,6.7,3,1.0,46.5,292.3
18093,,,,,5.89,11.9,40.1,0,5.1,12.1,108.3
18095,,,,,5.81,10.43,3.7,1,0.4,7.5,27.6
18104,,,,,5.82,10.85,8.6,1,1.1,0.0,39.7
18105,,,,,5.95,12.36,10.4,1,1.3,7.9,98.9
18189,,,,,6.47,11.28,17.1,1,2.1,44.5,484.0
18206,,,,,6.42,11.67,11.3,1,1.2,20.4,167.8
18228,,,,,6.05,11.05,15.7,1,1.8,54.5,283.8
18241,,,,,6.44,13.67,3.9,1,0.6,44.1,97.7
18249,,,,,6.07,14.99,6.5,0,0.8,7.6,41.2
18271,,,,,6.4,10.82,8.0,0,0.7,21.9,108.4
18301,,,,,5.81,10.87,16.6,0,1.6,12.1,111.4
18315,,,,,5.63,11.0,7.8,0,0.9,10.2,30.3
18319,,,,,6.5,12.01,9.8,0,1.3,35.2,151.2
18348,,,,,6.41,11.16,25.5,2,2.6,11.3,552.9
18350,,,,,6.48,14.05,32.2,1,3.4,4.8,166.5
18368,,,,,6.4,15.47,3.7,1,0.5,39.8,199.6
18400,,,,,6.42,15.55,15.5,0,1.8,13.2,123.1
18542,,,,,5.67,16.24,16.1,0,1.9,15.6,159.7
18589,,,,,6.04,11.02,16.2,0,1.7,16.0,226.0
18618,,,,,5.55,12.24,69.4,0,5.2,18.3,32.5
18631,,,,,6.35,15.18,29.0,4,1.8,9.2,62.4
18640,,,,,6.07,16.07,39.7,1,3.7,15.2,51.8
18654,,,,,6.02,18.99,39.6,1,3.9,30.9,56.9
18655,,,,,6.23,14.38,18.8,1,1.7,24.6,106.8
18658,,,,,6.43,11.58,24.5,0,2.5,14.9,157.9
18659,,,,,6.08,12.7,15.1,0,1.7,31.6,55.5
18662,,,,,5.63,10.7,33.5,0,2.5,13.7,25.7
18671,,,,,6.43,11.77,16.9,3,1.8,51.6,106.2
18674,,,,,5.83,14.26,81.4,2,5.8,20.4,515.3
18681,,,,,5.97,16.59,57.1,1,4.9,15.0,93.4
18687,,,,,5.98,12.81,16.9,0,1.7,27.9,127.1
18688,,,,,6.31,14.56,13.0,0,1.3,19.5,165.0
18693,,,,,5.7,13.7,14.8,0,1.7,44.1,184.4
18695,,,,,5.55,14.37,32.8,1,2.6,27.7,34.7
18703,,,,,6.1,15.19,17.4,0,1.8,31.8,115.7
18704,,,,,6.42,16.06,13.0,0,1.4,12.3,249.8
18705,,,,,5.93,11.42,24.8,0,2.2,9.7,49.1
18708,,,,,6.48,15.22,17.0,0,1.9,50.1,201.5
18711,,,,,6.21,13.15,16.4,0,1.8,32.2,188.0
18717,,,,,6.17,15.36,68.1,0,4.3,43.1,114.9
18720,,,,,5.81,11.37,50.2,0,4.1,9.8,41.8
18722,,,,,6.29,13.52,37.7,2,2.7,198.6,198.8
18727,,,,,6.18,14.83,34.3,0,3.3,7.1,267.0
18752,,,,,5.68,11.78,73.1,0,4.9,41.3,56.5
18800,,,,,6.26,18.23,13.3,0,1.6,26.3,100.1
18804,,,,,5.77,19.22,62.0,0,5.1,28.6,325.9
18809,,,,,5.52,13.65,13.5,0,1.6,42.6,187.9
18817,,,,,6.11,15.86,15.1,0,1.9,14.6,57.9
18819,,,,,6.46,13.56,30.9,0,1.9,20.7,75.0
18829,,,,,5.75,10.59,45.4,0,2.3,62.3,61.8
18835,,,,,6.18,15.04,15.6,0,2.0,41.9,127.2
18838,,,,,5.66,17.62,31.3,0,2.5,68.1,130.7
18839,,,,,6.17,15.41,22.5,0,2.0,52.4,37.9
18843,,,,,5.52,11.32,23.8,0,2.0,34.9,29.7
18854,,,,,5.57,17.25,10.0,0,1.1,42.8,92.6
18855,,,,,5.61,12.18,12.6,0,1.3,48.1,54.8
18857,,,,,6.05,19.71,19.4,0,2.3,28.2,90.2
18870,,,,,6.08,12.29,9.4,0,1.2,14.1,71.8
18876,,,,,6.31,18.77,18.5,0,2.0,76.7,102.0
18877,,,,,6.15,16.39,13.8,0,1.7,27.8,153.5
18884,,,,,6.27,17.27,12.0,1,1.4,46.6,42.5
18885,,,,,6.14,18.67,10.0,0,1.3,34.8,76.0
18891,,,,,6.15,18.9,12.2,0,1.5,35.1,91.8
18896,,,,,5.93,18.94,15.8,0,1.7,41.9,143.3
18897,,,,,5.94,17.34,11.7,0,1.4,43.3,103.0
18903,,,,,5.75,14.19,8.7,0,1.1,16.8,92.1
18904,,,,,5.8,18.55,13.4,0,1.7,25.2,99.9
18906,,,,,5.52,12.92,19.9,0,2.3,34.7,54.5
18909,,,,,6.27,12.03,10.3,0,1.2,30.4,75.0
18915,,,,,5.81,16.81,16.4,0,1.7,30.5,90.7
18919,,,,,5.92,18.84,19.7,0,2.2,36.6,86.5
18932,,,,,6.41,17.56,10.8,0,1.5,21.1,89.4
18940,,,,,6.1,12.76,22.4,0,1.6,39.5,31.9
18948,,,,,6.12,16.84,12.4,0,1.0,94.7,50.4
18949,,,,,5.51,19.2,27.5,0,2.0,58.1,60.7
18958,,,,,5.52,16.4,14.3,0,1.6,31.6,49.3
18960,,,,,5.72,11.86,18.9,0,2.0,23.7,172.2
18967,,,,,6.32,17.69,22.0,0,1.8,24.8,50.1
18968,,,,,5.96,12.68,11.4,0,1.2,53.5,36.9
18978,,,,,6.24,10.73,15.0,0,1.7,60.2,62.7
18981,,,,,6.5,12.74,10.1,0,1.1,51.1,66.1
18988,,,,,6.39,10.88,21.2,0,2.2,39.7,91.4
18991,,,,,6.02,16.51,10.5,0,1.3,63.1,83.1
18995,,,,,5.78,16.76,13.4,0,1.5,53.5,148.1
18997,,,,,6.05,10.06,12.3,0,1.1,68.6,97.0
19000,,,,,5.8,13.58,17.3,0,1.9,51.5,271.1
19003,,,,,6.22,11.54,11.2,0,1.5,86.9,186.9
19010,,,,,6.3,17.78,11.0,0,1.3,65.3,236.3
19012,,,,,6.29,17.44,17.7,0,1.9,82.8,291.0
19020,,,,,6.3,16.34,12.2,0,1.5,46.1,360.3
19021,,,,,6.17,12.41,19.6,1,2.2,21.2,135.1
19031,,,,,6.47,13.05,20.3,0,1.9,53.5,387.6
19032,,,,,6.39,10.4,16.0,0,1.9,95.7,406.2
19061,,,,,6.1,15.48,10.2,0,1.2,51.8,162.4
19077,,,,,5.93,14.07,33.0,1,3.8,57.7,131.0
19079,,,,,6.03,16.14,18.2,1,1.5,119.0,135.1
19088,,,,,5.73,15.88,61.3,1,5.9,23.4,202.8
19113,,,,,5.83,13.8,44.8,0,5.3,26.1,225.3
19122,,,,,5.81,10.48,41.3,1,4.8,22.5,101.5
19124,,,,,5.61,10.44,18.6,1,2.5,16.3,60.4
19139,,,,,6.48,15.46,15.9,0,2.0,40.1,298.4
19144,,,,,6.04,11.28,12.2,0,1.8,29.5,163.4
19171,,,,,6.0,16.43,27.6,0,3.1,29.1,97.5
19172,,,,,5.82,11.17,33.6,0,2.6,16.1,151.4
19178,,,,,5.73,18.08,10.6,0,1.4,44.7,122.4
19181,,,,,5.58,12.58,38.4,0,4.3,21.1,146.2
19189,,,,,6.19,10.7,19.9,0,1.6,82.7,279.5
19191,,,,,5.82,16.98,33.6,0,3.5,52.3,47.7
19198,,,,,6.21,10.75,28.1,0,2.0,87.5,149.3
19199,,,,,5.75,10.42,9.1,0,1.0,59.9,123.5
19202,,,,,6.02,13.58,19.8,0,1.8,99.5,254.8
19205,,,,,6.33,13.26,9.0,2,1.0,54.8,202.5
19211,,,,,6.43,14.57,54.5,3,5.5,58.4,214.0
19230,,,,,5.91,14.04,12.6,0,1.0,84.1,180.3
19231,,,,,5.78,10.48,12.7,0,1.2,71.0,58.0
19240,,,,,5.77,16.7,21.2,0,1.8,160.1,218.1
19247,,,,,5.54,18.34,39.4,0,3.8,37.1,319.5
19254,,,,,6.38,16.89,9.1,0,1.1,23.7,181.8
19266,,,,,6.05,17.73,10.1,0,1.2,80.3,222.4
19268,,,,,6.15,13.7,7.4,1,0.9,38.4,73.3
19270,,,,,5.61,15.32,11.3,0,1.2,70.3,60.5
19281,,,,,5.67,11.44,13.2,0,1.4,102.2,140.4
19287,,,,,5.67,16.52,14.9,0,1.6,64.8,93.5
19288,,,,,5.79,11.82,30.2,1,3.3,110.0,223.7
19291,,,,,6.13,10.77,11.7,0,1.4,53.8,280.4
19297,,,,,5.7,17.5,25.7,0,2.6,91.8,62.3
19300,,,,,5.54,12.49,29.8,0,2.1,69.2,96.7
19307,,,,,6.12,12.64,16.5,0,1.6,69.6,146.5
19342,,,,,6.42,17.73,11.5,0,1.4,31.6,85.6
19350,,,,,6.08,14.63,20.1,0,2.1,76.3,157.1
19354,,,,,6.27,14.17,29.0,1,2.1,69.0,135.8
19356,,,,,5.88,12.11,12.3,0,1.6,64.5,147.6
19366,,,,,5.94,18.82,11.0,0,1.3,40.7,223.6
19369,,,,,5.63,16.51,8.9,0,1.2,51.7,145.1
19373,,,,,6.5,10.8,9.9,0,1.1,53.3,180.8
19391,,,,,5.95,14.3,22.5,2,2.0,116.1,136.0
19402,,,,,6.41,13.46,31.5,0,3.3,29.3,106.5
19406,,,,,5.9,18.05,16.2,0,1.9,25.6,72.5
19407,,,,,6.15,17.82,20.4,2,2.4,40.5,246.3
19410,,,,,6.18,18.33,52.7,0,5.6,35.4,362.8
19425,,,,,6.28,19.59,30.6,0,3.4,53.2,296.2
19443,,,,,5.59,15.66,10.6,0,1.1,58.8,80.3
19445,,,,,5.98,10.65,9.2,1,1.1,35.8,108.5
19493,,,,,5.56,11.89,39.1,0,2.8,17.9,189.5
19495,,,,,6.01,11.03,12.4,0,1.3,109.2,163.8
19510,,,,,5.96,14.49,18.3,1,2.0,75.4,398.0
19546,,,,,6.0,16.24,14.0,1,1.4,65.8,123.4
19551,,,,,6.09,18.86,25.1,0,2.0,55.5,74.8
19554,,,,,6.28,15.83,12.7,0,1.3,37.3,130.9
19555,,,,,5.79,15.56,77.4,0,4.5,82.5,248.4
19561,,,,,6.12,17.7,12.1,0,1.5,88.1,119.4
19563,,,,,6.13,15.17,32.4,0,2.1,41.6,86.2
19574,,,,,5.5,12.54,44.1,0,3.3,68.8,35.3
19610,,,,,5.81,19.8,13.9,0,1.5,86.6,362.9
19612,,,,,6.38,17.26,11.4,0,1.3,56.2,191.3
19616,,,,,6.49,13.92,11.0,0,1.4,44.3,243.0
19627,,,,,5.55,12.15,22.0,0,2.4,112.7,275.8
19628,,,,,6.03,10.44,8.1,0,1.0,57.8,238.6
19639,,,,,5.78,17.88,26.8,0,1.6,80.4,69.1
19651,,,,,6.47,18.02,16.6,0,2.1,115.1,271.8
19655,,,,,5.73,15.62,7.1,0,0.9,38.3,50.0
19662,,,,,5.66,15.17,8.4,0,1.0,66.7,51.7
19673,,,,,6.14,15.11,8.7,0,1.0,75.5,151.8
19679,,,,,6.29,12.55,9.6,0,1.1,9.1,109.2
19682,,,,,6.05,11.44,30.3,1,3.2,23.3,106.2
19683,,,,,6.48,18.99,11.1,1,1.5,49.3,187.1
19698,,,,,5.68,11.43,38.4,2,3.5,21.2,200.2
19699,,,,,6.05,12.9,53.1,1,5.0,23.3,81.4
19701,,,,,5.88,10.03,46.0,1,4.8,24.6,102.2
19708,,,,,5.6,11.9,27.4,1,2.8,34.2,106.7
19709,,,,,6.32,19.97,28.7,1,3.2,24.8,233.4
19713,,,,,5.83,16.83,13.5,1,1.6,40.0,140.4
19739,,,,,5.83,14.09,10.6,0,1.3,51.0,126.2
19758,,,,,6.18,11.82,9.7,0,1.1,61.6,418.4
19765,,,,,6.34,13.26,13.7,0,1.7,76.3,238.9
19777,,,,,5.96,12.75,38.2,1,4.0,27.1,152.8
19782,,,,,6.3,14.2,4.8,0,0.6,22.5,84.5
19800,,,,,6.45,19.6,12.5,1,1.4,56.6,190.6
19803,,,,,5.73,10.82,9.6,0,1.1,66.8,192.0
19821,,,,,6.05,11.01,22.0,0,2.6,15.4,60.1
19829,,,,,5.87,13.72,12.7,0,1.4,22.8,236.7
19837,,,,,5.83,12.65,18.2,0,2.2,26.1,65.5
19838,,,,,6.43,19.42,10.1,0,1.3,52.1,281.6
19861,,,,,6.26,10.57,15.3,0,2.4,40.1,161.0
19866,,,,,6.49,12.36,11.0,1,1.1,54.4,94.1
19872,,,,,5.97,13.55,9.5,0,1.1,51.9,150.3
19893,,,,,6.26,19.05,17.7,1,2.3,37.3,235.2
19896,,,,,6.19,16.6,12.7,0,1.6,60.2,339.5
19897,,,,,6.46,16.25,15.8,1,2.0,63.8,122.1
19900,,,,,5.95,19.73,11.9,2,1.5,41.6,192.1
19901,,,,,6.23,15.27,10.2,1,1.4,44.6,174.3
19902,,,,,6.32,18.76,15.2,1,1.8,61.2,185.6
19903,,,,,5.93,19.83,12.0,0,1.6,72.2,223.3
19919,,,,,6.22,18.0,16.2,1,2.0,28.4,174.5
19927,,,,,5.89,12.49,21.7,0,2.7,15.5,139.4
19934,,,,,6.31,12.63,15.6,1,1.9,46.7,331.5
19948,,,,,6.44,13.99,11.6,1,1.4,27.6,167.4
19950,,,,,6.14,18.24,12.6,0,1.6,63.6,241.1
19953,,,,,6.34,19.15,14.0,0,1.8,58.6,300.7
19954,,,,,6.12,16.85,13.9,0,1.6,46.6,159.0
19977,,,,,6.14,14.51,11.5,0,1.5,47.3,127.2
19980,,,,,6.27,14.81,11.6,0,1.4,50.2,85.3
20010,,,,,6.0,11.83,20.0,1,2.3,62.3,203.8
20014,,,,,6.13,18.48,7.3,1,0.9,42.0,127.1
20023,,,,,6.0,17.43,9.9,0,1.2,23.0,97.3
20031,,,,,5.78,18.52,43.3,0,3.9,87.4,81.3
20060,,,,,5.77,19.33,10.7,0,1.2,41.7,117.1
20106,,,,,6.38,18.85,31.6,1,3.3,38.4,93.5
20113,,,,,6.11,14.23,16.3,0,1.4,78.8,56.2
20117,,,,,6.15,18.06,32.0,0,3.6,61.3,113.3
20124,,,,,5.57,13.63,13.6,0,1.2,88.2,63.5
20130,,,,,5.79,10.04,14.5,0,1.1,85.7,84.0
20142,,,,,5.5,15.24,27.5,0,2.3,72.2,136.5
20152,,,,,6.41,17.72,10.3,1,1.3,70.9,204.6
20275,,,,,5.79,11.42,9.6,0,1.3,15.6,81.4
20278,,,,,6.48,16.72,15.5,1,1.9,91.2,164.9
20297,,,,,6.39,19.94,35.6,1,3.9,35.1,150.1
20329,,,,,5.93,12.96,8.6,1,1.1,0.0,323.8
20340,,,,,6.19,14.98,15.1,0,1.9,52.2,264.2
20346,,,,,5.9,16.23,11.5,1,1.5,50.6,277.8
20350,,,,,6.14,10.88,18.1,0,1.9,49.2,197.9
20352,,,,,6.14,13.34,7.9,0,1.1,55.2,162.7
20366,,,,,5.74,12.92,24.5,0,2.3,32.3,66.9
20384,,,,,6.34,10.65,13.3,1,1.5,67.2,274.5
20393,,,,,6.05,10.97,11.2,1,1.2,23.2,65.8
20417,,,,,5.74,16.22,30.1,0,3.3,81.9,156.5
20418,,,,,5.59,13.26,29.4,0,3.2,39.7,156.4
20441,,,,,6.45,16.35,15.5,0,1.6,74.1,171.4
20451,,,,,6.01,18.13,9.8,0,1.2,42.2,150.0
20454,,,,,6.24,17.19,13.4,0,1.4,50.2,162.5
20462,,,,,6.4,12.13,16.2,0,1.9,42.8,212.5
20471,,,,,6.15,10.83,13.8,0,1.6,54.2,146.0
20477,,,,,6.48,16.92,41.4,1,4.2,79.2,922.6
20481,,,,,6.35,12.46,20.7,3,1.2,32.6,108.2
20509,,,,,6.38,15.2,48.2,4,4.4,33.7,371.1
20530,,,,,5.88,14.07,11.7,3,1.3,21.5,221.1
20533,,,,,6.25,11.09,40.2,2,3.3,13.0,150.7
20538,,,,,5.75,16.04,31.9,1,2.9,22.1,246.9
20563,,,,,6.37,14.15,6.9,0,0.8,45.2,91.1
20572,,,,,6.31,18.67,9.9,1,1.4,81.2,160.3
20579,,,,,5.96,15.45,20.6,0,2.1,33.7,209.4
20590,,,,,6.44,14.68,15.8,0,1.8,44.5,168.4
20592,,,,,6.5,13.41,14.5,1,1.6,66.8,261.6
20599,,,,,6.36,13.64,18.6,1,2.4,34.6,175.9
20618,,,,,6.48,13.42,24.4,0,3.1,101.4,411.5
20630,,,,,5.51,11.55,23.8,0,2.6,12.3,139.9
20637,,,,,6.0,17.45,15.4,0,1.9,65.3,123.0
20653,,,,,6.25,10.42,22.7,1,2.2,56.8,269.4
20661,,,,,5.58,11.24,18.5,0,2.0,53.4,185.8
20664,,,,,6.15,12.79,10.4,0,1.3,69.3,106.2
20672,,,,,6.3,10.07,20.4,1,2.2,21.7,68.2
20674,,,,,5.84,11.89,21.4,0,2.4,83.6,253.2
20676,,,,,6.27,13.46,11.3,0,1.5,50.8,149.1
20681,,,,,5.51,12.18,35.4,0,3.8,32.8,37.1
20685,,,,,5.73,10.3,28.7,0,3.6,30.8,231.6
20708,,,,,6.08,10.34,30.5,0,3.4,55.2,162.6
20717,,,,,6.27,17.52,16.7,0,2.1,38.9,127.6
20729,,,,,6.5,16.03,9.7,0,1.5,44.9,143.6
20731,,,,,5.59,17.88,15.4,0,1.7,45.7,175.4
20734,,,,,6.22,14.01,18.8,0,2.1,58.4,163.2
20742,,,,,6.28,14.46,13.6,0,1.8,39.1,96.1
20746,,,,,5.97,17.73,15.3,1,1.9,44.6,152.9
20748,,,,,6.48,19.36,20.1,0,2.1,24.1,163.2
20768,,,,,6.14,14.88,9.2,0,1.3,64.5,156.7
20776,,,,,6.36,17.15,26.2,1,2.9,38.7,152.4
20780,,,,,5.6,11.63,25.0,0,2.7,22.0,148.8
20785,,,,,6.09,11.01,28.1,0,3.0,68.9,348.4
20787,,,,,6.37,11.11,14.6,0,1.8,40.3,267.5
20793,,,,,6.16,10.89,16.0,0,2.0,19.8,71.7
20799,,,,,5.65,18.81,14.1,0,1.8,56.8,318.9
20807,,,,,5.81,10.26,12.8,0,1.7,31.2,132.6
20810,,,,,5.65,10.39,22.3,0,2.4,41.3,164.3
20811,,,,,6.18,11.19,33.8,0,3.5,60.5,85.7
20829,,,,,5.99,16.81,51.5,0,5.1,35.4,266.9
20837,,,,,5.74,11.67,18.5,0,2.1,30.9,263.9
20849,,,,,6.46,10.96,25.2,0,2.8,69.2,217.1
20861,,,,,6.38,14.09,12.4,1,1.6,23.3,90.1
20870,,,,,6.16,19.68,24.1,0,2.7,55.5,148.4
20878,,,,,5.62,20.0,13.7,0,1.9,27.7,134.4
20882,,,,,5.99,10.11,26.7,0,2.6,18.8,84.8
20885,,,,,5.91,19.95,11.0,0,1.5,38.5,130.4
20891,,,,,6.34,10.41,12.6,0,1.6,51.2,118.8
20893,,,,,5.98,12.76,43.2,0,4.4,22.7,198.9
20895,,,,,6.36,10.04,12.1,0,1.5,34.3,166.4
20905,,,,,5.98,13.33,11.0,0,1.5,20.0,155.0
20914,,,,,5.56,11.13,12.0,0,1.6,41.0,114.8
20918,,,,,6.43,18.73,44.6,1,4.8,41.4,245.5
20926,,,,,6.41,12.05,12.8,0,1.7,53.3,184.7
20932,,,,,5.98,14.26,15.8,0,2.2,34.0,77.0
20938,,,,,5.72,10.43,10.6,0,1.5,46.5,95.9
20946,,,,,6.41,17.61,17.1,0,2.1,34.9,240.5
20948,,,,,6.16,17.54,18.5,0,2.3,31.3,165.5
20954,,,,,5.52,14.22,13.3,0,1.8,30.5,102.5
20957,,,,,6.16,10.37,12.3,1,1.6,35.5,176.4
20975,,,,,6.18,14.4,16.0,0,2.2,41.1,178.1
20977,,,,,6.44,12.75,15.6,0,1.9,38.6,152.6
20991,,,,,6.04,12.38,46.0,0,3.8,28.2,123.2
20992,,,,,6.4,12.0,22.5,1,2.2,163.7,314.5
20996,,,,,5.89,12.47,61.2,3,3.3,5.6,45.7
20999,,,,,5.5,18.1,14.0,0,1.8,50.0,140.5
21001,,,,,6.37,11.32,16.4,3,2.0,29.8,149.8
21003,,,,,6.48,16.13,43.5,0,4.5,32.9,140.8
21041,,,,,6.05,16.6,24.5,0,2.1,17.0,171.3
21071,,,,,6.23,11.02,6.7,0,0.8,3.0,138.2
21086,,,,,6.08,12.53,13.1,0,1.2,9.7,240.8
21094,,,,,5.61,18.31,12.8,0,1.5,6.4,132.1
21102,,,,,5.84,14.54,7.4,0,1.0,21.6,120.6
21108,,,,,5.59,12.85,6.3,1,0.8,6.4,69.7
21135,,,,,5.87,13.8,9.5,0,0.7,5.3,88.2
21136,,,,,6.05,10.0,14.1,0,1.5,11.8,186.9
21137,,,,,6.44,10.9,7.3,0,1.1,30.0,79.7
21145,,,,,5.58,12.6,13.6,1,1.4,60.1,389.2
21154,,,,,5.75,16.7,10.9,1,1.2,29.4,272.9
21160,,,,,6.22,13.51,36.0,3,2.2,7.8,119.0
21162,,,,,5.87,12.83,32.1,0,2.9,10.1,114.1
21168,,,,,5.87,12.49,22.9,0,2.3,15.4,146.9
21170,,,,,6.29,19.6,27.9,0,2.7,8.7,226.6
21186,,,,,6.48,11.6,16.9,0,1.7,6.7,278.6
21191,,,,,6.04,11.81,21.1,0,2.2,5.0,95.6
21204,,,,,6.1,11.71,13.5,0,1.9,4.0,204.8
21216,,,,,6.35,12.25,13.6,0,1.5,13.5,205.9
21226,,,,,5.68,11.34,15.5,1,1.7,30.1,238.8
21229,,,,,5.6,19.4,11.8,0,1.3,9.9,499.8
21231,,,,,5.95,13.84,31.9,0,3.5,0.0,271.7
21239,,,,,6.44,14.86,16.0,0,1.9,7.8,338.1
21242,,,,,5.91,12.66,15.2,0,1.9,7.4,350.3
21269,,,,,6.48,14.09,11.6,0,1.5,17.8,140.5
21273,,,,,5.63,15.13,11.4,0,1.3,4.7,167.1
21275,,,,,5.88,17.35,15.7,0,1.8,21.5,340.0
21285,,,,,5.81,11.8,9.8,0,1.3,4.2,38.5
21286,,,,,6.07,10.88,14.5,1,1.6,35.2,203.4
21289,,,,,6.41,10.54,14.5,0,1.5,22.3,153.4
21291,,,,,5.58,16.56,21.1,0,2.0,31.4,295.6
21297,,,,,6.49,16.85,14.4,0,1.6,8.6,145.6
21300,,,,,5.95,10.05,18.1,0,1.9,44.4,411.1
21309,,,,,6.42,10.12,15.4,0,1.8,8.8,192.5
21318,,,,,6.45,14.68,18.6,1,2.4,6.2,166.9
21323,,,,,6.04,10.61,20.3,0,2.0,46.4,410.5
21341,,,,,5.6,15.4,13.1,1,1.4,25.9,197.4
21343,,,,,6.35,11.06,14.2,1,1.5,67.7,207.3
21350,,,,,6.5,18.85,18.7,1,2.1,51.6,375.3
21360,,,,,6.27,17.2,19.5,1,1.9,10.3,199.3
21363,,,,,6.27,13.43,16.4,1,1.8,6.9,198.2
21381,,,,,5.54,12.07,14.5,0,1.9,5.0,120.8
21382,,,,,6.39,12.59,29.9,0,3.0,57.1,251.0
21384,,,,,6.43,15.68,6.1,0,0.9,11.7,139.7
21388,,,,,5.98,14.8,23.4,1,2.4,24.9,343.7
21389,,,,,6.26,13.8,32.1,1,3.1,20.9,734.0
21393,,,,,6.34,17.99,12.0,0,1.5,58.2,256.7
21395,,,,,5.94,18.91,16.1,0,1.8,30.0,122.0
21396,,,,,5.52,10.26,12.7,0,1.4,29.3,183.1
21409,,,,,6.29,13.56,9.5,1,1.3,19.2,134.8
21414,,,,,5.87,11.15,18.3,0,2.0,44.6,335.6
21422,,,,,5.76,18.21,9.8,0,0.9,14.2,131.9
21424,,,,,6.39,10.75,20.4,0,2.4,52.9,245.0
21425,,,,,6.24,10.31,19.0,0,1.9,18.2,223.0
21449,,,,,6.43,18.64,17.3,1,1.8,81.3,312.9
21490,,,,,6.35,16.12,9.5,1,1.1,94.0,160.9
21507,,,,,5.98,13.9,18.8,0,1.8,50.4,89.6
21518,,,,,6.39,11.75,10.1,0,1.3,49.4,168.2
21530,,,,,5.93,11.17,9.0,0,1.2,50.4,118.7
21532,,,,,6.26,15.33,15.6,0,2.0,94.5,555.1
21540,,,,,5.57,12.12,24.4,0,1.5,126.5,149.3
21542,,,,,5.64,13.27,29.2,0,3.7,83.0,70.2
21550,,,,,5.96,10.11,27.4,0,3.4,54.4,79.2
21556,,,,,6.45,16.42,10.0,0,1.3,44.9,188.4
21565,,,,,6.11,12.84,28.1,0,3.0,41.5,124.6
21578,,,,,6.27,17.51,33.3,0,2.5,15.1,217.1
21580,,,,,6.15,19.04,37.7,0,3.7,41.9,468.6
21588,,,,,5.69,13.94,12.1,0,1.5,32.3,174.0
21590,,,,,5.85,13.68,16.5,0,1.6,24.4,134.2
21606,,,,,6.1,17.69,28.1,0,3.1,18.5,45.3
21611,,,,,6.4,10.37,21.8,1,2.5,31.5,43.6
21617,,,,,5.89,13.19,24.1,0,2.6,19.6,67.5
21627,,,,,6.22,13.64,20.2,0,2.1,10.6,1047.8
21659,,,,,5.53,17.15,10.5,0,1.4,38.2,218.1
21722,,,,,6.37,10.27,11.8,0,1.3,49.7,176.5
21735,,,,,6.04,15.53,11.1,0,1.4,36.0,149.4
21738,,,,,6.39,14.52,20.6,0,2.1,73.0,287.3
21740,,,,,5.68,14.31,13.5,0,1.8,22.0,37.7
21757,,,,,6.23,13.51,54.3,1,5.9,14.1,74.5
21758,,,,,6.02,15.36,33.7,0,3.7,17.2,19.9
21761,,,,,6.16,14.65,13.9,0,1.8,44.1,189.3
21767,,,,,6.48,19.39,48.9,3,5.8,50.2,65.1
21778,,,,,5.96,19.28,22.3,0,2.5,58.6,312.5
21779,,,,,5.54,14.1,36.0,0,3.9,29.6,343.2
21782,,,,,6.11,18.51,23.2,0,2.6,78.5,207.2
21798,,,,,6.16,19.03,17.3,0,2.2,31.1,66.8
21799,,,,,5.86,15.41,12.6,0,1.6,59.9,165.7
21816,,,,,5.62,16.91,24.5,0,3.0,27.6,146.9
