Point_ID,Revisited_point,Coarse,Clay,Sand,Silt,pH(CaCl2),pH(H2O),EC,OC,CaCO3,P,N,K,Elevation,LC1,LU1,Soil_Stones,NUTS_0,NUTS_1,NUTS_2,NUTS_3,LC1_Desc,LU1_Desc
54002332,No,13,30,19,51,4.4,5.09,5.24,13,0,6.8,1.3,65.9,322,E20,U111,1,BG,BG3,BG31,BG312,Grassland without tree/shrub cover,Agriculture (excluding fallow land and kitchen gardens)
53762196,No,38,16,52,32,4.8,5.3,8.84,37.7,0,14.7,2.5,160.9,1048,C10,U120,2,BG,BG4,BG41,BG415,Broadleaved woodland,FORESTRY
54522208,No,19,8,67,25,4.6,5.31,5.99,20.3,0,25.9,1.4,104.1,1228,C32,U120,4,BG,BG4,BG41,BG413,Pine dominated mixed woodland,FORESTRY
53882194,No,11,16,51,33,4.7,4.96,26.5,27,0,19.4,1.9,145.5,1032,C33,U120,1,BG,BG4,BG41,BG413,Other mixed woodland,FORESTRY
54602194,No,19,4,76,19,4.4,5.12,3.3,9.4,0,0,0.6,37.4,1557,C22,U120,2,BG,BG4,BG41,BG413,Pine dominated coniferous woodland,FORESTRY
54522214,No,12,10,55,35,4.1,4.7,8.67,53.2,0,20.8,3.2,131.3,1477,C21,U120,3,BG,BG4,BG41,BG413,Spruce dominated coniferous woodland,FORESTRY
53702212,No,22,17,39,45,5.9,6.22,10.52,37.4,0,12.8,3.4,154,820,D10,U420,2,BG,BG4,BG41,BG415,Shrubland with sparse tree cover,Semi-natural and natural areas not in use
53562216,No,10,7,51,42,5,5.4,11.89,46.3,0,29.2,4.8,128.7,1069,E10,U111,1,BG,BG4,BG41,BG415,Grassland with sparse tree/shrub cover,Agriculture (excluding fallow land and kitchen gardens)
53462246,No,16,12,45,43,5.3,5.62,18.55,8.2,0,7.8,1,53.2,1024,C22,U120,1,BG,BG4,BG41,BG415,Pine dominated coniferous woodland,FORESTRY
53482214,No,18,17,34,49,4.9,5.32,8.51,35.4,0,8.5,3.1,189.6,901,B73,U111,1,BG,BG4,BG41,BG415,Cherry fruit,Agriculture (excluding fallow land and kitchen gardens)
54642202,No,16,9,70,21,4.2,4.58,12.92,10.6,0,0,0.5,87.5,1400,C22,U120,1,BG,BG4,BG42,BG423,Pine dominated coniferous woodland,FORESTRY
54502194,No,19,4,81,15,4.5,5.26,3.81,7.4,0,6.7,0.4,53.1,1356,C22,U120,1,BG,BG4,BG41,BG413,Pine dominated coniferous woodland,FORESTRY
54962302,No,23,3,87,10,5.6,6.07,3.11,6.8,0,0,0.6,50.8,748,D20,U410,4,BG,BG3,BG31,BG315,Shrubland without tree cover,Abandoned areas
54742186,No,14,6,67,27,3.9,4.46,7.6,25.5,0,9.8,1.2,55.1,1293,C31,U120,3,BG,BG4,BG42,BG423,Spruce dominated mixed woodland,FORESTRY
53962198,No,12,7,66,27,5.3,5.89,6.79,5.8,0,29.3,0.7,55.2,541,B82,U111,1,BG,BG4,BG41,BG413,Vineyards,Agriculture (excluding fallow land and kitchen gardens)
54422204,No,14,9,66,25,4.5,5.19,5.23,15.4,0,0,0.8,86.7,1273,C22,U120,2,BG,BG4,BG41,BG413,Pine dominated coniferous woodland,FORESTRY
54702186,No,5,13,36,51,4.2,4.77,15.87,54.2,0,20.7,4.2,59.3,1330,C21,U120,2,BG,BG4,BG42,BG423,Spruce dominated coniferous woodland,FORESTRY
54502212,No,17,9,63,28,4.4,5.04,6.01,15.6,0,0,1.1,119.3,1436,C22,U120,2,BG,BG4,BG41,BG413,Pine dominated coniferous woodland,FORESTRY
55082224,No,17,21,29,50,7.1,7.59,18.92,30.8,77,0,2.9,219.5,352,E10,U111,2,BG,BG4,BG42,BG423,Grassland with sparse tree/shrub cover,Agriculture (excluding fallow land and kitchen gardens)
55102204,No,11,10,52,37,5.9,6.24,6.49,16.4,0,6.1,1.2,127.8,1250,C32,U120,1,BG,BG4,BG42,BG423,Pine dominated mixed woodland,FORESTRY
55382214,No,6,13,48,39,4.7,5.2,8.72,26.8,0,0,1.8,90,1211,C32,U120,1,BG,BG4,BG42,BG421,Pine dominated mixed woodland,FORESTRY
55582216,No,16,34,22,44,7.1,7.5,16.31,26,123,12.1,2.8,358.8,4020,B82,U111,2,BG,BG4,BG42,BG421,Vineyards,Agriculture (excluding fallow land and kitchen gardens)
55602208,No,14,18,46,37,5.6,5.83,11.4,24.9,0,13.7,1.9,152.4,1091,C32,U120,1,BG,BG4,BG42,BG421,Pine dominated mixed woodland,FORESTRY
55482182,No,9,13,47,40,4.7,5.33,5.76,20.1,0,22.2,2,48.2,1295,E20,U111,1,BG,BG4,BG42,BG424,Grassland without tree/shrub cover,Agriculture (excluding fallow land and kitchen gardens)
54542164,No,6,10,40,50,5.3,5.6,55.4,46.3,0,8.2,4.7,84.1,1046,D10,U120,1,BG,BG4,BG41,BG413,Shrubland with sparse tree cover,FORESTRY
54222236,No,11,15,54,32,4.3,4.93,4.86,19.3,0,0,1.2,163.5,1024,C22,U120,1,BG,BG4,BG41,BG412,Pine dominated coniferous woodland,FORESTRY
53902242,No,19,47,6,47,7,7.29,60.2,31.1,46,10.3,4,270.8,637,B21,U111,1,BG,BG4,BG41,BG414,Potatoes,Agriculture (excluding fallow land and kitchen gardens)
54022258,No,9,10,53,37,6,6.17,24,40.2,0,10.2,3,178.3,1270,C33,U361,1,BG,BG4,BG41,BG414,Other mixed woodland,"Amenities, museum, leisure (e.g. parks, botanical gardens)"
53522226,No,14,13,42,44,5.3,5.75,8.65,17.3,0,11.2,1.9,142.3,1015,C10,U120,1,BG,BG4,BG41,BG415,Broadleaved woodland,FORESTRY
53402272,No,18,24,18,59,5.2,5.49,21.1,16,0,6.4,2.3,56.8,788,B11,U111,1,BG,BG4,BG41,BG414,Common wheat,Agriculture (excluding fallow land and kitchen gardens)
53742310,No,31,39,19,42,6.7,6.95,25.3,50.3,4,0,4.9,390.8,965,E10,U111,3,BG,BG4,BG41,BG412,Grassland with sparse tree/shrub cover,Agriculture (excluding fallow land and kitchen gardens)
54442242,No,11,13,66,21,4.3,4.88,6.17,4.2,0,23.8,0.5,66.7,962,F40,U111,1,BG,BG4,BG41,BG412,OTHER BARE SOIL,Agriculture (excluding fallow land and kitchen gardens)
53442258,No,28,17,29,54,4.7,4.92,34.7,27.5,0,6.2,3.1,143.5,1348,E10,U111,1,BG,BG4,BG41,BG414,Grassland with sparse tree/shrub cover,Agriculture (excluding fallow land and kitchen gardens)
54002152,No,7,11,45,44,4.6,4.98,32.7,37.4,0,8.4,3,216.2,1134,E10,U420,1,BG,BG4,BG41,BG413,Grassland with sparse tree/shrub cover,Semi-natural and natural areas not in use
54342240,No,7,10,48,42,4.3,4.59,28.4,35.2,0,9.8,3.4,53.6,913,E20,U111,1,BG,BG4,BG41,BG412,Grassland without tree/shrub cover,Agriculture (excluding fallow land and kitchen gardens)
54142176,No,6,8,71,21,4.9,5.75,2.95,1.1,0,0,0.1,69,694,E10,U111,1,BG,BG4,BG41,BG413,Grassland with sparse tree/shrub cover,Agriculture (excluding fallow land and kitchen gardens)
54382232,No,10,15,43,42,4.7,4.98,39.7,38.4,0,8.2,3,101,1228,C21,U120,1,BG,BG4,BG41,BG412,Spruce dominated coniferous woodland,FORESTRY
54842164,No,0,10,57,33,4.4,5.13,4.6,16,0,0,1.2,92.2,1099,C33,U120,1,BG,BG4,BG41,BG413,Other mixed woodland,FORESTRY
54102324,No,37,32,9,59,4.7,4.92,56.9,66.7,0,0,6.5,193.8,1310,C10,U120,1,BG,BG4,BG41,BG412,Broadleaved woodland,FORESTRY
54642274,No,27,24,17,58,7.1,7.48,32.6,62.2,417,6.9,5.1,405.1,753,C10,U120,1,BG,BG4,BG41,BG412,Broadleaved woodland,FORESTRY
54022312,No,31,28,29,43,6,6.15,25.8,30.7,0,0,3.3,143.4,1031,C10,U420,1,BG,BG4,BG41,BG412,Broadleaved woodland,Semi-natural and natural areas not in use
54122308,No,38,21,40,39,5.7,6.04,8.25,13.8,1,0,1.5,141.7,1050,C31,U120,1,BG,BG4,BG41,BG412,Spruce dominated mixed woodland,FORESTRY
54662170,No,13,11,53,36,5.6,6.03,6.06,14,0,0,1,106.7,1222,C23,U120,3,BG,BG4,BG41,BG413,Other coniferous woodland,FORESTRY
54462180,No,24,7,75,19,4.6,5.23,5.41,19.5,0,0,1,72.5,997,C22,U120,4,BG,BG4,BG41,BG413,Pine dominated coniferous woodland,FORESTRY
53522222,No,13,19,25,55,5.3,5.76,7.57,22.9,0,7,2.1,72.3,1042,C10,U120,1,BG,BG4,BG41,BG415,Broadleaved woodland,FORESTRY
54142248,No,13,16,39,45,5.4,5.68,34.6,20,0,7.1,2.1,181.9,1047,E10,U111,1,BG,BG4,BG41,BG412,Grassland with sparse tree/shrub cover,Agriculture (excluding fallow land and kitchen gardens)
55662170,No,12,6,73,21,4.1,4.75,5.66,18.8,0,0,1.5,88.2,964,C10,U120,3,BG,BG4,BG42,BG424,Broadleaved woodland,FORESTRY
55402176,No,12,19,41,41,4.1,4.42,14.39,34.3,0,45,3.2,132.6,1467,E10,U361,1,BG,BG4,BG42,BG424,Grassland with sparse tree/shrub cover,"Amenities, museum, leisure (e.g. parks, botanical gardens)"
55122164,No,10,7,62,31,4.7,5.06,15.5,17.6,0,0,1.9,97.6,1337,E10,U111,1,BG,BG4,BG42,BG424,Grassland with sparse tree/shrub cover,Agriculture (excluding fallow land and kitchen gardens)
55402194,No,9,12,48,40,4,4.26,40.1,63,0,14.9,4,94.2,1060,C31,U120,2,BG,BG4,BG42,BG424,Spruce dominated mixed woodland,FORESTRY
55402180,No,9,14,41,45,4.4,4.55,47,38.6,0,13.1,3.5,89.1,1560,C31,U120,1,BG,BG4,BG42,BG424,Spruce dominated mixed woodland,FORESTRY
55302182,No,21,10,66,25,4.4,4.64,18.67,15.4,1,0,1.4,70.8,1092,C33,U120,2,BG,BG4,BG42,BG424,Other mixed woodland,FORESTRY
55622188,No,8,8,75,18,4.1,4.64,3.26,9.9,0,0,0.7,41.6,1066,C22,U120,1,BG,BG4,BG42,BG424,Pine dominated coniferous woodland,FORESTRY
55362180,No,14,11,52,37,5.2,5.53,22.5,16.7,0,20.8,2,372,1420,E20,U111,1,BG,BG4,BG42,BG424,Grassland without tree/shrub cover,Agriculture (excluding fallow land and kitchen gardens)
55102178,No,43,29,21,50,6.1,6.35,10.3,65.5,2,0,4.1,141.9,1299,C22,U120,1,BG,BG4,BG42,BG424,Pine dominated coniferous woodland,FORESTRY
54762164,No,9,9,62,30,4.9,5.37,6.91,21.5,1,0,1,57.5,1176,C22,U120,1,BG,BG4,BG41,BG413,Pine dominated coniferous woodland,FORESTRY
55102172,No,17,6,64,30,5.3,5.63,15.75,12.3,0,0,1.4,47,1303,E10,U111,2,BG,BG4,BG42,BG424,Grassland with sparse tree/shrub cover,Agriculture (excluding fallow land and kitchen gardens)
55062172,No,15,6,76,18,4.6,5.38,3.3,6.3,0,0,0.5,97.4,1321,C22,U120,1,BG,BG4,BG42,BG424,Pine dominated coniferous woodland,FORESTRY
55202170,No,44,29,9,62,5.2,5.4,49.2,55.7,0,10.6,6.1,286.1,1489,E10,U112,1,BG,BG4,BG42,BG424,Grassland with sparse tree/shrub cover,Fallow land
55022182,No,13,10,55,35,4.7,4.96,44.7,58.9,1,18.6,3.3,282.8,1446,C21,U120,2,BG,BG4,BG42,BG423,Spruce dominated coniferous woodland,FORESTRY
55462186,No,13,13,43,44,4.3,5,7.51,55.6,0,19.5,5,179.3,1691,C21,U120,1,BG,BG4,BG42,BG424,Spruce dominated coniferous woodland,FORESTRY
55722292,No,17,15,58,27,4.9,5.29,10.39,8.8,0,40,1,116.3,450,B84,U111,1,BG,BG3,BG34,BG344,Permanent industrial crops,Agriculture (excluding fallow land and kitchen gardens)
55182166,No,15,11,50,39,6.8,6.94,15.37,31.2,11,0,1.8,61.3,1448,C21,U120,1,BG,BG4,BG42,BG424,Spruce dominated coniferous woodland,FORESTRY
55362162,No,22,11,58,32,4.6,5.07,7.65,15.4,0,0,1.3,92.9,1164,C32,U120,1,BG,BG4,BG42,BG424,Pine dominated mixed woodland,FORESTRY
55062178,No,9,10,65,25,4.6,5.15,6.46,17.8,0,5.6,1.4,169.7,1281,C21,U120,1,BG,BG4,BG42,BG424,Spruce dominated coniferous woodland,FORESTRY
55182202,No,18,12,63,25,4.2,4.75,4.28,10.8,0,6.6,1,87.4,1055,C10,U120,1,BG,BG4,BG42,BG424,Broadleaved woodland,FORESTRY
55322204,No,36,18,44,38,7.1,7.49,13.85,22.3,205,32.4,2.3,261.5,940,E20,U111,1,BG,BG4,BG42,BG424,Grassland without tree/shrub cover,Agriculture (excluding fallow land and kitchen gardens)
55262206,No,,,,,5.8,6.01,5.83,13.4,0,12.1,1.4,85.6,1456,C21,U120,1,BG,BG4,BG42,BG421,Spruce dominated coniferous woodland,FORESTRY
55062268,No,13,15,57,29,4,4.43,6.51,11.8,0,7.6,1,52.7,436,C10,U120,1,BG,BG4,BG42,BG421,Broadleaved woodland,FORESTRY
53902178,Yes,,,,,5.2,5.56,14.92,26.8,0,7.9,1.6,135.5,1180,C22,U120,1,BG,BG4,BG41,BG413,Pine dominated coniferous woodland,FORESTRY
53702348,Yes,,,,,4.6,5.3,4.58,19,0,3.3,1.8,62.7,292,E10,U111,1,BG,BG3,BG31,BG312,Grassland with sparse tree/shrub cover,Agriculture (excluding fallow land and kitchen gardens)
54082368,Yes,,,,,5.3,5.66,8.62,15.2,0,31.7,1.5,229.7,104,B31,U111,1,BG,BG3,BG31,BG312,Sunflower,Agriculture (excluding fallow land and kitchen gardens)
53662388,Yes,,,,,5.9,6.2,23.9,14.5,0,25,1.8,197.2,35,E30,U410,1,BG,BG3,BG31,BG311,Spontaneously re-vegetated surfaces,Abandoned areas
56442238,Yes,,,,,4.3,4.77,12.04,7.6,0,14.2,0.9,83.4,241,E10,U111,1,BG,BG4,BG42,BG422,Grassland with sparse tree/shrub cover,Agriculture (excluding fallow land and kitchen gardens)
56142276,Yes,,,,,4.3,4.92,6.28,23.4,0,16,2.3,252.3,144,B11,U111,1,BG,BG3,BG34,BG344,Common wheat,Agriculture (excluding fallow land and kitchen gardens)
56462260,Yes,,,,,5.1,5.59,9.12,17.7,0,14.5,1.7,215.5,264,B31,U111,1,BG,BG3,BG34,BG344,Sunflower,Agriculture (excluding fallow land and kitchen gardens)
56442264,Yes,,,,,7.1,7.37,38.6,32.7,13,10.8,3.4,392.8,185,E20,U111,1,BG,BG3,BG34,BG344,Grassland without tree/shrub cover,Agriculture (excluding fallow land and kitchen gardens)
56302252,Yes,,,,,5.8,6.13,20.3,14.4,0,78.4,1.3,398.1,152,B11,U111,1,BG,BG3,BG34,BG344,Common wheat,Agriculture (excluding fallow land and kitchen gardens)
56762298,Yes,,,,,7.1,7.3,26.2,36.5,34,41.3,3.7,683.8,149,E10,U111,1,BG,BG3,BG34,BG343,Grassland with sparse tree/shrub cover,Agriculture (excluding fallow land and kitchen gardens)
56002286,Yes,,,,,6.2,6.36,31.2,39.8,1,7.3,4.6,245,537,E10,U350,1,BG,BG3,BG34,BG344,Grassland with sparse tree/shrub cover,COMMUNITY SERVICES
56482216,Yes,,,,,5.9,6.3,7.98,7.8,0,37.8,0.9,1954.8,152,B11,U111,1,BG,BG4,BG42,BG422,Common wheat,Agriculture (excluding fallow land and kitchen gardens)
56282268,Yes,,,,,4.8,5.18,8.88,8.9,0,11.7,1.1,113.9,108,B32,U111,1,BG,BG3,BG34,BG344,Rape and turnip rape,Agriculture (excluding fallow land and kitchen gardens)
56082288,Yes,,,,,6.8,7.1,5.95,17.5,2,11.9,1.7,191.4,261,B73,U111,1,BG,BG3,BG34,BG344,Cherry fruit,Agriculture (excluding fallow land and kitchen gardens)
56402240,Yes,,,,,5.7,6.05,16.6,24.5,0,17,2.1,171.3,283,E10,U111,1,BG,BG4,BG42,BG422,Grassland with sparse tree/shrub cover,Agriculture (excluding fallow land and kitchen gardens)
56342242,Yes,,,,,5.6,5.89,8.55,8.1,0,18.4,0.9,88.7,138,B31,U111,4,BG,BG4,BG42,BG422,Sunflower,Agriculture (excluding fallow land and kitchen gardens)
55602298,Yes,,,,,4.4,4.93,5.91,17.8,0,43.7,1.8,110.6,523,B32,U111,4,BG,BG3,BG34,BG344,Rape and turnip rape,Agriculture (excluding fallow land and kitchen gardens)
56022242,Yes,,,,,7.4,7.76,15,18.8,17,27.6,2,358.3,156,B41,U111,1,BG,BG4,BG42,BG422,Dry pulses,Agriculture (excluding fallow land and kitchen gardens)
56002294,Yes,,,,,4.9,5.24,15.65,7.4,0,6.4,0.9,134.2,372,B11,U111,1,BG,BG3,BG34,BG344,Common wheat,Agriculture (excluding fallow land and kitchen gardens)
56462224,Yes,,,,,6.8,7.35,11.5,12.7,1,29.8,1.4,138.6,102,E10,U111,1,BG,BG4,BG42,BG422,Grassland with sparse tree/shrub cover,Agriculture (excluding fallow land and kitchen gardens)
56042258,Yes,,,,,6.5,6.76,13.9,13.9,1,12.1,1.3,216.5,174,B11,U111,1,BG,BG3,BG34,BG344,Common wheat,Agriculture (excluding fallow land and kitchen gardens)
56002258,Yes,,,,,7.3,7.67,12.73,18.7,8,21.4,1.8,611.2,193,B31,U111,1,BG,BG3,BG34,BG344,Sunflower,Agriculture (excluding fallow land and kitchen gardens)
55762306,Yes,,,,,5.1,5.5,7.43,46.3,0,22.5,2.6,168.9,689,C33,U120,1,BG,BG3,BG34,BG344,Other mixed woodland,FORESTRY
55742290,Yes,,,,,4.1,4.41,9.73,5.4,0,51.4,0.7,55,418,B11,U111,1,BG,BG3,BG34,BG344,Common wheat,Agriculture (excluding fallow land and kitchen gardens)
55882296,Yes,,,,,5.1,5.34,8.7,5.3,0,25.4,0.7,51.9,342,B36,U111,1,BG,BG3,BG34,BG344,Tobacco,Agriculture (excluding fallow land and kitchen gardens)
55922296,Yes,,,,,6.8,7.4,7.86,6,0,28.2,0.7,81.4,335,B11,U111,1,BG,BG3,BG34,BG344,Common wheat,Agriculture (excluding fallow land and kitchen gardens)
56162242,Yes,,,,,7.3,7.6,20,13.5,16,9.4,1.5,296.6,119,B13,U111,2,BG,BG4,BG42,BG422,Barley,Agriculture (excluding fallow land and kitchen gardens)
56302220,Yes,,,,,7.3,7.6,19.14,8.4,14,6.5,1.1,215.3,190,B11,U111,1,BG,BG4,BG42,BG422,Common wheat,Agriculture (excluding fallow land and kitchen gardens)
56162224,Yes,,,,,5.4,5.98,8.4,5.7,0,6.8,0.7,129.1,212,B11,U111,1,BG,BG4,BG42,BG422,Common wheat,Agriculture (excluding fallow land and kitchen gardens)
56642232,Yes,,,,,6.4,6.63,8.71,7.8,0,4.1,0.8,156.2,267,E20,U111,2,BG,BG4,BG42,BG422,Grassland without tree/shrub cover,Agriculture (excluding fallow land and kitchen gardens)
56622238,Yes,,,,,4.9,5.4,7.76,5.4,0,13.5,0.7,185.5,384,B14,U111,1,BG,BG4,BG42,BG422,Rye,Agriculture (excluding fallow land and kitchen gardens)
56642224,Yes,,,,,7.2,7.72,11.46,6.3,1,39.9,0.8,289.6,143,B82,U111,1,BG,BG4,BG42,BG422,Vineyards,Agriculture (excluding fallow land and kitchen gardens)
56662230,Yes,,,,,7.2,7.51,12.74,18.7,9,17.8,2,349,222,E10,U111,1,BG,BG4,BG42,BG422,Grassland with sparse tree/shrub cover,Agriculture (excluding fallow land and kitchen gardens)
56542258,Yes,,,,,5.7,6.19,7.18,11.7,0,3.9,1.1,134.7,221,E20,U111,1,BG,BG4,BG42,BG422,Grassland without tree/shrub cover,Agriculture (excluding fallow land and kitchen gardens)
55682266,Yes,,,,,5.2,5.76,9.29,10,0,6.1,0.9,95.1,325,C10,U120,1,BG,BG3,BG34,BG344,Broadleaved woodland,FORESTRY
56342236,Yes,,,,,5.4,5.73,5.94,6,0,16.7,0.9,133.4,140,B36,U111,4,BG,BG4,BG42,BG422,Tobacco,Agriculture (excluding fallow land and kitchen gardens)
56782268,Yes,,,,,6.6,6.72,12.74,22.8,0,57.2,2.7,578,174,E30,U111,1,BG,BG3,BG34,BG343,Spontaneously re-vegetated surfaces,Agriculture (excluding fallow land and kitchen gardens)
56102260,Yes,,,,,7.3,7.66,18,19.8,5,4.7,1.7,280.9,186,B11,U111,1,BG,BG3,BG34,BG344,Common wheat,Agriculture (excluding fallow land and kitchen gardens)
56482306,Yes,,,,,5.7,6.1,9.9,13,0,4.5,1.3,185,214,B11,U111,1,BG,BG3,BG34,BG342,Common wheat,Agriculture (excluding fallow land and kitchen gardens)
56622264,Yes,,,,,4.6,4.95,5.99,3.8,0,4.4,0.5,64.9,205,E20,U111,1,BG,BG4,BG42,BG422,Grassland without tree/shrub cover,Agriculture (excluding fallow land and kitchen gardens)
56682316,Yes,,,,,7.2,7.46,8.99,16.2,1,20.4,1.9,424.5,137,B37,U111,1,BG,BG3,BG34,BG342,Other non-permanent industrial crops,Agriculture (excluding fallow land and kitchen gardens)
56322276,Yes,,,,,7.4,7.78,16.41,14.6,6,6.4,1.4,384.3,142,F40,U111,1,BG,BG3,BG34,BG342,OTHER BARE SOIL,Agriculture (excluding fallow land and kitchen gardens)
56862298,Yes,,,,,5.2,5.75,9.27,19.1,0,37.3,1.8,289.6,220,B11,U111,1,BG,BG3,BG34,BG343,Common wheat,Agriculture (excluding fallow land and kitchen gardens)
56282430,Yes,,,,,5.7,6.16,7.58,13.8,0,10.2,1.4,186.4,251,B11,U111,1,BG,BG3,BG32,BG323,Common wheat,Agriculture (excluding fallow land and kitchen gardens)
56682258,Yes,,,,,5.7,6.23,11.02,6.7,0,3,0.8,138.2,240,B11,U111,1,BG,BG4,BG42,BG422,Common wheat,Agriculture (excluding fallow land and kitchen gardens)
56562290,Yes,,,,,7.1,7.36,16.01,42.1,11,97.3,3.1,1172.7,154,E10,U420,1,BG,BG3,BG34,BG343,Grassland with sparse tree/shrub cover,Semi-natural and natural areas not in use
56742296,Yes,,,,,7.2,7.43,20.9,16.2,17,63.5,1.7,337.5,124,E30,U112,1,BG,BG3,BG34,BG343,Spontaneously re-vegetated surfaces,Fallow land
56402320,Yes,,,,,5.9,6.08,9.65,54.8,1,37.1,4,350,757,C10,U120,2,BG,BG3,BG34,BG342,Broadleaved woodland,FORESTRY
57102282,Yes,,,,,5.7,6.07,5.81,9.5,0,24.7,1,131.6,222,B11,U111,1,BG,BG3,BG34,BG343,Common wheat,Agriculture (excluding fallow land and kitchen gardens)
56802310,Yes,,,,,7.5,7.77,12.92,18.6,11,13.5,1.7,383.4,159,B11,U111,1,BG,BG3,BG34,BG343,Common wheat,Agriculture (excluding fallow land and kitchen gardens)
54022244,Yes,,,,,5.1,5.45,22.3,16,0,6.4,1.8,51.8,810,E20,U111,1,BG,BG4,BG41,BG414,Grassland without tree/shrub cover,Agriculture (excluding fallow land and kitchen gardens)
56762248,Yes,,,,,5.2,5.42,29.7,15.6,0,7.5,1.7,206.2,228,D20,U111,1,BG,BG4,BG42,BG422,Shrubland without tree cover,Agriculture (excluding fallow land and kitchen gardens)
55962232,Yes,,,,,6.7,7.06,8.82,11.3,1,15.8,1.1,220.2,174,E30,U112,1,BG,BG4,BG42,BG422,Spontaneously re-vegetated surfaces,Fallow land
56722276,Yes,,,,,7.2,7.65,22.1,12.8,28,24.6,1.3,422.5,166,D10,U420,1,BG,BG3,BG34,BG343,Shrubland with sparse tree cover,Semi-natural and natural areas not in use
56482284,Yes,,,,,5.9,6.41,7.21,23.2,0,33.3,2.2,426.2,189,B31,U111,1,BG,BG3,BG34,BG343,Sunflower,Agriculture (excluding fallow land and kitchen gardens)
56842292,Yes,,,,,7.5,7.71,26.5,21.1,55,19,2.3,705.3,148,B31,U111,1,BG,BG3,BG34,BG343,Sunflower,Agriculture (excluding fallow land and kitchen gardens)
56982288,Yes,,,,,5.4,5.83,9.47,17.5,0,17.7,1.6,168,283,B11,U111,1,BG,BG3,BG34,BG343,Common wheat,Agriculture (excluding fallow land and kitchen gardens)
56902250,Yes,,,,,6.5,6.77,13.43,31.2,1,3.4,3.2,253.1,343,E10,U420,1,BG,BG3,BG34,BG343,Grassland with sparse tree/shrub cover,Semi-natural and natural areas not in use
56582258,Yes,,,,,7.4,7.76,18.86,12.6,27,6,1.3,252,246,B11,U111,1,BG,BG4,BG42,BG422,Common wheat,Agriculture (excluding fallow land and kitchen gardens)
56802234,Yes,,,,,5.6,6.08,12.53,13.1,0,9.7,1.2,240.8,178,B11,U111,1,BG,BG4,BG42,BG422,Common wheat,Agriculture (excluding fallow land and kitchen gardens)
56062278,Yes,,,,,7.3,7.58,24.8,19,4,59,2.1,397.1,167,B11,U111,1,BG,BG3,BG34,BG344,Common wheat,Agriculture (excluding fallow land and kitchen gardens)
56742246,Yes,,,,,4.2,4.47,11.3,8.3,0,4.4,0.8,49.7,273,C10,U120,1,BG,BG4,BG42,BG422,Broadleaved woodland,FORESTRY
54742240,Yes,,,,,5.4,5.67,40.5,22.7,0,17,2.1,120.6,589,C32,U120,1,BG,BG4,BG42,BG423,Pine dominated mixed woodland,FORESTRY
54942272,Yes,,,,,4.3,4.63,16.41,11.8,0,12.8,1.5,24.7,635,E10,U111,1,BG,BG4,BG42,BG423,Grassland with sparse tree/shrub cover,Agriculture (excluding fallow land and kitchen gardens)
56922264,Yes,,,,,4.8,5.15,17.88,12.4,0,18.6,1.5,92.7,162,E30,U111,1,BG,BG3,BG34,BG343,Spontaneously re-vegetated surfaces,Agriculture (excluding fallow land and kitchen gardens)
56762266,Yes,,,,,7.6,8.1,15.62,3.7,243,8.2,1.1,323.1,124,B11,U111,1,BG,BG4,BG42,BG422,Common wheat,Agriculture (excluding fallow land and kitchen gardens)
56742272,Yes,,,,,6.3,6.6,6.47,10.9,1,14.6,1,170.4,107,F40,U111,1,BG,BG3,BG34,BG343,OTHER BARE SOIL,Agriculture (excluding fallow land and kitchen gardens)
56842256,Yes,,,,,5.3,5.61,18.31,12.8,0,6.4,1.5,132.1,162,E10,U111,1,BG,BG3,BG34,BG343,Grassland with sparse tree/shrub cover,Agriculture (excluding fallow land and kitchen gardens)
55442260,Yes,,,,,5.1,5.39,11.98,13.2,0,34.1,1.4,247.4,215,E30,U111,1,BG,BG4,BG42,BG421,Spontaneously re-vegetated surfaces,Agriculture (excluding fallow land and kitchen gardens)
55742358,Yes,,,,,7.4,7.62,16.07,29.1,19,19.2,3.1,421.2,112,D10,U420,1,BG,BG3,BG32,BG321,Shrubland with sparse tree cover,Semi-natural and natural areas not in use
55662242,Yes,,,,,7.4,7.62,13.53,24.5,5,5.1,2.8,278.9,135,B52,U111,1,BG,BG4,BG42,BG421,Lucerne,Agriculture (excluding fallow land and kitchen gardens)
55582248,Yes,,,,,6.2,6.51,6.14,12.9,0,9.1,1.3,160.1,156,E30,U112,1,BG,BG4,BG42,BG421,Spontaneously re-vegetated surfaces,Fallow land
55502248,Yes,,,,,5.6,5.85,5.95,11.3,0,20.1,1.2,90.7,164,B52,U111,1,BG,BG4,BG42,BG421,Lucerne,Agriculture (excluding fallow land and kitchen gardens)
55302246,Yes,,,,,4.3,4.74,8.82,8.3,0,27.7,0.9,93.9,194,B11,U111,1,BG,BG4,BG42,BG421,Common wheat,Agriculture (excluding fallow land and kitchen gardens)
55282244,Yes,,,,,5,5.4,4.93,7,0,28.3,0.9,97.5,187,B31,U111,1,BG,BG4,BG42,BG421,Sunflower,Agriculture (excluding fallow land and kitchen gardens)
54962244,Yes,,,,,5.7,5.84,14.54,7.4,0,21.6,1,120.6,262,B11,U111,1,BG,BG4,BG42,BG423,Common wheat,Agriculture (excluding fallow land and kitchen gardens)
54942224,Yes,,,,,6.1,6.21,9.84,4.5,1,26.8,0.6,62.5,290,E30,U111,2,BG,BG4,BG42,BG423,Spontaneously re-vegetated surfaces,Agriculture (excluding fallow land and kitchen gardens)
55062222,Yes,,,,,6.7,6.94,9.78,4,1,40.6,0.6,45.1,388,B19,U111,1,BG,BG4,BG42,BG423,Other cereals,Agriculture (excluding fallow land and kitchen gardens)
53882222,Yes,,,,,5.4,5.83,5.8,9.8,0,10.4,0.8,79.8,643,C22,U120,1,BG,BG4,BG41,BG415,Pine dominated coniferous woodland,FORESTRY
55002216,Yes,,,,,5.3,5.52,52.8,25.6,1,37.6,2.1,383.1,660,C10,U120,1,BG,BG4,BG42,BG423,Broadleaved woodland,FORESTRY
55342278,Yes,,,,,4.2,4.45,16.22,5.7,1,23.2,0.8,58.8,289,B52,U111,1,BG,BG4,BG42,BG421,Lucerne,Agriculture (excluding fallow land and kitchen gardens)
55402270,Yes,,,,,5.3,5.59,12.85,6.3,1,6.4,0.8,69.7,310,C10,U420,1,BG,BG4,BG42,BG421,Broadleaved woodland,Semi-natural and natural areas not in use
55362256,Yes,,,,,4.4,4.75,12.41,6.1,0,24.6,0.9,47,201,F40,U111,1,BG,BG4,BG42,BG421,OTHER BARE SOIL,Agriculture (excluding fallow land and kitchen gardens)
56042230,Yes,,,,,7.1,7.48,9.55,13.4,3,42.3,1.4,248.6,176,B14,U111,1,BG,BG4,BG42,BG422,Rye,Agriculture (excluding fallow land and kitchen gardens)
55542220,Yes,,,,,7.4,7.81,13.43,14.9,70,8,1.6,240.4,321,B82,U111,1,BG,BG4,BG42,BG421,Vineyards,Agriculture (excluding fallow land and kitchen gardens)
53742220,Yes,,,,,5.9,6.41,7.81,14.7,0,18.1,1.9,217.6,461,B16,U111,2,BG,BG4,BG41,BG415,Maize,Agriculture (excluding fallow land and kitchen gardens)
54362138,Yes,,,,,6.2,6.52,6.65,9.8,0,8.2,1.1,127.6,218,E30,U112,1,BG,BG4,BG41,BG413,Spontaneously re-vegetated surfaces,Fallow land
53822252,Yes,,,,,6.9,7,54.5,34.8,8,20.3,3.7,469.2,649,E10,U111,1,BG,BG4,BG41,BG414,Grassland with sparse tree/shrub cover,Agriculture (excluding fallow land and kitchen gardens)
53502218,Yes,,,,,5.5,5.79,21.6,18.8,0,33.6,2.1,196.9,811,E30,U111,1,BG,BG4,BG41,BG415,Spontaneously re-vegetated surfaces,Agriculture (excluding fallow land and kitchen gardens)
53742228,Yes,,,,,7.1,7.23,26,54.8,263,24,4.1,308.2,911,C10,U120,4,BG,BG4,BG41,BG415,Broadleaved woodland,FORESTRY
54062230,Yes,,,,,6.4,6.42,40.7,34.4,1,30,3.7,58,597,B11,U111,1,BG,BG4,BG41,BG415,Common wheat,Agriculture (excluding fallow land and kitchen gardens)
55622242,Yes,,,,,7.6,7.89,18.83,13.2,52,6.4,1.5,269.3,139,B16,U111,1,BG,BG4,BG42,BG421,Maize,Agriculture (excluding fallow land and kitchen gardens)
54602208,Yes,,,,,6,6.35,3.1,1.2,0,3,0.1,19.6,1190,C21,U120,2,BG,BG4,BG41,BG413,Spruce dominated coniferous woodland,FORESTRY
54582260,Yes,,,,,4.3,4.6,13.41,10.6,1,12.8,0.8,53.1,907,C10,U120,1,BG,BG4,BG41,BG412,Broadleaved woodland,FORESTRY
53822218,Yes,,,,,7.5,7.89,14.59,14.2,157,13.8,1.8,149,497,E10,U410,2,BG,BG4,BG41,BG415,Grassland with sparse tree/shrub cover,Abandoned areas
54382196,Yes,,,,,6.6,6.74,9.88,5.6,1,0,0.5,164.8,957,C22,U120,2,BG,BG4,BG41,BG413,Pine dominated coniferous woodland,FORESTRY
54642162,Yes,,,,,5.4,5.74,8.57,4.3,0,12.6,0.6,59.2,529,E20,U111,2,BG,BG4,BG41,BG413,Grassland without tree/shrub cover,Agriculture (excluding fallow land and kitchen gardens)
55462240,Yes,,,,,5.1,5.36,13.22,13.6,0,7,1.5,126.3,154,B13,U111,1,BG,BG4,BG42,BG421,Barley,Agriculture (excluding fallow land and kitchen gardens)
55642214,Yes,,,,,4.1,4.44,7.16,7.2,0,28,0.8,101,420,E30,U111,1,BG,BG4,BG42,BG421,Spontaneously re-vegetated surfaces,Agriculture (excluding fallow land and kitchen gardens)
55082228,Yes,,,,,7.3,7.53,23.5,25.2,738,7.9,4.4,166.6,358,D10,U420,1,BG,BG4,BG42,BG423,Shrubland with sparse tree cover,Semi-natural and natural areas not in use
54442182,Yes,,,,,6,6.35,4.55,4.4,0,7.9,0.6,52.3,870,E20,U111,3,BG,BG4,BG41,BG413,Grassland without tree/shrub cover,Agriculture (excluding fallow land and kitchen gardens)
54882154,Yes,,,,,6.3,6.49,27.2,25.4,0,18.3,2.2,200.9,674,C10,U120,3,BG,BG4,BG41,BG413,Broadleaved woodland,FORESTRY
56202386,Yes,,,,,7.2,7.43,23,32.7,33,8.3,3.9,391.8,352,E10,U111,1,BG,BG3,BG33,BG334,Grassland with sparse tree/shrub cover,Agriculture (excluding fallow land and kitchen gardens)
55942212,Yes,,,,,5.4,5.75,8.08,6.1,0,12.7,0.7,219.6,277,B16,U111,1,BG,BG4,BG42,BG422,Maize,Agriculture (excluding fallow land and kitchen gardens)
55482170,Yes,,,,,4.4,4.65,24.5,17.8,0,4.7,1,70.7,1034,C33,U120,1,BG,BG4,BG42,BG424,Other mixed woodland,FORESTRY
55842206,Yes,,,,,4.9,5.12,45.2,17.3,0,8.4,2.4,198.3,615,E10,U111,1,BG,BG4,BG42,BG425,Grassland with sparse tree/shrub cover,Agriculture (excluding fallow land and kitchen gardens)
55442174,Yes,,,,,5,5.45,16.3,17.3,0,11.7,1.8,321.2,1135,E10,U111,1,BG,BG4,BG42,BG424,Grassland with sparse tree/shrub cover,Agriculture (excluding fallow land and kitchen gardens)
55982192,Yes,,,,,5.5,6.08,9.12,14.1,0,17.8,1.5,1701.9,344,E20,U111,1,BG,BG4,BG42,BG425,Grassland without tree/shrub cover,Agriculture (excluding fallow land and kitchen gardens)
55922152,Yes,,,,,5.6,5.87,13.8,9.5,0,5.3,0.7,88.2,428,C10,U120,1,BG,BG4,BG42,BG425,Broadleaved woodland,FORESTRY
56562182,Yes,,,,,5.5,6.05,10,14.1,0,11.8,1.5,186.9,383,B74,U111,1,BG,BG4,BG42,BG422,Nuts trees,Agriculture (excluding fallow land and kitchen gardens)
56022164,Yes,,,,,6.2,6.44,10.9,7.3,0,30,1.1,79.7,283,B36,U111,1,BG,BG4,BG42,BG425,Tobacco,Agriculture (excluding fallow land and kitchen gardens)
55862240,Yes,,,,,7.6,7.93,38.7,11.5,426,12.2,1.7,188.1,121,B53,U111,1,BG,BG4,BG42,BG422,Other Leguminous  and mixtures for fodder,Agriculture (excluding fallow land and kitchen gardens)
55742250,Yes,,,,,7.1,7.31,28.6,17.4,8,81.1,1.7,940.3,182,B31,U111,1,BG,BG3,BG34,BG344,Sunflower,Agriculture (excluding fallow land and kitchen gardens)
55902264,Yes,,,,,7.5,7.98,15.08,14,11,9.6,1.3,346.8,261,B82,U410,1,BG,BG3,BG34,BG344,Vineyards,Abandoned areas
55682262,Yes,,,,,7.6,7.97,32.3,15.9,486,13.7,1.8,191,253,B31,U111,4,BG,BG3,BG34,BG344,Sunflower,Agriculture (excluding fallow land and kitchen gardens)
55802236,Yes,,,,,7.3,7.6,35.9,24.3,17,7,2.5,361.5,136,B31,U111,1,BG,BG4,BG42,BG421,Sunflower,Agriculture (excluding fallow land and kitchen gardens)
56682268,Yes,,,,,7.6,7.89,16.18,20.9,43,6.5,2.1,316.2,181,E30,U111,1,BG,BG3,BG34,BG343,Spontaneously re-vegetated surfaces,Agriculture (excluding fallow land and kitchen gardens)
55142186,Yes,,,,,5.5,6.1,3.69,8.6,0,4.1,0.7,192.8,848,C10,U120,2,BG,BG4,BG42,BG424,Broadleaved woodland,FORESTRY
55882224,Yes,,,,,5.3,5.58,12.6,13.6,1,60.1,1.4,389.2,266,E10,U112,1,BG,BG4,BG42,BG422,Grassland with sparse tree/shrub cover,Fallow land
56622184,Yes,,,,,5,5.66,5.51,13.4,0,5.4,1.2,1209.4,260,C10,U120,1,BG,BG4,BG42,BG422,Broadleaved woodland,FORESTRY
56482194,Yes,,,,,5.6,5.84,42.1,36.5,1,19.8,3.8,294.9,372,D10,U111,1,BG,BG4,BG42,BG422,Shrubland with sparse tree cover,Agriculture (excluding fallow land and kitchen gardens)
56182196,Yes,,,,,6.5,6.6,11.07,15.2,1,41,1.7,271.6,345,E20,U111,1,BG,BG4,BG42,BG422,Grassland without tree/shrub cover,Agriculture (excluding fallow land and kitchen gardens)
56202206,Yes,,,,,5.3,5.67,8.31,44.5,0,9.1,3.4,262.2,293,C10,U120,1,BG,BG4,BG42,BG422,Broadleaved woodland,FORESTRY
56182214,Yes,,,,,6.5,6.61,13.93,6.3,0,32.9,0.9,299.9,186,E30,U111,1,BG,BG4,BG42,BG422,Spontaneously re-vegetated surfaces,Agriculture (excluding fallow land and kitchen gardens)
55802164,Yes,,,,,5.2,5.43,17.8,9.7,0,11.4,1.1,139.1,453,E20,U111,1,BG,BG4,BG42,BG424,Grassland without tree/shrub cover,Agriculture (excluding fallow land and kitchen gardens)
55702170,Yes,,,,,4.3,4.65,17.78,9.9,0,14.2,1.1,181.6,822,E30,U111,1,BG,BG4,BG42,BG424,Spontaneously re-vegetated surfaces,Agriculture (excluding fallow land and kitchen gardens)
55722274,Yes,,,,,5.6,5.97,25.4,18.5,1,11.7,1.6,109.6,465,C10,U120,1,BG,BG3,BG34,BG344,Broadleaved woodland,FORESTRY
56022218,Yes,,,,,5.5,5.75,16.7,10.9,1,29.4,1.2,272.9,257,B11,U111,1,BG,BG4,BG42,BG422,Common wheat,Agriculture (excluding fallow land and kitchen gardens)
55822214,Yes,,,,,4.6,5.18,10.65,18.2,0,7.8,1.6,200.9,595,C10,U120,1,BG,BG4,BG42,BG422,Broadleaved woodland,FORESTRY
55402158,Yes,,,,,5.6,5.77,27.7,21.7,1,4.2,2,81.5,1009,C32,U120,1,BG,BG4,BG42,BG424,Pine dominated mixed woodland,FORESTRY
55882170,Yes,,,,,4.8,5.16,16.61,15.4,1,4.7,1.3,1997.7,757,C32,U120,4,BG,BG4,BG42,BG425,Pine dominated mixed woodland,FORESTRY
56062152,Yes,,,,,4.3,4.56,20.1,14.3,0,16.5,1.5,190,475,C32,U120,1,BG,BG4,BG42,BG425,Pine dominated mixed woodland,FORESTRY
55622224,Yes,,,,,6.4,6.53,15.31,13.1,0,15.5,1.4,298.8,258,B11,U111,1,BG,BG4,BG42,BG421,Common wheat,Agriculture (excluding fallow land and kitchen gardens)
54902170,Yes,,,,,6,6.22,13.51,36,3,7.8,2.2,119,1298,C22,U120,1,BG,BG4,BG41,BG413,Pine dominated coniferous woodland,FORESTRY
56642296,Yes,,,,,5.5,5.94,7.58,20.4,0,18.8,1.9,286.9,158,B31,U111,1,BG,BG3,BG34,BG343,Sunflower,Agriculture (excluding fallow land and kitchen gardens)
57422350,Yes,,,,,5.5,5.87,12.83,32.1,0,10.1,2.9,114.1,147,C10,U120,1,BG,BG3,BG34,BG341,Broadleaved woodland,FORESTRY
57162324,Yes,,,,,7.3,7.32,11.03,15.6,1,22.2,1.6,156.7,172,B31,U111,1,BG,BG3,BG34,BG341,Sunflower,Agriculture (excluding fallow land and kitchen gardens)
57242300,Yes,,,,,6.3,6.59,11.29,17,1,38.7,1.7,280.9,32,B31,U111,1,BG,BG3,BG34,BG341,Sunflower,Agriculture (excluding fallow land and kitchen gardens)
57442294,Yes,,,,,5.6,5.85,30.7,33.5,1,8.5,2.4,133.4,191,C10,U120,1,BG,BG3,BG34,BG341,Broadleaved woodland,FORESTRY
56942334,Yes,,,,,5.5,6.03,7.15,11.1,1,10.2,1.1,214.8,183,B31,U111,1,BG,BG3,BG34,BG341,Sunflower,Agriculture (excluding fallow land and kitchen gardens)
56342170,Yes,,,,,4.7,5.19,20,10.1,0,17.3,0.8,84.1,604,C22,U120,1,BG,BG4,BG42,BG425,Pine dominated coniferous woodland,FORESTRY
57142286,Yes,,,,,5.6,5.87,12.49,22.9,0,15.4,2.3,146.9,186,E20,U111,1,BG,BG3,BG34,BG341,Grassland without tree/shrub cover,Agriculture (excluding fallow land and kitchen gardens)
56802342,Yes,,,,,4,4.7,3.55,10.2,0,4.5,0.7,101.4,429,C10,U120,1,BG,BG3,BG34,BG341,Broadleaved woodland,FORESTRY
57322286,Yes,,,,,6.1,6.29,19.6,27.9,0,8.7,2.7,226.6,212,C10,U120,1,BG,BG3,BG34,BG341,Broadleaved woodland,FORESTRY
56702354,Yes,,,,,4.5,4.99,5.95,24.3,0,11.5,1.8,125.2,482,C10,U120,1,BG,BG3,BG33,BG333,Broadleaved woodland,FORESTRY
57542308,Yes,,,,,7.2,7.39,13.91,24.6,0,23.2,2.2,287.8,107,E10,U111,1,BG,BG3,BG34,BG341,Grassland with sparse tree/shrub cover,Agriculture (excluding fallow land and kitchen gardens)
57242282,Yes,,,,,7.4,7.58,3.05,3.4,1,11.5,0.2,62.2,312,C22,U120,1,BG,BG3,BG34,BG341,Pine dominated coniferous woodland,FORESTRY
57262276,Yes,,,,,5.9,6.17,4.92,9.2,0,8.4,1,57.1,302,E30,U112,1,BG,BG3,BG34,BG341,Spontaneously re-vegetated surfaces,Fallow land
57122330,Yes,,,,,5.8,6.1,9.53,14.4,0,12.7,1.6,91.9,316,E10,U111,1,BG,BG3,BG34,BG341,Grassland with sparse tree/shrub cover,Agriculture (excluding fallow land and kitchen gardens)
57182332,Yes,,,,,5.2,5.71,9.5,22.4,0,19.6,2.1,209.5,236,B11,U111,1,BG,BG3,BG34,BG341,Common wheat,Agriculture (excluding fallow land and kitchen gardens)
57342364,Yes,,,,,7.7,7.95,16.59,14.4,424,5.6,1.3,237.5,271,E10,U111,1,BG,BG3,BG33,BG331,Grassland with sparse tree/shrub cover,Agriculture (excluding fallow land and kitchen gardens)
57022266,Yes,,,,,5.1,5.43,7.85,38.7,0,6.5,2.7,220.4,342,C32,U120,1,BG,BG3,BG34,BG343,Pine dominated mixed woodland,FORESTRY
56562344,Yes,,,,,5,5.3,11.22,15,0,3.6,1.7,139.3,591,C22,U120,1,BG,BG3,BG34,BG342,Pine dominated coniferous woodland,FORESTRY
56662338,Yes,,,,,5.1,5.26,39.6,18.2,0,9.2,2,109.3,330,D10,U420,1,BG,BG3,BG34,BG342,Shrubland with sparse tree cover,Semi-natural and natural areas not in use
56302288,Yes,,,,,7.6,7.88,25.3,21.1,74,16.8,1.6,404,127,E20,U420,1,BG,BG3,BG34,BG342,Grassland without tree/shrub cover,Semi-natural and natural areas not in use
56302302,Yes,,,,,7.3,7.69,17.15,12.1,3,28.5,1.3,219.3,313,F40,U111,1,BG,BG3,BG34,BG342,OTHER BARE SOIL,Agriculture (excluding fallow land and kitchen gardens)
56842320,Yes,,,,,7.2,7.51,12,12.2,1,21.5,1.6,194.5,147,B31,U111,1,BG,BG3,BG34,BG343,Sunflower,Agriculture (excluding fallow land and kitchen gardens)
57162300,Yes,,,,,6.2,6.54,11.53,20.7,1,33.6,2,272.8,50,B11,U111,1,BG,BG3,BG34,BG341,Common wheat,Agriculture (excluding fallow land and kitchen gardens)
57522354,Yes,,,,,7.5,7.89,14.76,15.1,24,22,1.7,482.7,73,B11,U111,1,BG,BG3,BG34,BG341,Common wheat,Agriculture (excluding fallow land and kitchen gardens)
57022320,Yes,,,,,6.1,6.48,11.6,16.9,0,6.7,1.7,278.6,243,B11,U111,1,BG,BG3,BG34,BG341,Common wheat,Agriculture (excluding fallow land and kitchen gardens)
57442366,Yes,,,,,6.6,6.71,13.91,16.2,3,18.6,1.4,175.8,155,E10,U111,1,BG,BG3,BG33,BG331,Grassland with sparse tree/shrub cover,Agriculture (excluding fallow land and kitchen gardens)
57622366,Yes,,,,,5.5,5.84,6.16,24.2,0,7.5,1.7,92.9,135,C10,U120,1,BG,BG3,BG33,BG331,Broadleaved woodland,FORESTRY
57522274,Yes,,,,,6.7,6.9,30.2,138.4,3,28.9,11.3,571,309,C10,U120,1,BG,BG3,BG34,BG341,Broadleaved woodland,FORESTRY
57122302,Yes,,,,,6.4,6.68,11.95,17.8,0,24.1,1.8,245.3,100,B11,U111,1,BG,BG3,BG34,BG341,Common wheat,Agriculture (excluding fallow land and kitchen gardens)
56862330,Yes,,,,,5.7,6.04,11.81,21.1,0,5,2.2,95.6,407,C10,U120,1,BG,BG3,BG34,BG341,Broadleaved woodland,FORESTRY
56842342,Yes,,,,,4.4,5.02,4.01,11.8,0,38.9,1.2,64.2,388,B11,U111,1,BG,BG3,BG34,BG341,Common wheat,Agriculture (excluding fallow land and kitchen gardens)
56202314,Yes,,,,,5.6,5.94,5.91,33.5,0,11.8,3.4,116.4,348,E10,U410,1,BG,BG3,BG34,BG342,Grassland with sparse tree/shrub cover,Abandoned areas
57302330,Yes,,,,,7.6,8.06,16.72,14.4,20,14.3,1.3,293.4,41,B11,U111,1,BG,BG3,BG34,BG341,Common wheat,Agriculture (excluding fallow land and kitchen gardens)
54422140,Yes,,,,,7,7.09,23.7,9.8,4,8.6,1.1,59.8,185,C10,U120,1,BG,BG4,BG41,BG413,Broadleaved woodland,FORESTRY
57362326,Yes,,,,,6.1,6.56,6.77,16.7,0,6.1,1.5,393.6,51,B11,U111,1,BG,BG3,BG34,BG341,Common wheat,Agriculture (excluding fallow land and kitchen gardens)
57162364,Yes,,,,,5.7,6.03,4.41,11.2,0,8.4,1.2,108.3,144,E10,U111,1,BG,BG3,BG34,BG341,Grassland with sparse tree/shrub cover,Agriculture (excluding fallow land and kitchen gardens)
57122348,Yes,,,,,4.8,5.36,6.13,8.9,0,9.5,1,104.9,256,C10,U120,1,BG,BG3,BG34,BG341,Broadleaved woodland,FORESTRY
57062336,Yes,,,,,7.7,8.5,24.9,15.1,22,14.9,1.8,407.2,175,B11,U111,1,BG,BG3,BG34,BG341,Common wheat,Agriculture (excluding fallow land and kitchen gardens)
57702274,Yes,,,,,6,6.15,7.41,30.6,0,13.5,2.8,127.5,198,C10,U120,1,BG,BG3,BG34,BG341,Broadleaved woodland,FORESTRY
57722286,Yes,,,,,5.5,5.9,6.31,21.3,0,11.6,1.9,192.6,215,C10,U120,1,BG,BG3,BG34,BG341,Broadleaved woodland,FORESTRY
55702376,Yes,,,,,7.7,7.76,21.1,27.7,82,4.5,3.2,334.3,132,E10,U420,1,BG,BG3,BG32,BG321,Grassland with sparse tree/shrub cover,Semi-natural and natural areas not in use
55402328,Yes,,,,,7.4,7.61,22.6,24.4,20,44.6,3,397,250,D10,U420,1,BG,BG3,BG32,BG322,Shrubland with sparse tree cover,Semi-natural and natural areas not in use
55462330,Yes,,,,,5.9,6.1,11.71,13.5,0,4,1.9,204.8,254,C10,U420,1,BG,BG3,BG32,BG322,Broadleaved woodland,Semi-natural and natural areas not in use
55562326,Yes,,,,,5.2,5.44,14.51,14.9,0,3.7,2.1,120.3,351,C10,U420,1,BG,BG3,BG32,BG322,Broadleaved woodland,Semi-natural and natural areas not in use
54862248,Yes,,,,,4.5,4.95,3.22,3,0,4,0.4,18.8,437,E10,U420,1,BG,BG4,BG42,BG423,Grassland with sparse tree/shrub cover,Semi-natural and natural areas not in use
54882244,Yes,,,,,5.3,5.39,14.02,10.9,0,19.3,1.4,148.3,253,B31,U111,1,BG,BG4,BG42,BG423,Sunflower,Agriculture (excluding fallow land and kitchen gardens)
56962314,Yes,,,,,4.9,5.39,9.06,15.4,0,11,1.5,299.9,189,B31,U111,1,BG,BG3,BG34,BG341,Sunflower,Agriculture (excluding fallow land and kitchen gardens)
54842358,Yes,,,,,6.4,6.63,4.81,9.8,0,8,1.2,92,108,E30,U111,1,BG,BG3,BG31,BG314,Spontaneously re-vegetated surfaces,Agriculture (excluding fallow land and kitchen gardens)
55322388,Yes,,,,,7.8,8.03,14.27,14.6,97,11.8,1.5,138.6,188,B82,U111,1,BG,BG3,BG31,BG314,Vineyards,Agriculture (excluding fallow land and kitchen gardens)
55342404,Yes,,,,,7.8,8.17,14.19,16.9,1,25.6,1.8,164.1,32,B82,U111,1,BG,BG3,BG31,BG314,Vineyards,Agriculture (excluding fallow land and kitchen gardens)
55102384,Yes,,,,,7.2,7.45,21.4,15.2,6,14.7,1.9,161.8,167,B11,U111,1,BG,BG3,BG31,BG314,Common wheat,Agriculture (excluding fallow land and kitchen gardens)
55182378,Yes,,,,,7.2,7.44,13.27,15.4,1,19.3,1.7,188.3,164,B11,U111,1,BG,BG3,BG31,BG314,Common wheat,Agriculture (excluding fallow land and kitchen gardens)
55002378,Yes,,,,,6.2,6.46,7.25,16.1,1,24.3,1.7,158.3,237,B15,U111,1,BG,BG3,BG31,BG314,Oats,Agriculture (excluding fallow land and kitchen gardens)
54782392,Yes,,,,,7.4,7.71,15.03,18.9,10,9.2,2.5,192,36,B31,U111,1,BG,BG3,BG31,BG314,Sunflower,Agriculture (excluding fallow land and kitchen gardens)
56202458,Yes,,,,,6.1,6.35,12.25,13.6,0,13.5,1.5,205.9,46,B11,U111,1,BG,BG3,BG32,BG323,Common wheat,Agriculture (excluding fallow land and kitchen gardens)
56462398,Yes,,,,,6.6,6.81,5.48,18.5,0,34.2,2,363.7,224,B31,U111,1,BG,BG3,BG33,BG334,Sunflower,Agriculture (excluding fallow land and kitchen gardens)
53842226,Yes,,,,,6.2,6.54,10.58,15.7,0,36,2.1,288.5,710,B11,U111,1,BG,BG4,BG41,BG415,Common wheat,Agriculture (excluding fallow land and kitchen gardens)
53862246,Yes,,,,,6.1,6.36,24,15.6,0,24,1.7,290,656,B11,U111,1,BG,BG4,BG41,BG414,Common wheat,Agriculture (excluding fallow land and kitchen gardens)
53882230,Yes,,,,,5.7,6.08,9.89,20.7,0,18.5,2.3,289.7,621,B11,U111,2,BG,BG4,BG41,BG415,Common wheat,Agriculture (excluding fallow land and kitchen gardens)
53862218,Yes,,,,,5,5.51,6.92,10.4,0,9.3,1.1,120.1,677,B11,U111,1,BG,BG4,BG41,BG415,Common wheat,Agriculture (excluding fallow land and kitchen gardens)
55202358,Yes,,,,,5.3,5.77,7.54,15.7,1,53.3,1.6,313.9,170,B13,U111,1,BG,BG3,BG31,BG315,Barley,Agriculture (excluding fallow land and kitchen gardens)
55742340,Yes,,,,,5,5.46,5.38,14.1,0,14.3,1.8,123.8,374,B16,U111,1,BG,BG3,BG32,BG322,Maize,Agriculture (excluding fallow land and kitchen gardens)
55262350,Yes,,,,,6.9,7.14,16.78,35.8,4,6,3.5,318.7,427,E10,U111,2,BG,BG3,BG31,BG315,Grassland with sparse tree/shrub cover,Agriculture (excluding fallow land and kitchen gardens)
55262344,Yes,,,,,7.5,7.84,21.9,20.9,35,6.9,2.5,226.1,439,E20,U111,1,BG,BG3,BG31,BG315,Grassland without tree/shrub cover,Agriculture (excluding fallow land and kitchen gardens)
55362346,Yes,,,,,5.3,5.68,11.34,15.5,1,30.1,1.7,238.8,401,B31,U111,1,BG,BG3,BG32,BG322,Sunflower,Agriculture (excluding fallow land and kitchen gardens)
55182336,Yes,,,,,4.7,4.99,29.2,22.5,0,6.1,2.2,155.6,343,C10,U120,1,BG,BG3,BG31,BG315,Broadleaved woodland,FORESTRY
55602316,Yes,,,,,6.5,6.94,34,19.4,3,6.9,2,63.9,553,C10,U120,2,BG,BG3,BG32,BG322,Broadleaved woodland,FORESTRY
55862330,Yes,,,,,5.2,5.6,19.4,11.8,0,9.9,1.3,499.8,576,C10,U120,2,BG,BG3,BG32,BG322,Broadleaved woodland,FORESTRY
54882406,Yes,,,,,7.8,8.01,24.1,13.1,63,5.8,1.5,137.5,25,B11,U111,1,BG,BG3,BG31,BG314,Common wheat,Agriculture (excluding fallow land and kitchen gardens)
55562340,Yes,,,,,5.7,5.95,13.84,31.9,0,0,3.5,271.7,305,D10,U420,1,BG,BG3,BG32,BG322,Shrubland with sparse tree cover,Semi-natural and natural areas not in use
55282406,Yes,,,,,7.6,7.99,18.58,9.6,18,13.9,1.3,167.8,31,B32,U111,1,BG,BG3,BG31,BG314,Rape and turnip rape,Agriculture (excluding fallow land and kitchen gardens)
55802318,Yes,,,,,4.3,4.56,17.93,11.1,0,4.6,1.2,85.9,625,C10,U120,1,BG,BG3,BG32,BG322,Broadleaved woodland,FORESTRY
55862324,Yes,,,,,4.5,4.83,11.87,6.3,0,3.5,0.6,49.2,569,C22,U420,2,BG,BG3,BG32,BG322,Pine dominated coniferous woodland,Semi-natural and natural areas not in use
55342340,Yes,,,,,5.3,5.55,28.5,22.5,0,7.6,2.7,216.3,352,E10,U112,1,BG,BG3,BG32,BG322,Grassland with sparse tree/shrub cover,Fallow land
55242334,Yes,,,,,4.6,4.89,27.9,23.7,0,12,2.7,81,496,E20,U111,1,BG,BG3,BG31,BG315,Grassland without tree/shrub cover,Agriculture (excluding fallow land and kitchen gardens)
55382340,Yes,,,,,7,7.13,17.23,21.8,6,35.3,2.8,274.2,398,B11,U111,1,BG,BG3,BG32,BG322,Common wheat,Agriculture (excluding fallow land and kitchen gardens)
53942254,Yes,,,,,7.2,7.39,27.6,34.6,26,5.9,3.6,594.1,894,E10,U111,1,BG,BG4,BG41,BG414,Grassland with sparse tree/shrub cover,Agriculture (excluding fallow land and kitchen gardens)
55482336,Yes,,,,,6.1,6.44,14.86,16,0,7.8,1.9,338.1,235,F40,U111,1,BG,BG3,BG32,BG322,OTHER BARE SOIL,Agriculture (excluding fallow land and kitchen gardens)
55482404,Yes,,,,,7.8,8,33,13.8,112,43.6,1.9,276,23,B33,U111,1,BG,BG3,BG32,BG321,Soya,Agriculture (excluding fallow land and kitchen gardens)
53982258,Yes,,,,,5.2,5.7,8.62,23.6,0,6.6,2.4,190,872,E30,U112,1,BG,BG4,BG41,BG414,Spontaneously re-vegetated surfaces,Fallow land
56602362,Yes,,,,,5.6,5.91,12.66,15.2,0,7.4,1.9,350.3,316,D10,U420,1,BG,BG3,BG33,BG334,Shrubland with sparse tree cover,Semi-natural and natural areas not in use
56202408,Yes,,,,,7.2,7.35,22.3,63.9,308,13.1,5.6,339.6,243,C10,U120,2,BG,BG3,BG33,BG334,Broadleaved woodland,FORESTRY
56162386,Yes,,,,,6.4,6.64,10.86,30.7,3,38.5,2.7,324.2,371,D10,U420,1,BG,BG3,BG33,BG334,Shrubland with sparse tree cover,Semi-natural and natural areas not in use
56082450,Yes,,,,,5.6,6.03,4.37,15,0,22.6,1.5,205.6,48,B11,U111,1,BG,BG3,BG32,BG323,Common wheat,Agriculture (excluding fallow land and kitchen gardens)
56222438,Yes,,,,,5.6,5.97,6.68,18.4,0,25.5,1.7,192.3,182,B33,U111,1,BG,BG3,BG32,BG323,Soya,Agriculture (excluding fallow land and kitchen gardens)
56562372,Yes,,,,,7.3,7.66,21,26.1,249,7.5,3.5,271.4,364,D20,U111,1,BG,BG3,BG33,BG334,Shrubland without tree cover,Agriculture (excluding fallow land and kitchen gardens)
55462394,Yes,,,,,7.6,7.91,12.99,17,25,4.9,1.7,143.4,50,B16,U111,1,BG,BG3,BG32,BG321,Maize,Agriculture (excluding fallow land and kitchen gardens)
56702372,Yes,,,,,5.4,5.95,3.89,11.1,0,12.2,1.3,170,269,B11,U111,1,BG,BG3,BG33,BG333,Common wheat,Agriculture (excluding fallow land and kitchen gardens)
55562404,Yes,,,,,7.5,7.91,15.29,15.7,93,21.8,1.7,171.3,114,C10,U370,1,BG,BG3,BG32,BG321,Broadleaved woodland,RESIDENTIAL
55542396,Yes,,,,,7.7,7.97,15.83,16.2,22,8.6,1.8,173.9,188,B33,U111,1,BG,BG3,BG32,BG321,Soya,Agriculture (excluding fallow land and kitchen gardens)
55682392,Yes,,,,,7.4,7.68,13.22,18.3,4,18.7,2,217.1,107,B11,U111,1,BG,BG3,BG32,BG321,Common wheat,Agriculture (excluding fallow land and kitchen gardens)
56182448,Yes,,,,,5.3,5.73,8.87,19.5,1,258.7,2.1,687.1,65,B11,U111,1,BG,BG3,BG32,BG323,Common wheat,Agriculture (excluding fallow land and kitchen gardens)
55802362,Yes,,,,,6.8,7.08,8.9,11.5,1,18.3,1.4,227.6,74,B16,U111,1,BG,BG3,BG32,BG321,Maize,Agriculture (excluding fallow land and kitchen gardens)
55902418,Yes,,,,,7.7,7.98,13.94,18.5,52,7.2,2,134.2,134,B16,U111,1,BG,BG3,BG32,BG323,Maize,Agriculture (excluding fallow land and kitchen gardens)
56142406,Yes,,,,,6.8,7.05,9.42,15.6,0,55.8,1.8,261.3,180,B11,U111,1,BG,BG3,BG33,BG334,Common wheat,Agriculture (excluding fallow land and kitchen gardens)
55102394,Yes,,,,,7.7,8.14,24.5,17.3,165,7.6,1.7,159.5,128,B31,U111,1,BG,BG3,BG31,BG314,Sunflower,Agriculture (excluding fallow land and kitchen gardens)
53702240,Yes,,,,,7.4,7.69,39.8,46.3,111,6.6,4.4,263.5,737,E10,U120,1,BG,BG4,BG41,BG414,Grassland with sparse tree/shrub cover,FORESTRY
53762236,Yes,,,,,5,5.57,4.41,17.4,1,5.2,1.2,60.3,826,C10,U120,1,BG,BG4,BG41,BG414,Broadleaved woodland,FORESTRY
53802244,Yes,,,,,7.4,7.71,17.85,7.4,248,6.9,1.9,104.5,665,E10,U111,2,BG,BG4,BG41,BG414,Grassland with sparse tree/shrub cover,Agriculture (excluding fallow land and kitchen gardens)
53882234,Yes,,,,,6.7,6.86,18.78,32.5,3,5.9,3.2,408.9,692,E10,U420,1,BG,BG4,BG41,BG415,Grassland with sparse tree/shrub cover,Semi-natural and natural areas not in use
56462394,Yes,,,,,6.9,7.07,17.51,34.2,7,5.3,3.5,286.9,243,E20,U111,1,BG,BG3,BG33,BG334,Grassland without tree/shrub cover,Agriculture (excluding fallow land and kitchen gardens)
56662360,Yes,,,,,6.5,6.57,21.3,12.7,1,22.5,1.5,111.1,307,E30,U112,1,BG,BG3,BG33,BG334,Spontaneously re-vegetated surfaces,Fallow land
56182394,Yes,,,,,7.3,7.77,14.87,18.5,75,23.9,2.2,274.8,444,E30,U111,3,BG,BG3,BG33,BG334,Spontaneously re-vegetated surfaces,Agriculture (excluding fallow land and kitchen gardens)
53582236,Yes,,,,,7.3,7.46,14.4,32.2,70,16.5,3.2,200.3,1079,E10,U420,1,BG,BG4,BG41,BG415,Grassland with sparse tree/shrub cover,Semi-natural and natural areas not in use
56322406,Yes,,,,,7.6,8.13,15.68,13.2,327,4.1,1.4,128.5,180,B31,U111,1,BG,BG3,BG33,BG334,Sunflower,Agriculture (excluding fallow land and kitchen gardens)
56722388,Yes,,,,,7.2,7.45,26.3,33.7,26,27.3,3.8,619.5,153,E20,U111,1,BG,BG3,BG33,BG334,Grassland without tree/shrub cover,Agriculture (excluding fallow land and kitchen gardens)
56482382,Yes,,,,,5,5.38,7.87,17.4,0,13.3,1.9,164.9,470,E30,U112,1,BG,BG3,BG33,BG334,Spontaneously re-vegetated surfaces,Fallow land
56362376,Yes,,,,,6.2,6.48,14.09,11.6,0,17.8,1.5,140.5,452,B16,U111,1,BG,BG3,BG33,BG334,Maize,Agriculture (excluding fallow land and kitchen gardens)
56502370,Yes,,,,,5.6,6.01,5.25,16.7,0,23,1.8,237.3,450,B31,U111,1,BG,BG3,BG33,BG334,Sunflower,Agriculture (excluding fallow land and kitchen gardens)
56522380,Yes,,,,,6.4,6.59,10.26,34.5,1,7.3,4,214.3,520,E10,U111,3,BG,BG3,BG33,BG334,Grassland with sparse tree/shrub cover,Agriculture (excluding fallow land and kitchen gardens)
56382390,Yes,,,,,7.6,7.71,14.92,16.7,8,12.4,1.9,137.1,234,B31,U111,1,BG,BG3,BG33,BG334,Sunflower,Agriculture (excluding fallow land and kitchen gardens)
53322372,Yes,,,,,5.1,5.63,15.13,11.4,0,4.7,1.3,167.1,348,E10,U420,1,BG,BG3,BG31,BG311,Grassland with sparse tree/shrub cover,Semi-natural and natural areas not in use
53802330,Yes,,,,,4.7,5.18,5.32,32.7,0,7.8,2.6,192.1,847,C10,U120,1,BG,BG3,BG31,BG312,Broadleaved woodland,FORESTRY
54002350,Yes,,,,,5.6,5.88,17.35,15.7,0,21.5,1.8,340,268,B31,U111,1,BG,BG3,BG31,BG312,Sunflower,Agriculture (excluding fallow land and kitchen gardens)
53662376,Yes,,,,,5.8,6.12,7.95,14.5,0,12.6,1.4,273.3,172,B16,U111,1,BG,BG3,BG31,BG312,Maize,Agriculture (excluding fallow land and kitchen gardens)
53702356,Yes,,,,,4.8,5.11,29.6,12.9,0,22.2,1.5,67.9,307,C10,U120,1,BG,BG3,BG31,BG312,Broadleaved woodland,FORESTRY
53322422,Yes,,,,,6.9,7.19,6.17,7.6,0,7.3,1.1,125.8,75,B11,U111,1,BG,BG3,BG31,BG311,Common wheat,Agriculture (excluding fallow land and kitchen gardens)
53942332,Yes,,,,,5.3,5.7,4.56,12.9,0,8.4,1.3,127.9,338,E20,U111,1,BG,BG3,BG31,BG312,Grassland without tree/shrub cover,Agriculture (excluding fallow land and kitchen gardens)
53502416,Yes,,,,,7.2,7.52,9.93,13.9,0,8.7,1.6,186,50,B31,U111,1,BG,BG3,BG31,BG311,Sunflower,Agriculture (excluding fallow land and kitchen gardens)
53982330,Yes,,,,,6.1,6.37,8.53,36.7,0,18.7,3.5,293.9,482,C10,U120,2,BG,BG3,BG31,BG312,Broadleaved woodland,FORESTRY
53802340,Yes,,,,,5,5.38,17.01,23.2,0,3.7,1.9,199.5,33,C32,U120,2,BG,BG3,BG31,BG312,Pine dominated mixed woodland,FORESTRY
53422396,Yes,,,,,4.9,5.22,42.6,37.1,0,28.3,3.4,209.9,132,C10,U120,1,BG,BG3,BG31,BG311,Broadleaved woodland,FORESTRY
53782342,Yes,,,,,4.8,5.26,15.31,24.3,0,11.2,2.4,117.6,368,C10,U120,1,BG,BG3,BG31,BG312,Broadleaved woodland,FORESTRY
53462362,Yes,,,,,5.5,5.81,11.8,9.8,0,4.2,1.3,38.5,300,E10,U111,1,BG,BG3,BG31,BG311,Grassland with sparse tree/shrub cover,Agriculture (excluding fallow land and kitchen gardens)
55302354,Yes,,,,,5.9,6.07,10.88,14.5,1,35.2,1.6,203.4,406,B11,U111,2,BG,BG3,BG31,BG315,Common wheat,Agriculture (excluding fallow land and kitchen gardens)
53482412,Yes,,,,,7.3,8,12.86,12.7,31,8.7,1.3,161.1,38,B11,U111,1,BG,BG3,BG31,BG311,Common wheat,Agriculture (excluding fallow land and kitchen gardens)
53462368,Yes,,,,,7.2,7.54,14.17,34.3,94,21.5,3.3,325.1,355,E20,U111,4,BG,BG3,BG31,BG311,Grassland without tree/shrub cover,Agriculture (excluding fallow land and kitchen gardens)
54122350,Yes,,,,,6.1,6.41,10.54,14.5,0,22.3,1.5,153.4,252,B11,U111,1,BG,BG3,BG31,BG313,Common wheat,Agriculture (excluding fallow land and kitchen gardens)
53902362,Yes,,,,,4.4,4.66,12.07,13,0,14.1,1.2,215.7,206,B11,U111,1,BG,BG3,BG31,BG312,Common wheat,Agriculture (excluding fallow land and kitchen gardens)
53942368,Yes,,,,,5.4,5.58,16.56,21.1,0,31.4,2,295.6,180,B31,U111,1,BG,BG3,BG31,BG312,Sunflower,Agriculture (excluding fallow land and kitchen gardens)
53802366,Yes,,,,,4.3,4.56,7.54,8.7,0,18.3,0.9,102.3,190,E30,U112,1,BG,BG3,BG31,BG312,Spontaneously re-vegetated surfaces,Fallow land
53782364,Yes,,,,,5.8,5.99,23.5,24.6,0,9.1,2.4,185.5,209,E30,U112,1,BG,BG3,BG31,BG312,Spontaneously re-vegetated surfaces,Fallow land
53922390,Yes,,,,,7.3,7.63,21.2,21.2,31,11.3,2.1,171.9,158,B31,U111,1,BG,BG3,BG31,BG312,Sunflower,Agriculture (excluding fallow land and kitchen gardens)
53882320,Yes,,,,,4.3,4.87,6.05,19.4,0,6.2,1.7,207.3,946,C33,U120,1,BG,BG3,BG31,BG312,Other mixed woodland,FORESTRY
53482384,Yes,,,,,5.6,6,5.41,14.3,0,12.9,1.6,246,237,B33,U111,1,BG,BG3,BG31,BG311,Soya,Agriculture (excluding fallow land and kitchen gardens)
53582362,Yes,,,,,6.4,6.49,16.85,14.4,0,8.6,1.6,145.6,368,E10,U420,1,BG,BG3,BG31,BG311,Grassland with sparse tree/shrub cover,Semi-natural and natural areas not in use
53482366,Yes,,,,,6.4,6.63,10.03,32.7,1,6,3.4,289,348,C10,U420,2,BG,BG3,BG31,BG311,Broadleaved woodland,Semi-natural and natural areas not in use
53442394,Yes,,,,,4.9,5.33,6.6,13.2,0,24.2,1.3,158.4,219,B16,U111,2,BG,BG3,BG31,BG311,Maize,Agriculture (excluding fallow land and kitchen gardens)
53782378,Yes,,,,,5.8,5.95,10.05,18.1,0,44.4,1.9,411.1,187,B11,U111,1,BG,BG3,BG31,BG312,Common wheat,Agriculture (excluding fallow land and kitchen gardens)
54062392,Yes,,,,,7.5,8.05,12.66,21.1,13,11.8,1.8,163.1,163,B31,U111,1,BG,BG3,BG31,BG312,Sunflower,Agriculture (excluding fallow land and kitchen gardens)
54122394,Yes,,,,,7.4,7.96,12.2,25.1,26,8.7,2.3,295.3,154,B31,U111,1,BG,BG3,BG31,BG312,Sunflower,Agriculture (excluding fallow land and kitchen gardens)
53942344,Yes,,,,,5.2,5.65,6.5,18,0,11.1,1.6,185.1,243,B31,U111,1,BG,BG3,BG31,BG312,Sunflower,Agriculture (excluding fallow land and kitchen gardens)
53542386,Yes,,,,,7.1,7.27,18.54,21.8,3,26.2,2.3,717.7,210,E10,U111,1,BG,BG3,BG31,BG311,Grassland with sparse tree/shrub cover,Agriculture (excluding fallow land and kitchen gardens)
54782396,Yes,,,,,7.6,8.14,14.89,18.2,164,5.6,1.8,119.4,65,B75,U410,1,BG,BG3,BG31,BG314,Other fruit trees and berries,Abandoned areas
53242382,Yes,,,,,5.3,5.76,6.9,15.9,0,20.6,1.6,136.4,329,E10,U420,1,BG,BG3,BG31,BG311,Grassland with sparse tree/shrub cover,Semi-natural and natural areas not in use
54542354,Yes,,,,,5.5,5.91,8.45,20,0,15.6,2,361.8,179,B31,U111,1,BG,BG3,BG31,BG314,Sunflower,Agriculture (excluding fallow land and kitchen gardens)
54582368,Yes,,,,,6.8,6.94,6.91,17.7,1,8.1,1.8,245.4,160,B31,U111,1,BG,BG3,BG31,BG314,Sunflower,Agriculture (excluding fallow land and kitchen gardens)
54662362,Yes,,,,,6.1,6.42,10.12,15.4,0,8.8,1.8,192.5,79,B11,U111,1,BG,BG3,BG31,BG314,Common wheat,Agriculture (excluding fallow land and kitchen gardens)
54782370,Yes,,,,,6.7,7.01,7.35,20,1,7.7,2.1,272.4,164,B13,U111,1,BG,BG3,BG31,BG314,Barley,Agriculture (excluding fallow land and kitchen gardens)
54642354,Yes,,,,,6.9,7.16,6.83,13.6,1,4.8,1.7,170.1,95,E20,U111,1,BG,BG3,BG31,BG314,Grassland without tree/shrub cover,Agriculture (excluding fallow land and kitchen gardens)
54222336,Yes,,,,,4.9,5.46,6.28,27.7,1,8.3,2.3,148.2,478,C10,U120,2,BG,BG3,BG31,BG313,Broadleaved woodland,FORESTRY
54862378,Yes,,,,,7.6,8.06,13.73,15.8,68,5.4,1.6,192.6,107,B31,U111,1,BG,BG3,BG31,BG314,Sunflower,Agriculture (excluding fallow land and kitchen gardens)
54542344,Yes,,,,,6,6.36,7.73,31.2,1,6.4,3,306.4,307,E20,U111,2,BG,BG3,BG31,BG314,Grassland without tree/shrub cover,Agriculture (excluding fallow land and kitchen gardens)
55102340,Yes,,,,,7.6,8.05,17.92,7,443,11.4,1.8,187.2,443,B16,U111,2,BG,BG3,BG31,BG315,Maize,Agriculture (excluding fallow land and kitchen gardens)
55142348,Yes,,,,,6.9,7.12,24,16.3,3,110.4,1.9,616.3,181,B31,U111,1,BG,BG3,BG31,BG315,Sunflower,Agriculture (excluding fallow land and kitchen gardens)
55422348,Yes,,,,,5.9,6.22,7.25,18.4,1,14.4,2,197.9,413,B31,U111,1,BG,BG3,BG32,BG322,Sunflower,Agriculture (excluding fallow land and kitchen gardens)
55362364,Yes,,,,,6.2,6.45,14.68,18.6,1,6.2,2.4,166.9,80,B31,U111,1,BG,BG3,BG31,BG315,Sunflower,Agriculture (excluding fallow land and kitchen gardens)
54902386,Yes,,,,,7.6,8.02,20.3,19.7,45,10.2,2,183.7,94,B31,U111,1,BG,BG3,BG31,BG314,Sunflower,Agriculture (excluding fallow land and kitchen gardens)
56042338,Yes,,,,,4.4,4.86,10.58,13.7,0,5.7,1.6,139.7,353,E20,U111,1,BG,BG3,BG32,BG321,Grassland without tree/shrub cover,Agriculture (excluding fallow land and kitchen gardens)
55062358,Yes,,,,,5.1,5.69,4.96,14.1,0,21.8,1.4,164.3,329,B12,U111,1,BG,BG3,BG31,BG314,Durum wheat,Agriculture (excluding fallow land and kitchen gardens)
54442340,Yes,,,,,7.3,7.56,35.5,25.1,192,15.6,3.9,358.4,374,D10,U111,3,BG,BG3,BG31,BG313,Shrubland with sparse tree cover,Agriculture (excluding fallow land and kitchen gardens)
53302384,Yes,,,,,5.6,6.04,10.61,20.3,0,46.4,2,410.5,306,B33,U111,1,BG,BG3,BG31,BG311,Soya,Agriculture (excluding fallow land and kitchen gardens)
54482368,Yes,,,,,6,6.48,5.22,15.1,0,21.4,1.4,244.5,166,B41,U111,1,BG,BG3,BG31,BG313,Dry pulses,Agriculture (excluding fallow land and kitchen gardens)
55142320,Yes,,,,,7.2,7.37,18.13,23,35,13.8,2.6,173.3,442,E30,U420,2,BG,BG3,BG31,BG315,Spontaneously re-vegetated surfaces,Semi-natural and natural areas not in use
54902344,Yes,,,,,5.3,5.85,6.14,12.7,0,19.5,1.4,128.2,292,B16,U111,1,BG,BG3,BG31,BG315,Maize,Agriculture (excluding fallow land and kitchen gardens)
54922334,Yes,,,,,5.4,5.83,7.55,12.6,0,8.7,1.4,175.5,375,E20,U111,1,BG,BG3,BG31,BG315,Grassland without tree/shrub cover,Agriculture (excluding fallow land and kitchen gardens)
54322346,Yes,,,,,5.1,5.6,4.31,14.5,0,17,1.4,272.4,245,B16,U111,1,BG,BG3,BG31,BG313,Maize,Agriculture (excluding fallow land and kitchen gardens)
54782356,Yes,,,,,4.9,5.57,3.32,13.5,1,6.3,1.3,133.2,195,B31,U111,1,BG,BG3,BG31,BG314,Sunflower,Agriculture (excluding fallow land and kitchen gardens)
54402350,Yes,,,,,5.4,5.9,5.13,26,0,5,2.3,135,302,E20,U111,1,BG,BG3,BG31,BG313,Grassland without tree/shrub cover,Agriculture (excluding fallow land and kitchen gardens)
55282384,Yes,,,,,7.7,8.1,18.63,17.2,63,13,2.2,238.8,48,B16,U111,1,BG,BG3,BG31,BG314,Maize,Agriculture (excluding fallow land and kitchen gardens)
54802332,Yes,,,,,5.9,6.14,7.04,14.9,0,23.6,1.5,148.9,301,B31,U111,1,BG,BG3,BG31,BG315,Sunflower,Agriculture (excluding fallow land and kitchen gardens)
54422324,Yes,,,,,4.5,4.85,15.44,11.6,0,19.3,1.5,205.8,450,B16,U111,1,BG,BG3,BG31,BG313,Maize,Agriculture (excluding fallow land and kitchen gardens)
54782320,Yes,,,,,6.6,6.8,22.4,28.5,0,8.7,2.8,199.7,394,C10,U420,1,BG,BG3,BG31,BG315,Broadleaved woodland,Semi-natural and natural areas not in use
54642324,Yes,,,,,6.4,6.6,8.33,34.7,0,6.5,3.5,241.7,418,C10,U120,1,BG,BG3,BG31,BG315,Broadleaved woodland,FORESTRY
54482326,Yes,,,,,7.3,7.78,13.84,9.8,22,14.3,0.9,101.3,166,C10,U420,1,BG,BG3,BG31,BG313,Broadleaved woodland,Semi-natural and natural areas not in use
54642318,Yes,,,,,6.2,6.66,4.67,16.1,1,6.5,2.1,137.7,463,E20,U111,1,BG,BG3,BG31,BG315,Grassland without tree/shrub cover,Agriculture (excluding fallow land and kitchen gardens)
54422352,Yes,,,,,5.1,5.61,4.93,17,0,11.4,1.7,331.1,241,E20,U111,1,BG,BG3,BG31,BG313,Grassland without tree/shrub cover,Agriculture (excluding fallow land and kitchen gardens)
53882288,Yes,,,,,7.5,7.73,33.4,11.2,394,13.8,3.4,477,603,E10,U111,2,BG,BG4,BG41,BG412,Grassland with sparse tree/shrub cover,Agriculture (excluding fallow land and kitchen gardens)
53702276,Yes,,,,,6.2,6.36,6.78,17.6,3,4.8,1.2,140.2,950,C22,U120,2,BG,BG4,BG41,BG414,Pine dominated coniferous woodland,FORESTRY
57102386,Yes,,,,,5.2,5.6,15.4,13.1,1,25.9,1.4,197.4,172,B31,U111,1,BG,BG3,BG33,BG333,Sunflower,Agriculture (excluding fallow land and kitchen gardens)
57042376,Yes,,,,,5.6,6.1,7.99,14.2,0,3.7,1.5,203.4,121,E10,U111,1,BG,BG3,BG33,BG333,Grassland with sparse tree/shrub cover,Agriculture (excluding fallow land and kitchen gardens)
56382434,Yes,,,,,6.1,6.35,11.06,14.2,1,67.7,1.5,207.3,238,B16,U111,1,BG,BG3,BG32,BG324,Maize,Agriculture (excluding fallow land and kitchen gardens)
57062390,Yes,,,,,7.5,7.81,17.49,18.9,85,26.1,1.9,257.4,290,B11,U111,1,BG,BG3,BG33,BG333,Common wheat,Agriculture (excluding fallow land and kitchen gardens)
56802414,Yes,,,,,6.4,6.48,23.8,19.5,1,12.9,1.9,204.5,405,B31,U111,1,BG,BG3,BG33,BG333,Sunflower,Agriculture (excluding fallow land and kitchen gardens)
56502448,Yes,,,,,4.7,5.25,8.16,13.7,0,14,1.5,135.7,240,B31,U111,2,BG,BG3,BG32,BG324,Sunflower,Agriculture (excluding fallow land and kitchen gardens)
56922404,Yes,,,,,7.3,7.67,18.51,21.8,1,6.9,2.2,269.7,224,B31,U111,1,BG,BG3,BG33,BG333,Sunflower,Agriculture (excluding fallow land and kitchen gardens)
56182424,Yes,,,,,6.6,6.99,9.42,9.7,1,16,1.3,193.7,190,B31,U111,1,BG,BG3,BG32,BG323,Sunflower,Agriculture (excluding fallow land and kitchen gardens)
53702262,Yes,,,,,7,7.18,7.34,7.2,1,4,1,72.6,870,C10,U420,4,BG,BG4,BG41,BG414,Broadleaved woodland,Semi-natural and natural areas not in use
53802286,Yes,,,,,6.2,6.5,18.85,18.7,1,51.6,2.1,375.3,648,E20,U111,1,BG,BG4,BG41,BG412,Grassland without tree/shrub cover,Agriculture (excluding fallow land and kitchen gardens)
53482276,Yes,,,,,7.2,7.37,37.2,12,12,39.2,1.6,316,740,B13,U111,3,BG,BG4,BG41,BG414,Barley,Agriculture (excluding fallow land and kitchen gardens)
53742300,Yes,,,,,6.1,6.36,25.4,33.3,0,29.5,3.4,241.7,663,E20,U111,1,BG,BG4,BG41,BG412,Grassland without tree/shrub cover,Agriculture (excluding fallow land and kitchen gardens)
53722304,Yes,,,,,7.3,7.49,27.8,48,67,7,4.4,815.3,754,E20,U111,4,BG,BG4,BG41,BG412,Grassland without tree/shrub cover,Agriculture (excluding fallow land and kitchen gardens)
57022414,Yes,,,,,7.5,8.02,19.12,15.5,335,26.9,1.9,292.7,174,B11,U111,1,BG,BG3,BG33,BG333,Common wheat,Agriculture (excluding fallow land and kitchen gardens)
56822416,Yes,,,,,7.5,7.94,20.5,14.3,213,4.6,2.2,197.9,360,E20,U111,1,BG,BG3,BG33,BG333,Grassland without tree/shrub cover,Agriculture (excluding fallow land and kitchen gardens)
56842364,Yes,,,,,7,7.24,11.94,9.8,4,37.2,1.3,149.9,282,B11,U111,1,BG,BG3,BG33,BG333,Common wheat,Agriculture (excluding fallow land and kitchen gardens)
55842368,Yes,,,,,6.4,6.63,9.32,14.2,0,28.7,1.6,241,111,F40,U111,1,BG,BG3,BG32,BG321,OTHER BARE SOIL,Agriculture (excluding fallow land and kitchen gardens)
56822398,Yes,,,,,7.6,8.1,16.01,10.2,211,21.6,1.2,225.2,285,B52,U111,1,BG,BG3,BG33,BG333,Lucerne,Agriculture (excluding fallow land and kitchen gardens)
57122438,Yes,,,,,6.4,6.7,10.26,20.3,1,22.2,1.8,197,257,B16,U111,1,BG,BG3,BG33,BG333,Maize,Agriculture (excluding fallow land and kitchen gardens)
57142440,Yes,,,,,6,6.27,17.2,19.5,1,10.3,1.9,199.3,250,B15,U111,1,BG,BG3,BG33,BG333,Oats,Agriculture (excluding fallow land and kitchen gardens)
56822422,Yes,,,,,5,5.57,6.49,13.7,0,21,1.6,148.2,457,B33,U111,1,BG,BG3,BG33,BG333,Soya,Agriculture (excluding fallow land and kitchen gardens)
56862438,Yes,,,,,5.2,5.77,5.12,17.6,0,18.8,1.5,156.1,300,B16,U111,1,BG,BG3,BG33,BG333,Maize,Agriculture (excluding fallow land and kitchen gardens)
56862420,Yes,,,,,5.6,6.27,13.43,16.4,1,6.9,1.8,198.2,433,B11,U111,1,BG,BG3,BG33,BG333,Common wheat,Agriculture (excluding fallow land and kitchen gardens)
56382452,Yes,,,,,5.9,6.36,9.1,17.5,0,17.7,1.7,242.5,136,B31,U111,1,BG,BG3,BG32,BG324,Sunflower,Agriculture (excluding fallow land and kitchen gardens)
53782270,Yes,,,,,6.5,6.58,36.2,18.4,3,32.4,2.1,351.4,830,B31,U111,3,BG,BG4,BG41,BG414,Sunflower,Agriculture (excluding fallow land and kitchen gardens)
56302450,Yes,,,,,5.9,6.39,9.13,15,0,16.7,1.5,242.6,135,B31,U111,1,BG,BG3,BG32,BG324,Sunflower,Agriculture (excluding fallow land and kitchen gardens)
56642422,Yes,,,,,4.7,5.04,15.68,9.3,0,22.5,1.2,201.6,389,B11,U111,1,BG,BG3,BG32,BG324,Common wheat,Agriculture (excluding fallow land and kitchen gardens)
56502420,Yes,,,,,5.1,5.36,13.68,12.5,0,32.4,1.4,176.9,390,B32,U111,1,BG,BG3,BG32,BG324,Rape and turnip rape,Agriculture (excluding fallow land and kitchen gardens)
56782386,Yes,,,,,7.5,7.87,19.66,13.7,265,7.7,2.4,220.4,100,E30,U111,1,BG,BG3,BG33,BG333,Spontaneously re-vegetated surfaces,Agriculture (excluding fallow land and kitchen gardens)
57082394,Yes,,,,,7.6,7.92,19.21,20.1,115,24.8,2.1,212.6,360,B11,U111,1,BG,BG3,BG33,BG333,Common wheat,Agriculture (excluding fallow land and kitchen gardens)
56502438,Yes,,,,,5.4,5.9,7.14,16.4,1,59.2,1.7,200.5,290,B31,U111,1,BG,BG3,BG32,BG324,Sunflower,Agriculture (excluding fallow land and kitchen gardens)
56902442,Yes,,,,,5.9,6.18,8.36,13.9,1,28.6,1.6,142.1,290,B13,U111,1,BG,BG3,BG33,BG333,Barley,Agriculture (excluding fallow land and kitchen gardens)
54302142,Yes,,,,,6.8,6.9,10.58,15.7,3,11.8,1.8,224.9,188,E20,U111,1,BG,BG4,BG41,BG413,Grassland without tree/shrub cover,Agriculture (excluding fallow land and kitchen gardens)
53742306,Yes,,,,,7.4,7.55,33.4,34.3,213,6.9,4,414.7,678,C10,U420,3,BG,BG4,BG41,BG412,Broadleaved woodland,Semi-natural and natural areas not in use
54722156,Yes,,,,,5.1,5.9,7.95,5.8,0,10,0.9,97.6,490,B43,U111,1,BG,BG4,BG41,BG413,Other fresh vegetables,Agriculture (excluding fallow land and kitchen gardens)
54482172,Yes,,,,,4.6,5.14,13.69,59.2,0,7.9,4.1,112,1364,C10,U120,2,BG,BG4,BG41,BG413,Broadleaved woodland,FORESTRY
53962194,Yes,,,,,5.4,5.74,5.92,10,0,5.3,1.1,73,509,E10,U111,1,BG,BG4,BG41,BG413,Grassland with sparse tree/shrub cover,Agriculture (excluding fallow land and kitchen gardens)
54102198,Yes,,,,,5.1,5.33,21.8,10.1,0,6.7,1.2,76.4,858,E10,U111,1,BG,BG4,BG41,BG413,Grassland with sparse tree/shrub cover,Agriculture (excluding fallow land and kitchen gardens)
54042174,Yes,,,,,6,6.1,29,29,0,8.8,2.7,136.3,825,E10,U111,1,BG,BG4,BG41,BG413,Grassland with sparse tree/shrub cover,Agriculture (excluding fallow land and kitchen gardens)
54862288,Yes,,,,,4.6,5.2,5.46,9.2,0,35.3,1.1,48.5,850,B31,U111,1,BG,BG4,BG41,BG412,Sunflower,Agriculture (excluding fallow land and kitchen gardens)
54022304,Yes,,,,,5.1,5.54,12.07,14.5,0,5,1.9,120.8,645,E10,U420,1,BG,BG4,BG41,BG412,Grassland with sparse tree/shrub cover,Semi-natural and natural areas not in use
54182138,Yes,,,,,6.2,6.39,12.59,29.9,0,57.1,3,251,640,E10,U111,1,BG,BG4,BG41,BG413,Grassland with sparse tree/shrub cover,Agriculture (excluding fallow land and kitchen gardens)
54202132,Yes,,,,,6.3,6.54,17.42,8.4,0,13.7,1.1,91.4,110,B21,U111,1,BG,BG4,BG41,BG413,Potatoes,Agriculture (excluding fallow land and kitchen gardens)
54222134,Yes,,,,,6.2,6.43,15.68,6.1,0,11.7,0.9,139.7,109,B43,U111,1,BG,BG4,BG41,BG413,Other fresh vegetables,Agriculture (excluding fallow land and kitchen gardens)
53962180,Yes,,,,,5.3,5.46,44,28.8,0,17.4,3.1,227.3,833,B75,U111,1,BG,BG4,BG41,BG413,Other fruit trees and berries,Agriculture (excluding fallow land and kitchen gardens)
54102180,Yes,,,,,6,6.44,4.32,5.1,0,10.3,0.5,72,328,C10,U120,1,BG,BG4,BG41,BG413,Broadleaved woodland,FORESTRY
54502242,Yes,,,,,4.2,4.55,25.6,15.8,0,11.4,1.3,88.1,703,C10,U120,1,BG,BG4,BG41,BG412,Broadleaved woodland,FORESTRY
53882276,Yes,,,,,5.6,5.98,14.8,23.4,1,24.9,2.4,343.7,750,E20,U111,1,BG,BG4,BG41,BG412,Grassland without tree/shrub cover,Agriculture (excluding fallow land and kitchen gardens)
53902268,Yes,,,,,6.2,6.26,13.8,32.1,1,20.9,3.1,734,896,E10,U111,1,BG,BG4,BG41,BG414,Grassland with sparse tree/shrub cover,Agriculture (excluding fallow land and kitchen gardens)
53822288,Yes,,,,,7.2,7.59,25.4,20.9,12,33.8,2.4,503.4,633,B14,U111,1,BG,BG4,BG41,BG412,Rye,Agriculture (excluding fallow land and kitchen gardens)
53922288,Yes,,,,,7.1,7.26,35.1,28.4,5,106.3,2.9,496.8,550,E30,U112,1,BG,BG4,BG41,BG412,Spontaneously re-vegetated surfaces,Fallow land
54062288,Yes,,,,,6.4,6.4,25.7,14.6,1,14.9,2,146.3,604,D10,U420,1,BG,BG4,BG41,BG411,Shrubland with sparse tree cover,Semi-natural and natural areas not in use
54222278,Yes,,,,,6.1,6.34,17.99,12,0,58.2,1.5,256.7,577,B11,U111,1,BG,BG4,BG41,BG411,Common wheat,Agriculture (excluding fallow land and kitchen gardens)
54982278,Yes,,,,,4.3,4.6,26.4,25.7,0,7.8,2.4,106.4,1056,E10,U111,1,BG,BG4,BG41,BG412,Grassland with sparse tree/shrub cover,Agriculture (excluding fallow land and kitchen gardens)
54502274,Yes,,,,,5.6,5.94,18.91,16.1,0,30,1.8,122,722,B31,U111,1,BG,BG4,BG41,BG412,Sunflower,Agriculture (excluding fallow land and kitchen gardens)
56782440,Yes,,,,,5.1,5.52,10.26,12.7,0,29.3,1.4,183.1,230,B11,U111,1,BG,BG3,BG32,BG324,Common wheat,Agriculture (excluding fallow land and kitchen gardens)
53582250,Yes,,,,,5.1,5.59,8.47,12.2,0,5.3,1.4,174.1,772,C32,U120,2,BG,BG4,BG41,BG414,Pine dominated mixed woodland,FORESTRY
53462264,Yes,,,,,4.6,5,21,24,0,8.1,2.5,112.4,1083,C10,U120,1,BG,BG4,BG41,BG414,Broadleaved woodland,FORESTRY
53762206,Yes,,,,,4.5,5.18,4.89,19.2,0,5,1.4,95.6,786,C33,U120,1,BG,BG4,BG41,BG415,Other mixed woodland,FORESTRY
55802390,Yes,,,,,7.4,7.79,17.93,17.3,86,4.8,1.9,262.8,97,B11,U111,1,BG,BG3,BG32,BG323,Common wheat,Agriculture (excluding fallow land and kitchen gardens)
55862392,Yes,,,,,6.9,7.19,11.92,15.7,1,8.3,1.6,179.7,141,B31,U111,1,BG,BG3,BG32,BG323,Sunflower,Agriculture (excluding fallow land and kitchen gardens)
54742258,Yes,,,,,4.8,5.34,10.16,7.2,0,4.1,0.8,66.9,803,E10,U420,1,BG,BG4,BG42,BG423,Grassland with sparse tree/shrub cover,Semi-natural and natural areas not in use
54402264,Yes,,,,,4.5,4.86,24.3,17.2,0,39.9,2.2,128.1,834,E20,U111,1,BG,BG4,BG41,BG412,Grassland without tree/shrub cover,Agriculture (excluding fallow land and kitchen gardens)
56542466,Yes,,,,,5,5.49,8.33,14.8,0,30.8,1.5,190.1,130,B11,U111,1,BG,BG3,BG32,BG325,Common wheat,Agriculture (excluding fallow land and kitchen gardens)
57722452,Yes,,,,,6,6.4,8.94,20.2,0,7.4,1.9,202.4,209,B11,U111,1,BG,BG3,BG33,BG332,Common wheat,Agriculture (excluding fallow land and kitchen gardens)
57462416,Yes,,,,,6.3,6.42,22,55.8,4,32.8,5.1,304.2,326,C10,U120,1,BG,BG3,BG33,BG331,Broadleaved woodland,FORESTRY
57542394,Yes,,,,,6,6.4,6.03,9.5,0,55.4,1.1,265.6,167,B11,U111,1,BG,BG3,BG33,BG331,Common wheat,Agriculture (excluding fallow land and kitchen gardens)
57342408,Yes,,,,,7.6,8.07,14.99,21.1,73,7.5,2.1,216.5,217,B19,U111,1,BG,BG3,BG33,BG331,Other cereals,Agriculture (excluding fallow land and kitchen gardens)
57102368,Yes,,,,,6,6.29,13.56,9.5,1,19.2,1.3,134.8,192,B11,U111,1,BG,BG3,BG33,BG331,Common wheat,Agriculture (excluding fallow land and kitchen gardens)
57462386,Yes,,,,,7.4,7.81,14.85,22.3,6,9.6,2.3,366.4,115,B11,U111,1,BG,BG3,BG33,BG331,Common wheat,Agriculture (excluding fallow land and kitchen gardens)
57282386,Yes,,,,,6.1,6.4,6.52,20.4,1,17.8,2,209.3,115,B31,U111,1,BG,BG3,BG33,BG331,Sunflower,Agriculture (excluding fallow land and kitchen gardens)
56562458,Yes,,,,,6.3,6.52,15.63,47.5,1,31.1,4.2,245.6,170,C10,U120,1,BG,BG3,BG32,BG325,Broadleaved woodland,FORESTRY
57182422,Yes,,,,,6.3,6.53,11.55,18.7,1,71.1,2,258.3,280,B11,U111,1,BG,BG3,BG33,BG331,Common wheat,Agriculture (excluding fallow land and kitchen gardens)
57542430,Yes,,,,,5.5,5.87,11.15,18.3,0,44.6,2,335.6,311,B11,U111,1,BG,BG3,BG33,BG332,Common wheat,Agriculture (excluding fallow land and kitchen gardens)
57522444,Yes,,,,,7.5,7.91,20.3,15.5,11,9.4,1.7,184,251,B16,U111,1,BG,BG3,BG33,BG332,Maize,Agriculture (excluding fallow land and kitchen gardens)
56842490,Yes,,,,,7.6,7.97,18.76,19.3,12,5.5,2.2,191.5,16,B16,U111,1,BG,BG3,BG32,BG325,Maize,Agriculture (excluding fallow land and kitchen gardens)
57522472,Yes,,,,,7.6,8.08,12.57,17.8,37,10.5,2.1,139.8,208,B16,U111,1,BG,BG3,BG33,BG332,Maize,Agriculture (excluding fallow land and kitchen gardens)
56962458,Yes,,,,,7.5,8.02,12.3,12.1,8,6.8,1.4,167.3,181,B11,U111,1,BG,BG3,BG32,BG325,Common wheat,Agriculture (excluding fallow land and kitchen gardens)
57062416,Yes,,,,,7.5,7.98,17.77,23,265,20,2.3,185.7,402,B11,U111,1,BG,BG3,BG33,BG333,Common wheat,Agriculture (excluding fallow land and kitchen gardens)
56362466,Yes,,,,,5.9,6.36,7.73,12.5,0,8.5,1.4,176.3,66,B31,U111,1,BG,BG3,BG32,BG325,Sunflower,Agriculture (excluding fallow land and kitchen gardens)
57662420,Yes,,,,,4.8,5.05,24.3,21,0,39.3,2.1,202,319,B16,U111,1,BG,BG3,BG33,BG331,Maize,Agriculture (excluding fallow land and kitchen gardens)
54102148,Yes,,,,,5.4,5.76,18.21,9.8,0,14.2,0.9,131.9,970,C10,U120,1,BG,BG4,BG41,BG413,Broadleaved woodland,FORESTRY
55962348,Yes,,,,,5.6,5.95,8.42,15.9,0,8.7,1.9,147.4,210,B16,U111,1,BG,BG3,BG32,BG321,Maize,Agriculture (excluding fallow land and kitchen gardens)
55842354,Yes,,,,,6.1,6.39,10.75,20.4,0,52.9,2.4,245,400,E20,U111,1,BG,BG3,BG32,BG321,Grassland without tree/shrub cover,Agriculture (excluding fallow land and kitchen gardens)
55822352,Yes,,,,,6,6.24,10.31,19,0,18.2,1.9,223,344,D10,U420,1,BG,BG3,BG32,BG321,Shrubland with sparse tree cover,Semi-natural and natural areas not in use
56082364,Yes,,,,,7.6,7.89,17.49,8.9,41,4.6,1.3,70,79,B16,U111,1,BG,BG3,BG32,BG321,Maize,Agriculture (excluding fallow land and kitchen gardens)
56682466,Yes,,,,,4.9,5.31,12.59,13.7,0,36.7,1.4,168.3,147,B16,U111,1,BG,BG3,BG32,BG325,Maize,Agriculture (excluding fallow land and kitchen gardens)
57382428,Yes,,,,,5.2,5.64,8.8,17.1,0,33.3,1.8,177.2,318,B11,U111,1,BG,BG3,BG33,BG331,Common wheat,Agriculture (excluding fallow land and kitchen gardens)
57722448,Yes,,,,,6,6.59,4.64,20.5,0,7.7,2.1,180.7,228,B31,U111,1,BG,BG3,BG33,BG332,Sunflower,Agriculture (excluding fallow land and kitchen gardens)
57282426,Yes,,,,,6.1,6.55,8.07,15.9,0,7.7,1.8,220.1,223,B11,U111,1,BG,BG3,BG33,BG331,Common wheat,Agriculture (excluding fallow land and kitchen gardens)
57282404,Yes,,,,,7.5,7.98,13.67,18.6,9,6.6,2,197.2,141,B11,U111,1,BG,BG3,BG33,BG331,Common wheat,Agriculture (excluding fallow land and kitchen gardens)
57542404,Yes,,,,,6.6,7.03,11.61,14.9,0,27.1,1.6,204.6,63,B31,U111,1,BG,BG3,BG33,BG331,Sunflower,Agriculture (excluding fallow land and kitchen gardens)
57382392,Yes,,,,,6.6,6.98,7.72,27.4,0,10.7,2.5,285.3,99,B31,U111,1,BG,BG3,BG33,BG331,Sunflower,Agriculture (excluding fallow land and kitchen gardens)
57462398,Yes,,,,,7.5,8.05,16.55,10.1,263,4,2.1,253.7,41,D10,U420,1,BG,BG3,BG33,BG331,Shrubland with sparse tree cover,Semi-natural and natural areas not in use
56582460,Yes,,,,,6.7,6.98,14.36,14,4,38.5,1.5,280.9,136,B11,U111,1,BG,BG3,BG32,BG325,Common wheat,Agriculture (excluding fallow land and kitchen gardens)
57422426,Yes,,,,,5.6,5.89,9.03,18.7,0,28.3,1.9,231.4,317,B11,U111,1,BG,BG3,BG33,BG331,Common wheat,Agriculture (excluding fallow land and kitchen gardens)
57362448,Yes,,,,,5.9,6.18,24.4,19.3,0,23.6,2.2,191.1,268,B43,U111,1,BG,BG3,BG33,BG332,Other fresh vegetables,Agriculture (excluding fallow land and kitchen gardens)
57682458,Yes,,,,,6.4,6.86,6.06,18.6,0,16.3,1.9,155.9,211,B11,U111,1,BG,BG3,BG33,BG332,Common wheat,Agriculture (excluding fallow land and kitchen gardens)
57022486,Yes,,,,,6.4,6.98,11.5,13.9,0,17.9,1.6,179.4,94,B16,U111,1,BG,BG3,BG32,BG325,Maize,Agriculture (excluding fallow land and kitchen gardens)
56742462,Yes,,,,,7.4,7.85,12.1,17.2,8,116.4,1.7,386.8,182,B43,U111,1,BG,BG3,BG32,BG325,Other fresh vegetables,Agriculture (excluding fallow land and kitchen gardens)
56882470,Yes,,,,,5.7,6.18,4.5,10.1,0,15.7,1.1,191.2,172,B16,U111,1,BG,BG3,BG32,BG325,Maize,Agriculture (excluding fallow land and kitchen gardens)
56802486,Yes,,,,,6.7,6.94,8.1,13.1,1,11.1,1.4,170.3,73,B11,U111,1,BG,BG3,BG32,BG325,Common wheat,Agriculture (excluding fallow land and kitchen gardens)
57642434,Yes,,,,,5.7,6.16,6.3,18.3,0,32.4,1.9,255.8,272,B11,U111,1,BG,BG3,BG33,BG332,Common wheat,Agriculture (excluding fallow land and kitchen gardens)
57182452,Yes,,,,,7.5,8.01,12.89,19.2,15,8.3,2.1,188.8,190,B11,U111,1,BG,BG3,BG33,BG332,Common wheat,Agriculture (excluding fallow land and kitchen gardens)
57822440,Yes,,,,,7.2,7.62,21.8,30.6,21,98.8,3.3,1731.2,186,B32,U111,1,BG,BG3,BG33,BG332,Rape and turnip rape,Agriculture (excluding fallow land and kitchen gardens)
57222448,Yes,,,,,6.3,6.7,6.93,16.4,0,39.1,1.6,269,213,B11,U111,1,BG,BG3,BG33,BG332,Common wheat,Agriculture (excluding fallow land and kitchen gardens)
57382436,Yes,,,,,5.3,5.68,9.57,42.6,0,49.1,3.7,329.6,288,C10,U120,1,BG,BG3,BG33,BG332,Broadleaved woodland,FORESTRY
56702444,Yes,,,,,4.9,5.44,7.18,14.5,0,14.3,1.5,169,247,B31,U111,1,BG,BG3,BG32,BG324,Sunflower,Agriculture (excluding fallow land and kitchen gardens)
56642452,Yes,,,,,6.3,6.43,18.64,17.3,1,81.3,1.8,312.9,228,B31,U111,1,BG,BG3,BG32,BG324,Sunflower,Agriculture (excluding fallow land and kitchen gardens)
56922416,Yes,,,,,6.3,6.59,10.85,45.3,1,8.3,4.5,319.9,430,C10,U120,2,BG,BG3,BG33,BG333,Broadleaved woodland,FORESTRY
57082430,Yes,,,,,5.6,5.98,8.09,17.2,0,26.1,1.7,196.4,280,B11,U111,1,BG,BG3,BG33,BG333,Common wheat,Agriculture (excluding fallow land and kitchen gardens)
56662432,Yes,,,,,5,5.33,20.8,14.1,1,40.7,1.6,166.8,303,B11,U111,1,BG,BG3,BG32,BG324,Common wheat,Agriculture (excluding fallow land and kitchen gardens)
57742428,Yes,,,,,7.5,7.65,18.02,18.4,371,11.1,2.4,453.2,72,D10,U420,1,BG,BG3,BG33,BG332,Shrubland with sparse tree cover,Semi-natural and natural areas not in use
57382482,Yes,,,,,7.6,8.07,19.32,15.8,39,9.6,1.9,166.9,190,B32,U111,1,BG,BG3,BG33,BG332,Rape and turnip rape,Agriculture (excluding fallow land and kitchen gardens)
57662474,Yes,,,,,6.8,7.05,26,19.1,1,8,2.1,153.8,178,B16,U111,1,BG,BG3,BG33,BG332,Maize,Agriculture (excluding fallow land and kitchen gardens)
57802466,Yes,,,,,6.3,6.73,6.27,21,0,8.9,2.1,173.5,135,B11,U111,1,BG,BG3,BG33,BG332,Common wheat,Agriculture (excluding fallow land and kitchen gardens)
57842474,Yes,,,,,7.4,7.79,14.37,23.3,5,12.5,2.4,348.2,103,B11,U111,1,BG,BG3,BG33,BG332,Common wheat,Agriculture (excluding fallow land and kitchen gardens)
57462462,Yes,,,,,6.9,7.24,10.92,23.5,0,10.2,2.3,235.3,225,B11,U111,1,BG,BG3,BG33,BG332,Common wheat,Agriculture (excluding fallow land and kitchen gardens)
57442466,Yes,,,,,7.5,7.86,13.67,24.3,8,6.9,2.5,203.6,202,B52,U111,1,BG,BG3,BG33,BG332,Lucerne,Agriculture (excluding fallow land and kitchen gardens)
57422462,Yes,,,,,7.6,7.99,18.64,20.3,26,8,2.3,157.6,216,B16,U111,1,BG,BG3,BG33,BG332,Maize,Agriculture (excluding fallow land and kitchen gardens)
57102470,Yes,,,,,5.7,6.07,6.05,12,0,47.2,1.3,156.2,214,B16,U111,1,BG,BG3,BG32,BG325,Maize,Agriculture (excluding fallow land and kitchen gardens)
57762456,Yes,,,,,7,7.25,17.83,43.7,19,112.4,4.3,1097.3,151,C10,U420,1,BG,BG3,BG33,BG332,Broadleaved woodland,Semi-natural and natural areas not in use
55622354,Yes,,,,,7.4,7.63,16.04,13.5,10,15.2,1.7,240.9,251,B16,U111,1,BG,BG3,BG32,BG321,Maize,Agriculture (excluding fallow land and kitchen gardens)
57322470,Yes,,,,,6.3,6.58,12.38,16.8,1,12.2,1.7,202.6,210,B32,U111,1,BG,BG3,BG33,BG332,Rape and turnip rape,Agriculture (excluding fallow land and kitchen gardens)
57262478,Yes,,,,,6.4,6.65,11.19,37.7,1,12.2,3.9,231.8,110,C10,U120,1,BG,BG3,BG33,BG332,Broadleaved woodland,FORESTRY
57122482,Yes,,,,,6,6.43,7.76,14.8,0,7.1,1.6,156.9,171,B16,U111,1,BG,BG3,BG32,BG325,Maize,Agriculture (excluding fallow land and kitchen gardens)
57182484,Yes,,,,,6.8,7.09,23.1,32.7,4,8,3.5,274.2,142,E10,U111,1,BG,BG3,BG32,BG325,Grassland with sparse tree/shrub cover,Agriculture (excluding fallow land and kitchen gardens)
57022450,Yes,,,,,7.4,7.84,12.14,15.1,3,7.4,1.6,240.6,243,B11,U111,1,BG,BG3,BG33,BG332,Common wheat,Agriculture (excluding fallow land and kitchen gardens)
57002452,Yes,,,,,5.8,6.31,5.55,16,0,6,1.6,170.6,237,B11,U111,1,BG,BG3,BG33,BG332,Common wheat,Agriculture (excluding fallow land and kitchen gardens)
57842460,Yes,,,,,6.2,6.49,4.89,20.4,0,7.1,2,201.6,140,B11,U111,1,BG,BG3,BG33,BG332,Common wheat,Agriculture (excluding fallow land and kitchen gardens)
54142364,Yes,,,,,4.8,5.17,6.24,18.1,0,28.2,1.7,274,185,B11,U111,1,BG,BG3,BG31,BG312,Common wheat,Agriculture (excluding fallow land and kitchen gardens)
54942200,Yes,,,,,4.3,4.82,5.5,25.6,1,9.8,1.8,75,1404,C31,U120,1,BG,BG4,BG42,BG423,Spruce dominated mixed woodland,FORESTRY
54722390,Yes,,,,,7.7,8,19.56,21,56,18.8,1.9,130.9,115,B14,U111,1,BG,BG3,BG31,BG314,Rye,Agriculture (excluding fallow land and kitchen gardens)
54662386,Yes,,,,,7.7,8.04,14.38,21.7,46,7.1,1.9,135.3,133,B11,U111,1,BG,BG3,BG31,BG314,Common wheat,Agriculture (excluding fallow land and kitchen gardens)
54122326,Yes,,,,,6.8,6.92,25.3,54.3,6,19.2,5.2,319.4,1074,C10,U120,2,BG,BG3,BG31,BG313,Broadleaved woodland,FORESTRY
54722380,Yes,,,,,7.6,7.98,15.14,19.4,23,10.5,2,144.5,133,B14,U111,1,BG,BG3,BG31,BG314,Rye,Agriculture (excluding fallow land and kitchen gardens)
54262380,Yes,,,,,7.3,7.55,12.85,13,3,18.8,1.4,181.1,148,B16,U111,1,BG,BG3,BG31,BG313,Maize,Agriculture (excluding fallow land and kitchen gardens)
54322396,Yes,,,,,7.5,7.75,14.62,19.7,19,6.7,2.3,209.6,33,B11,U111,1,BG,BG3,BG31,BG313,Common wheat,Agriculture (excluding fallow land and kitchen gardens)
57482360,Yes,,,,,7.5,7.71,23,12.7,78,18.8,1.8,309.3,405,B11,U111,1,BG,BG3,BG34,BG341,Common wheat,Agriculture (excluding fallow land and kitchen gardens)
55922368,Yes,,,,,7.3,7.56,19.97,17.2,8,8.8,2.3,166.2,55,F40,U111,1,BG,BG3,BG32,BG321,OTHER BARE SOIL,Agriculture (excluding fallow land and kitchen gardens)
56102380,Yes,,,,,4.1,4.42,9.66,16.1,0,8.9,1.5,70.6,361,C10,U120,1,BG,BG3,BG32,BG321,Broadleaved woodland,FORESTRY
55902382,Yes,,,,,5.1,5.39,13.08,13.9,0,15.5,1.6,156.5,358,B11,U111,1,BG,BG3,BG32,BG321,Common wheat,Agriculture (excluding fallow land and kitchen gardens)
55562362,Yes,,,,,6.2,6.57,9.48,15.3,0,4.9,1.6,238.9,156,B11,U111,1,BG,BG3,BG32,BG321,Common wheat,Agriculture (excluding fallow land and kitchen gardens)
55622372,Yes,,,,,6.4,6.62,14.09,16.9,1,7.6,1.8,202.3,157,B11,U111,1,BG,BG3,BG32,BG321,Common wheat,Agriculture (excluding fallow land and kitchen gardens)
56262342,Yes,,,,,4.2,4.43,20.5,15.2,0,6,1.7,33.3,547,C10,U111,1,BG,BG3,BG32,BG321,Broadleaved woodland,Agriculture (excluding fallow land and kitchen gardens)
54102246,Yes,,,,,5.6,5.76,23.3,12.9,1,42.8,1.6,114.9,1006,B11,U111,2,BG,BG4,BG41,BG412,Common wheat,Agriculture (excluding fallow land and kitchen gardens)
54282238,Yes,,,,,6.1,6.54,6.88,14.9,0,26.4,1.5,61.9,919,B11,U111,1,BG,BG4,BG41,BG412,Common wheat,Agriculture (excluding fallow land and kitchen gardens)
54542254,Yes,,,,,6.1,6.28,20.6,11.2,1,29.1,1.4,112.4,664,E20,U111,1,BG,BG4,BG41,BG412,Grassland without tree/shrub cover,Agriculture (excluding fallow land and kitchen gardens)
54502256,Yes,,,,,6,6.35,16.12,9.5,1,94,1.1,160.9,674,B11,U111,1,BG,BG4,BG41,BG412,Common wheat,Agriculture (excluding fallow land and kitchen gardens)
55082264,Yes,,,,,5.4,5.9,8.44,5.2,0,4.7,0.7,50.7,402,E20,U420,1,BG,BG4,BG42,BG421,Grassland without tree/shrub cover,Semi-natural and natural areas not in use
54922222,Yes,,,,,7.2,7.41,37.1,46.7,80,8,3.4,143.5,582,C32,U120,1,BG,BG4,BG42,BG423,Pine dominated mixed woodland,FORESTRY
54942254,Yes,,,,,4.9,5.13,21.1,10.6,0,14.8,1.2,131.1,378,B11,U111,1,BG,BG4,BG42,BG423,Common wheat,Agriculture (excluding fallow land and kitchen gardens)
54682234,Yes,,,,,5,5.24,14.15,9.8,0,10.2,1.1,75.5,668,C10,U120,1,BG,BG4,BG42,BG423,Broadleaved woodland,FORESTRY
