Point_ID,Revisited_point,Coarse,Clay,Sand,Silt,pH(CaCl2),pH(H2O),EC,OC,CaCO3,P,N,K,Elevation,LC1,LU1,Soil_Stones,NUTS_0,NUTS_1,NUTS_2,NUTS_3,LC1_Desc,LU1_Desc
53123826,No,8,17,33,50,5.6,6.03,9.22,22.3,0,22.6,2.1,113.3,94,B13,U111,1,LV,LV0,LV00,LV009,Barley,Agriculture (excluding fallow land and kitchen gardens)
50183772,No,4,16,39,45,5.5,5.76,12.82,21.3,0,18.7,2.3,58.4,35,E20,U111,1,LV,LV0,LV00,LV003,Grassland without tree/shrub cover,Agriculture (excluding fallow land and kitchen gardens)
52903858,No,12,9,41,50,6.1,6.24,189.1,384,0,45.5,26.3,149.5,220,C10,U420,1,LV,LV0,LV00,LV008,Broadleaved woodland,Semi-natural and natural areas not in use
50403872,No,6,20,19,62,4.9,5.19,32.7,75.7,1,19.7,6.6,143.1,30,C31,U120,1,LV,LV0,LV00,LV003,Spruce dominated mixed woodland,FORESTRY
50663868,No,14,26,30,45,6.9,7.19,13.4,24.7,5,28.7,2.2,150.8,45,B55,U111,1,LV,LV0,LV00,LV003,Temporary grassland,Agriculture (excluding fallow land and kitchen gardens)
53563934,No,5,7,55,38,5.6,5.93,38.4,43.3,0,11.8,3.8,34.6,144,E30,U111,1,LV,LV0,LV00,LV008,Spontaneously re-vegetated surfaces,Agriculture (excluding fallow land and kitchen gardens)
53843780,No,11,16,46,38,4.4,4.77,11.07,13.2,1,8.8,1.5,50.9,187,E20,U111,1,LV,LV0,LV00,LV005,Grassland without tree/shrub cover,Agriculture (excluding fallow land and kitchen gardens)
53663790,No,7,11,29,61,7,7.27,86.1,78.3,85,23.8,6.8,52.7,135,C10,U120,1,LV,LV0,LV00,LV005,Broadleaved woodland,FORESTRY
53083786,No,8,31,12,57,4.8,5.28,6.52,22.4,1,6.8,2.1,45.9,109,C10,U120,1,LV,LV0,LV00,LV009,Broadleaved woodland,FORESTRY
52163856,No,3,11,38,51,4.7,4.99,48.9,42.9,1,19.4,3.9,70.6,82,C10,U120,1,LV,LV0,LV00,LV007,Broadleaved woodland,FORESTRY
50703804,No,6,23,18,59,6.8,7,16.67,36.3,2,10.6,3.7,68.3,77,B13,U111,1,LV,LV0,LV00,LV003,Barley,Agriculture (excluding fallow land and kitchen gardens)
53563892,No,2,32,15,53,7.4,7.85,28.2,29.1,154,87.6,2.2,224.9,121,C10,U120,1,LV,LV0,LV00,LV005,Broadleaved woodland,FORESTRY
52863782,Yes,,,,,5.4,5.83,13.25,46.4,0,18.1,3.4,36.8,110,C10,U120,1,LV,LV0,LV00,LV009,Broadleaved woodland,FORESTRY
52023836,Yes,,,,,5.8,6.13,4.59,13.9,0,33.2,1.4,92.7,20,E20,U370,1,LV,LV0,LV00,LV007,Grassland without tree/shrub cover,RESIDENTIAL
51643794,Yes,,,,,7.1,7.55,11.55,19.4,17,33.3,2.2,274.5,20,B18,U111,1,LV,LV0,LV00,LV009,Triticale,Agriculture (excluding fallow land and kitchen gardens)
51923832,Yes,,,,,6.3,6.6,4.84,10,0,35.3,1,62.1,34,E20,U111,1,LV,LV0,LV00,LV007,Grassland without tree/shrub cover,Agriculture (excluding fallow land and kitchen gardens)
52003830,Yes,,,,,3.4,4,10.55,27.2,0,31.9,1.2,40.7,42,C23,U120,1,LV,LV0,LV00,LV007,Other coniferous woodland,FORESTRY
52043830,Yes,,,,,3.7,4.28,4.27,16.1,0,62.4,1,31.4,42,C22,U120,1,LV,LV0,LV00,LV007,Pine dominated coniferous woodland,FORESTRY
51823794,Yes,,,,,6.8,7.1,7.4,18,5,15.5,2.1,71.5,18,B55,U111,1,LV,LV0,LV00,LV009,Temporary grassland,Agriculture (excluding fallow land and kitchen gardens)
51743796,Yes,,,,,6.9,7.23,11.38,23.6,3,34.2,2.5,216.7,14,B32,U111,1,LV,LV0,LV00,LV009,Rape and turnip rape,Agriculture (excluding fallow land and kitchen gardens)
51863830,Yes,,,,,5.9,6.18,9.91,21.1,0,34.6,2.1,250.7,12,E30,U410,1,LV,LV0,LV00,LV007,Spontaneously re-vegetated surfaces,Abandoned areas
52043812,Yes,,,,,5.7,6.05,10.38,28.3,0,9.1,2.3,27.2,24,E20,U111,1,LV,LV0,LV00,LV009,Grassland without tree/shrub cover,Agriculture (excluding fallow land and kitchen gardens)
52243888,Yes,,,,,5.2,5.67,7.21,18,0,32.2,1.8,85.6,105,E20,U111,1,LV,LV0,LV00,LV008,Grassland without tree/shrub cover,Agriculture (excluding fallow land and kitchen gardens)
51983844,Yes,,,,,5.2,5.73,9.69,48,0,14.9,4.3,42.8,18,E20,U111,1,LV,LV0,LV00,LV007,Grassland without tree/shrub cover,Agriculture (excluding fallow land and kitchen gardens)
51943774,Yes,,,,,6.9,7.24,28.6,69.7,30,57.3,6,269.1,33,B11,U111,1,LV,LV0,LV00,LV009,Common wheat,Agriculture (excluding fallow land and kitchen gardens)
52123816,Yes,,,,,5.3,5.96,4.55,12.8,0,49.6,1.2,91.3,45,E10,U120,1,LV,LV0,LV00,LV007,Grassland with sparse tree/shrub cover,FORESTRY
51843782,Yes,,,,,7.1,7.46,11.81,14.9,5,25.2,1.9,138,25,B11,U111,1,LV,LV0,LV00,LV009,Common wheat,Agriculture (excluding fallow land and kitchen gardens)
51783782,Yes,,,,,7.2,7.53,18.43,23.2,61,12.9,2.2,90.2,30,B18,U111,1,LV,LV0,LV00,LV009,Triticale,Agriculture (excluding fallow land and kitchen gardens)
51743800,Yes,,,,,7.1,7.33,17.68,22.6,14,26.2,2.4,55.5,8,B11,U111,1,LV,LV0,LV00,LV009,Common wheat,Agriculture (excluding fallow land and kitchen gardens)
51963940,Yes,,,,,3.9,4.34,6.57,62.3,0,35.5,4.1,83.7,69,C31,U120,1,LV,LV0,LV00,LV007,Spruce dominated mixed woodland,FORESTRY
52383854,Yes,,,,,4.8,5.22,36.7,64.8,0,22.7,4.3,88.9,107,E10,U120,1,LV,LV0,LV00,LV007,Grassland with sparse tree/shrub cover,FORESTRY
52143966,Yes,,,,,5.2,5.58,4.24,12.3,0,30.8,1.4,66.7,67,B15,U111,2,LV,LV0,LV00,LV008,Oats,Agriculture (excluding fallow land and kitchen gardens)
52143958,Yes,,,,,5.1,5.6,13.47,33.6,0,18.3,2.7,104.3,61,C10,U120,1,LV,LV0,LV00,LV008,Broadleaved woodland,FORESTRY
52063954,Yes,,,,,5,5.44,6.9,16.4,0,32.4,1.8,58.3,60,B12,U111,1,LV,LV0,LV00,LV008,Durum wheat,Agriculture (excluding fallow land and kitchen gardens)
52143948,Yes,,,,,5.7,5.98,7.45,16,0,16.4,1.7,68.6,59,B13,U111,1,LV,LV0,LV00,LV008,Barley,Agriculture (excluding fallow land and kitchen gardens)
51863808,Yes,,,,,5.8,6.14,10.14,20.8,0,36.5,1.9,91.1,22,B32,U111,1,LV,LV0,LV00,LV009,Rape and turnip rape,Agriculture (excluding fallow land and kitchen gardens)
52063942,Yes,,,,,5.6,5.82,45.2,44,0,35.9,4.5,47.2,63,E30,U420,1,LV,LV0,LV00,LV007,Spontaneously re-vegetated surfaces,Semi-natural and natural areas not in use
51683776,Yes,,,,,7.2,7.45,12.21,19,22,20.9,2.2,91.7,41,B11,U111,1,LV,LV0,LV00,LV009,Common wheat,Agriculture (excluding fallow land and kitchen gardens)
51743948,Yes,,,,,5.4,5.98,7.04,18.5,0,9.9,1.4,49.5,30,C31,U120,1,LV,LV0,LV00,LV007,Spruce dominated mixed woodland,FORESTRY
52063882,Yes,,,,,6.6,6.93,6.72,17.7,0,30.6,1.8,162.2,50,E30,U112,1,LV,LV0,LV00,LV007,Spontaneously re-vegetated surfaces,Fallow land
52023864,Yes,,,,,6.9,7.21,4.55,32.5,0,11,1.4,33,42,C22,U120,1,LV,LV0,LV00,LV007,Pine dominated coniferous woodland,FORESTRY
52443826,Yes,,,,,7.1,7.43,11.29,20.4,19,52.9,2,150.7,92,B11,U111,1,LV,LV0,LV00,LV009,Common wheat,Agriculture (excluding fallow land and kitchen gardens)
52483828,Yes,,,,,6.9,7.37,18.77,49.9,9,10,3.4,47.9,91,C10,U120,1,LV,LV0,LV00,LV009,Broadleaved woodland,FORESTRY
52143890,Yes,,,,,4.1,4.61,3.26,21.1,0,36.5,1.1,25.5,79,C22,U120,1,LV,LV0,LV00,LV007,Pine dominated coniferous woodland,FORESTRY
51923944,Yes,,,,,5.1,5.5,9.65,62.2,0,31.1,4.8,90.4,56,C31,U120,1,LV,LV0,LV00,LV007,Spruce dominated mixed woodland,FORESTRY
51783786,Yes,,,,,6.9,7.23,18.38,22.1,15,87.8,2.6,306.3,23,B18,U111,1,LV,LV0,LV00,LV009,Triticale,Agriculture (excluding fallow land and kitchen gardens)
51963894,Yes,,,,,6.7,6.9,8.68,15.4,1,17.1,1.4,57.4,48,B21,U111,1,LV,LV0,LV00,LV007,Potatoes,Agriculture (excluding fallow land and kitchen gardens)
52583934,Yes,,,,,4.4,4.89,5.93,20.1,0,21.1,1.4,69.2,75,C10,U120,1,LV,LV0,LV00,LV008,Broadleaved woodland,FORESTRY
52683912,Yes,,,,,5.4,5.42,0.31,386.5,0,65.8,31.8,254.9,178,C10,U120,1,LV,LV0,LV00,LV008,Broadleaved woodland,FORESTRY
52283958,Yes,,,,,5.8,6.11,7,11.1,0,25.8,1.2,94.9,66,B15,U111,1,LV,LV0,LV00,LV008,Oats,Agriculture (excluding fallow land and kitchen gardens)
51783840,Yes,,,,,7,7.15,17.8,33,27,29.6,3.3,48.1,6,E20,U111,1,LV,LV0,LV00,LV007,Grassland without tree/shrub cover,Agriculture (excluding fallow land and kitchen gardens)
52183848,Yes,,,,,5.7,6.18,5.35,14.6,0,45.7,1.4,117.8,57,B21,U111,1,LV,LV0,LV00,LV007,Potatoes,Agriculture (excluding fallow land and kitchen gardens)
52283850,Yes,,,,,4.1,4.68,6.74,34.6,0,19.9,2.4,53.6,99,C31,U120,1,LV,LV0,LV00,LV007,Spruce dominated mixed woodland,FORESTRY
52283840,Yes,,,,,5.2,5.71,13.87,17.5,0,14.7,1.6,41.6,71,C10,U120,1,LV,LV0,LV00,LV007,Broadleaved woodland,FORESTRY
52283872,Yes,,,,,4.9,5.04,90.37,150.9,0,31.5,13.2,175.9,117,C33,U120,1,LV,LV0,LV00,LV007,Other mixed woodland,FORESTRY
52243864,Yes,,,,,7.1,7.32,19.1,19,14,18.7,1.8,78.6,107,C31,U420,1,LV,LV0,LV00,LV007,Spruce dominated mixed woodland,Semi-natural and natural areas not in use
52683940,Yes,,,,,3,4.11,17.77,182.9,0,59.2,6.2,124.4,58,C31,U120,1,LV,LV0,LV00,LV008,Spruce dominated mixed woodland,FORESTRY
52403862,Yes,,,,,5.8,5.95,9.56,38.3,0,17.6,3.6,155.5,137,E20,U111,1,LV,LV0,LV00,LV008,Grassland without tree/shrub cover,Agriculture (excluding fallow land and kitchen gardens)
52223970,Yes,,,,,5.8,6.1,5.96,16.7,0,16.9,1.8,79.4,70,E20,U111,1,LV,LV0,LV00,LV008,Grassland without tree/shrub cover,Agriculture (excluding fallow land and kitchen gardens)
52363948,Yes,,,,,4.2,4.7,8.17,53.3,0,37.5,4.2,102.7,79,C31,U120,1,LV,LV0,LV00,LV008,Spruce dominated mixed woodland,FORESTRY
52463940,Yes,,,,,3.8,4.33,7.55,32.2,0,24.9,2.6,50.7,58,C31,U120,1,LV,LV0,LV00,LV008,Spruce dominated mixed woodland,FORESTRY
52663918,Yes,,,,,4.1,4.39,7.51,16.6,0,8,1.2,40.6,150,E10,U120,1,LV,LV0,LV00,LV008,Grassland with sparse tree/shrub cover,FORESTRY
52423910,Yes,,,,,5.3,5.53,22.7,14.8,0,38,1.5,123.8,79,B15,U111,1,LV,LV0,LV00,LV008,Oats,Agriculture (excluding fallow land and kitchen gardens)
52363912,Yes,,,,,4.2,4.78,4.73,17.4,0,22.2,1.3,32.6,73,C21,U120,1,LV,LV0,LV00,LV008,Spruce dominated coniferous woodland,FORESTRY
52323858,Yes,,,,,6.7,7.04,8.15,14,3,48.7,1.4,91.4,102,B11,U111,1,LV,LV0,LV00,LV007,Common wheat,Agriculture (excluding fallow land and kitchen gardens)
52963774,Yes,,,,,5.4,5.8,7.65,10.9,0,39,1.3,59.2,120,E20,U111,1,LV,LV0,LV00,LV009,Grassland without tree/shrub cover,Agriculture (excluding fallow land and kitchen gardens)
53363818,Yes,,,,,5.1,5.48,10.98,19.8,0,19.3,1.9,162.7,108,B11,U111,1,LV,LV0,LV00,LV005,Common wheat,Agriculture (excluding fallow land and kitchen gardens)
52603846,Yes,,,,,6.8,7.06,10.91,29.8,0,6.8,2.6,56.2,118,E30,U112,1,LV,LV0,LV00,LV009,Spontaneously re-vegetated surfaces,Fallow land
52643850,Yes,,,,,5.5,5.83,9.08,22.5,0,12,2.1,99.1,165,C10,U120,1,LV,LV0,LV00,LV008,Broadleaved woodland,FORESTRY
52943862,Yes,,,,,5.8,6.12,12.5,46.5,0,14.2,3.5,56.1,189,C10,U120,1,LV,LV0,LV00,LV008,Broadleaved woodland,FORESTRY
52963864,Yes,,,,,4.8,5.27,3.99,17.4,0,15.5,1.7,41.4,206,E20,U111,1,LV,LV0,LV00,LV008,Grassland without tree/shrub cover,Agriculture (excluding fallow land and kitchen gardens)
53263848,Yes,,,,,7.2,7.63,15.62,41.3,47,11,3.5,187.2,98,B13,U111,1,LV,LV0,LV00,LV008,Barley,Agriculture (excluding fallow land and kitchen gardens)
50343760,Yes,,,,,6.1,6.35,16.92,167.9,0,27.3,13.3,109.1,49,E20,U111,1,LV,LV0,LV00,LV003,Grassland without tree/shrub cover,Agriculture (excluding fallow land and kitchen gardens)
53403840,Yes,,,,,6,6.21,20.4,76.2,0,11.7,5.6,81.1,114,C33,U120,1,LV,LV0,LV00,LV005,Other mixed woodland,FORESTRY
52663864,Yes,,,,,5.9,6.37,5.04,18.7,0,11.4,1.8,67.8,178,E20,U111,1,LV,LV0,LV00,LV008,Grassland without tree/shrub cover,Agriculture (excluding fallow land and kitchen gardens)
53143846,Yes,,,,,7.2,7.66,15.81,13.8,31,28.7,1.3,107.9,112,B11,U111,1,LV,LV0,LV00,LV008,Common wheat,Agriculture (excluding fallow land and kitchen gardens)
53223832,Yes,,,,,6,6.28,7.85,21.3,0,19,2,49.9,97,E20,U111,1,LV,LV0,LV00,LV009,Grassland without tree/shrub cover,Agriculture (excluding fallow land and kitchen gardens)
53163808,Yes,,,,,7.2,7.63,13.51,14.5,16,11,1.6,174.7,95,E20,U111,1,LV,LV0,LV00,LV005,Grassland without tree/shrub cover,Agriculture (excluding fallow land and kitchen gardens)
53063826,Yes,,,,,4.7,5.15,5.21,30,0,12.2,2.1,89.1,92,C10,U120,1,LV,LV0,LV00,LV009,Broadleaved woodland,FORESTRY
51963912,Yes,,,,,6.7,7.25,20.6,5.6,1,28.6,0.8,60.2,50,E20,U370,1,LV,LV0,LV00,LV007,Grassland without tree/shrub cover,RESIDENTIAL
51923926,Yes,,,,,5.4,5.77,20.9,24.1,0,28,2.2,171.2,59,B11,U111,1,LV,LV0,LV00,LV007,Common wheat,Agriculture (excluding fallow land and kitchen gardens)
53383842,Yes,,,,,6.6,6.82,12.22,17.6,0,23.6,1.8,95.1,105,B14,U111,1,LV,LV0,LV00,LV008,Rye,Agriculture (excluding fallow land and kitchen gardens)
53063898,Yes,,,,,7.1,7.59,17.6,20.9,5,13.6,1.9,63,136,F40,U112,1,LV,LV0,LV00,LV008,OTHER BARE SOIL,Fallow land
52843852,Yes,,,,,3.9,4.35,6.99,32.4,0,15.3,2.3,48,210,C31,U120,1,LV,LV0,LV00,LV008,Spruce dominated mixed woodland,FORESTRY
52643868,Yes,,,,,5.2,5.59,6.29,26.5,0,8,2.5,82,177,E20,U111,1,LV,LV0,LV00,LV008,Grassland without tree/shrub cover,Agriculture (excluding fallow land and kitchen gardens)
53323892,Yes,,,,,5.2,5.6,13.51,37.4,0,0,3.1,36.4,106,C10,U120,1,LV,LV0,LV00,LV008,Broadleaved woodland,FORESTRY
53323870,Yes,,,,,7.2,7.59,13.01,15.5,23,39,1.5,152.8,104,B11,U111,1,LV,LV0,LV00,LV008,Common wheat,Agriculture (excluding fallow land and kitchen gardens)
53363868,Yes,,,,,6.9,7.26,24.8,46.3,24,226.7,4.5,641.7,101,B21,U111,1,LV,LV0,LV00,LV008,Potatoes,Agriculture (excluding fallow land and kitchen gardens)
53243862,Yes,,,,,4.8,5.24,7.21,11.1,0,114.7,1,53.8,100,B13,U111,1,LV,LV0,LV00,LV008,Barley,Agriculture (excluding fallow land and kitchen gardens)
52583848,Yes,,,,,6.9,7.05,9.92,18.4,5,15.5,1.6,141.5,122,B13,U111,1,LV,LV0,LV00,LV007,Barley,Agriculture (excluding fallow land and kitchen gardens)
53083858,Yes,,,,,7.1,7.26,13.12,29.9,29,16.1,2.3,53.4,103,E20,U111,1,LV,LV0,LV00,LV008,Grassland without tree/shrub cover,Agriculture (excluding fallow land and kitchen gardens)
52583844,Yes,,,,,3.6,4.14,7.51,41,0,20.4,2.3,54.6,109,C31,U120,1,LV,LV0,LV00,LV007,Spruce dominated mixed woodland,FORESTRY
53023896,Yes,,,,,3.1,3.71,15.01,74.9,0,23.8,3.4,69,173,C23,U120,1,LV,LV0,LV00,LV008,Other coniferous woodland,FORESTRY
52763848,Yes,,,,,4.6,5.2,3.15,8.3,0,8.7,0.9,77.5,172,E10,U111,1,LV,LV0,LV00,LV009,Grassland with sparse tree/shrub cover,Agriculture (excluding fallow land and kitchen gardens)
52823854,Yes,,,,,5.6,5.9,5.75,14.5,0,9.2,1.5,53.9,229,E20,U111,1,LV,LV0,LV00,LV008,Grassland without tree/shrub cover,Agriculture (excluding fallow land and kitchen gardens)
53203896,Yes,,,,,5.2,5.62,4.43,11.8,0,11.1,1.2,62.6,140,E20,U111,1,LV,LV0,LV00,LV008,Grassland without tree/shrub cover,Agriculture (excluding fallow land and kitchen gardens)
53183886,Yes,,,,,6.7,6.9,9.66,21.7,0,36.6,2.1,142.2,126,E20,U111,1,LV,LV0,LV00,LV008,Grassland without tree/shrub cover,Agriculture (excluding fallow land and kitchen gardens)
52683890,Yes,,,,,4.7,5.12,7.64,17.1,0,15.5,1.7,54.6,177,E30,U420,1,LV,LV0,LV00,LV008,Spontaneously re-vegetated surfaces,Semi-natural and natural areas not in use
53103854,Yes,,,,,6.3,6.42,7.85,24.4,0,23.7,2.3,77.5,100,F40,U112,1,LV,LV0,LV00,LV008,OTHER BARE SOIL,Fallow land
50203822,Yes,,,,,5.3,5.77,10.79,44.5,0,26.2,3.5,233.4,18,E20,U111,1,LV,LV0,LV00,LV003,Grassland without tree/shrub cover,Agriculture (excluding fallow land and kitchen gardens)
51923930,Yes,,,,,4.7,5.17,6.28,38.9,0,23.7,2.9,66.9,66,C10,U120,1,LV,LV0,LV00,LV007,Broadleaved woodland,FORESTRY
50383804,Yes,,,,,5.9,6.2,10.46,18,0,60.7,1.5,111.2,71,B41,U111,1,LV,LV0,LV00,LV003,Dry pulses,Agriculture (excluding fallow land and kitchen gardens)
50643772,Yes,,,,,5.8,6.17,6.8,10.7,0,15.6,1.2,108.7,62,B11,U111,1,LV,LV0,LV00,LV003,Common wheat,Agriculture (excluding fallow land and kitchen gardens)
50323762,Yes,,,,,6.7,6.86,15.43,26.4,3,21.5,2.6,204.8,55,E10,U420,2,LV,LV0,LV00,LV003,Grassland with sparse tree/shrub cover,Semi-natural and natural areas not in use
50903826,Yes,,,,,5.6,6.11,7.07,15,0,15,1.5,168.1,78,C10,U120,1,LV,LV0,LV00,LV007,Broadleaved woodland,FORESTRY
50443810,Yes,,,,,4.2,4.59,12.6,19.8,0,16.1,1.8,84.1,107,C31,U120,2,LV,LV0,LV00,LV003,Spruce dominated mixed woodland,FORESTRY
50683780,Yes,,,,,5.4,5.62,33,43.2,0,24.3,3.6,86.9,81,C10,U120,1,LV,LV0,LV00,LV003,Broadleaved woodland,FORESTRY
50583782,Yes,,,,,6.8,7.06,12.06,29.2,1,58.2,2.9,349.3,58,B11,U111,1,LV,LV0,LV00,LV003,Common wheat,Agriculture (excluding fallow land and kitchen gardens)
50763800,Yes,,,,,6.5,6.64,8.33,23.1,0,38.2,2.2,190.4,101,E20,U111,1,LV,LV0,LV00,LV003,Grassland without tree/shrub cover,Agriculture (excluding fallow land and kitchen gardens)
50503770,Yes,,,,,4.9,5.22,25.7,14.9,0,17.2,1.7,105.4,131,B11,U111,1,LV,LV0,LV00,LV003,Common wheat,Agriculture (excluding fallow land and kitchen gardens)
50523782,Yes,,,,,4.2,4.79,5.06,16,0,19.3,1.1,65.5,71,C32,U120,1,LV,LV0,LV00,LV003,Pine dominated mixed woodland,FORESTRY
50823826,Yes,,,,,5.6,5.83,8.42,16.2,0,29.3,1.7,85.6,75,E30,U420,1,LV,LV0,LV00,LV007,Spontaneously re-vegetated surfaces,Semi-natural and natural areas not in use
50303796,Yes,,,,,6.6,6.76,12.49,26.7,2,83.9,2.7,353.8,46,B13,U111,1,LV,LV0,LV00,LV003,Barley,Agriculture (excluding fallow land and kitchen gardens)
50343778,Yes,,,,,7.2,7.72,16.94,11.9,53,15.4,1.3,119.9,101,B15,U111,1,LV,LV0,LV00,LV003,Oats,Agriculture (excluding fallow land and kitchen gardens)
52603834,Yes,,,,,4.1,4.68,7.85,63.5,0,30.4,3.7,97,107,C31,U120,1,LV,LV0,LV00,LV009,Spruce dominated mixed woodland,FORESTRY
50243812,Yes,,,,,3.8,4.39,6.13,24.8,0,16.3,1.4,48,43,C33,U120,1,LV,LV0,LV00,LV003,Other mixed woodland,FORESTRY
50883804,Yes,,,,,5.4,5.9,7.59,33,0,8.1,1.8,64.5,98,C31,U120,1,LV,LV0,LV00,LV003,Spruce dominated mixed woodland,FORESTRY
52543876,Yes,,,,,3.8,4.44,6.47,32.3,0,11.5,2.7,54.7,209,C31,U120,1,LV,LV0,LV00,LV008,Spruce dominated mixed woodland,FORESTRY
52503854,Yes,,,,,6.1,6.35,7.02,24.4,0,13.3,2.2,51.5,131,E20,U111,1,LV,LV0,LV00,LV007,Grassland without tree/shrub cover,Agriculture (excluding fallow land and kitchen gardens)
52663882,Yes,,,,,5.4,5.73,13.35,42.1,0,31.5,3.6,56.6,206,E30,U120,1,LV,LV0,LV00,LV008,Spontaneously re-vegetated surfaces,FORESTRY
51023782,Yes,,,,,6.6,6.79,25.7,71.5,1,37.4,4.8,81.3,112,B13,U111,1,LV,LV0,LV00,LV009,Barley,Agriculture (excluding fallow land and kitchen gardens)
51043770,Yes,,,,,5.3,5.71,9.59,32.2,0,15,2.2,71.1,81,C31,U120,1,LV,LV0,LV00,LV003,Spruce dominated mixed woodland,FORESTRY
51063768,Yes,,,,,6.6,6.77,9.86,13.7,0,31.7,1.5,137.1,84,B11,U111,1,LV,LV0,LV00,LV003,Common wheat,Agriculture (excluding fallow land and kitchen gardens)
50303804,Yes,,,,,5.3,5.59,14.25,41.3,0,14.6,4,148,48,C10,U120,1,LV,LV0,LV00,LV003,Broadleaved woodland,FORESTRY
51023786,Yes,,,,,7.3,7.66,18.5,10.8,32,16.6,1.1,149.4,118,B11,U111,1,LV,LV0,LV00,LV009,Common wheat,Agriculture (excluding fallow land and kitchen gardens)
52923836,Yes,,,,,3.7,4.45,22.4,118.5,0,54.1,7,128.9,91,C31,U120,1,LV,LV0,LV00,LV009,Spruce dominated mixed woodland,FORESTRY
50983816,Yes,,,,,6.5,6.89,8.93,16.1,0,30,1.8,416.8,119,E20,U111,1,LV,LV0,LV00,LV007,Grassland without tree/shrub cover,Agriculture (excluding fallow land and kitchen gardens)
51023818,Yes,,,,,5.7,5.95,8.79,26.6,0,7.5,2.6,55.8,95,C10,U120,1,LV,LV0,LV00,LV007,Broadleaved woodland,FORESTRY
51943882,Yes,,,,,5.1,5.53,5.39,10.6,0,50.6,1.2,120,28,B11,U111,1,LV,LV0,LV00,LV007,Common wheat,Agriculture (excluding fallow land and kitchen gardens)
50663796,Yes,,,,,7,7.31,8.87,10.6,13,42.5,1,160.2,75,B32,U111,1,LV,LV0,LV00,LV003,Rape and turnip rape,Agriculture (excluding fallow land and kitchen gardens)
50703814,Yes,,,,,5.5,5.86,3.77,11.3,0,10.3,1.2,79.8,89,B11,U111,1,LV,LV0,LV00,LV003,Common wheat,Agriculture (excluding fallow land and kitchen gardens)
50703800,Yes,,,,,7,7.3,15.11,19.5,5,50.9,1.9,353.6,72,B32,U111,1,LV,LV0,LV00,LV003,Rape and turnip rape,Agriculture (excluding fallow land and kitchen gardens)
50803766,Yes,,,,,6.4,6.65,6.07,17.9,0,30,1.8,74,66,E20,U370,1,LV,LV0,LV00,LV003,Grassland without tree/shrub cover,RESIDENTIAL
52743836,Yes,,,,,4.8,5.24,4.07,12.2,0,7.6,1.3,42.1,105,E20,U111,1,LV,LV0,LV00,LV009,Grassland without tree/shrub cover,Agriculture (excluding fallow land and kitchen gardens)
52463890,Yes,,,,,7,7.3,22.7,19.9,9,33.1,1.8,96.2,184,E20,U410,1,LV,LV0,LV00,LV008,Grassland without tree/shrub cover,Abandoned areas
52483882,Yes,,,,,5.7,5.99,34,206.6,0,14.9,11.9,69.3,186,E20,U111,1,LV,LV0,LV00,LV008,Grassland without tree/shrub cover,Agriculture (excluding fallow land and kitchen gardens)
50043724,Yes,,,,,5.8,6.4,3.75,2.5,0,6.9,0.3,18.4,1,C22,U120,1,LV,LV0,LV00,LV003,Pine dominated coniferous woodland,FORESTRY
52683832,Yes,,,,,4.6,5.09,5.09,23.1,0,10.9,1.8,58.4,97,C10,U120,1,LV,LV0,LV00,LV009,Broadleaved woodland,FORESTRY
53583764,Yes,,,,,6.8,7.3,12.64,15.2,3,25.7,1.3,38.9,99,C22,U120,1,LV,LV0,LV00,LV005,Pine dominated coniferous woodland,FORESTRY
53983768,Yes,,,,,6.3,6.49,7.68,15.3,0,9,1.7,155.8,107,E20,U111,1,LV,LV0,LV00,LV005,Grassland without tree/shrub cover,Agriculture (excluding fallow land and kitchen gardens)
53563846,Yes,,,,,7.2,7.74,19.75,34.2,85,28.9,2,517.4,108,E30,U420,1,LV,LV0,LV00,LV005,Spontaneously re-vegetated surfaces,Semi-natural and natural areas not in use
53503820,Yes,,,,,6.4,6.51,11.8,39.2,1,27.2,3.1,24.5,129,E10,U420,1,LV,LV0,LV00,LV005,Grassland with sparse tree/shrub cover,Semi-natural and natural areas not in use
53643818,Yes,,,,,6.6,6.86,5.41,5.3,0,0,0.6,50.8,149,B15,U111,1,LV,LV0,LV00,LV005,Oats,Agriculture (excluding fallow land and kitchen gardens)
53923878,Yes,,,,,6.9,7.1,10.17,26.6,3,20.5,2.5,112.7,96,B11,U111,1,LV,LV0,LV00,LV005,Common wheat,Agriculture (excluding fallow land and kitchen gardens)
53563828,Yes,,,,,6.6,7.23,7.66,12.7,1,29.2,1.3,126.1,126,B15,U111,1,LV,LV0,LV00,LV005,Oats,Agriculture (excluding fallow land and kitchen gardens)
53623848,Yes,,,,,6.4,6.63,5.43,15,0,7.5,1.4,37.4,138,C10,U120,1,LV,LV0,LV00,LV005,Broadleaved woodland,FORESTRY
53363782,Yes,,,,,7.2,7.44,16.84,30.2,5,15.4,2.9,102.2,99,B11,U111,1,LV,LV0,LV00,LV005,Common wheat,Agriculture (excluding fallow land and kitchen gardens)
52903794,Yes,,,,,5.6,6.01,9.66,15.9,0,12.9,1.6,27.5,120,E20,U111,1,LV,LV0,LV00,LV009,Grassland without tree/shrub cover,Agriculture (excluding fallow land and kitchen gardens)
53723760,Yes,,,,,5,5.5,8.84,9.1,0,16.9,1.1,130.8,150,E10,U420,1,LV,LV0,LV00,LV005,Grassland with sparse tree/shrub cover,Semi-natural and natural areas not in use
52263808,Yes,,,,,3.8,4.31,4.93,26,0,37.1,1.2,30.7,55,F30,U120,1,LV,LV0,LV00,LV009,LICHENS AND MOSS,FORESTRY
52603780,Yes,,,,,7,7.19,18.8,45.4,19,11.7,4.1,54.8,83,C10,U120,1,LV,LV0,LV00,LV009,Broadleaved woodland,FORESTRY
52683814,Yes,,,,,6.7,7.05,5.58,8.4,3,10.7,0.9,48.9,109,E20,U111,1,LV,LV0,LV00,LV009,Grassland without tree/shrub cover,Agriculture (excluding fallow land and kitchen gardens)
52803826,Yes,,,,,4.3,4.8,3.15,11.4,0,14.2,0.9,18.8,91,C10,U120,1,LV,LV0,LV00,LV009,Broadleaved woodland,FORESTRY
53083804,Yes,,,,,7.3,7.73,15.87,16.3,108,25,1.8,278.1,93,E20,U111,1,LV,LV0,LV00,LV009,Grassland without tree/shrub cover,Agriculture (excluding fallow land and kitchen gardens)
51563778,Yes,,,,,7.3,7.78,13.19,15,20,23.4,1.6,103.6,31,B18,U111,1,LV,LV0,LV00,LV009,Triticale,Agriculture (excluding fallow land and kitchen gardens)
52863814,Yes,,,,,6.2,6.48,9.08,19.6,1,96.7,1.9,254.7,80,B15,U111,1,LV,LV0,LV00,LV009,Oats,Agriculture (excluding fallow land and kitchen gardens)
51523784,Yes,,,,,7.3,7.76,12.42,17.3,71,13.9,1.6,43.8,29,B11,U111,1,LV,LV0,LV00,LV009,Common wheat,Agriculture (excluding fallow land and kitchen gardens)
53203792,Yes,,,,,6.6,6.93,8.32,10.1,1,41.4,1.1,76.8,89,C32,U420,1,LV,LV0,LV00,LV009,Pine dominated mixed woodland,Semi-natural and natural areas not in use
53123776,Yes,,,,,7.1,7.39,18.28,23.5,18,22.3,2,95.5,133,E20,U111,1,LV,LV0,LV00,LV009,Grassland without tree/shrub cover,Agriculture (excluding fallow land and kitchen gardens)
53063790,Yes,,,,,5.7,6.2,4.67,13.6,1,13.9,1.3,113.2,110,B18,U111,1,LV,LV0,LV00,LV009,Triticale,Agriculture (excluding fallow land and kitchen gardens)
53023788,Yes,,,,,4.1,4.48,6.82,26.7,0,23.3,2.1,64.7,127,C31,U120,1,LV,LV0,LV00,LV009,Spruce dominated mixed woodland,FORESTRY
53603862,Yes,,,,,7.2,7.63,14.42,13.5,31,16.7,1.5,149.6,109,B32,U111,1,LV,LV0,LV00,LV005,Rape and turnip rape,Agriculture (excluding fallow land and kitchen gardens)
53463800,Yes,,,,,3.8,4.73,4.05,15.7,0,23.2,0.9,24.1,122,C21,U120,1,LV,LV0,LV00,LV005,Spruce dominated coniferous woodland,FORESTRY
53443794,Yes,,,,,6.6,6.94,22.1,28.3,3,10.8,2.6,48.3,103,E20,U111,1,LV,LV0,LV00,LV005,Grassland without tree/shrub cover,Agriculture (excluding fallow land and kitchen gardens)
53563792,Yes,,,,,6.7,7.11,14.75,23.1,2,21.8,2.2,93.1,141,E20,U111,1,LV,LV0,LV00,LV005,Grassland without tree/shrub cover,Agriculture (excluding fallow land and kitchen gardens)
53843866,Yes,,,,,6.8,7.12,9.08,16.1,3,13.1,1.6,132,105,B12,U111,1,LV,LV0,LV00,LV005,Durum wheat,Agriculture (excluding fallow land and kitchen gardens)
50463772,Yes,,,,,6.8,7.1,9.54,22.8,5,9.2,2,115,116,C10,U120,1,LV,LV0,LV00,LV003,Broadleaved woodland,FORESTRY
54103824,Yes,,,,,6.6,6.76,10.4,12.3,1,10.7,1.2,93.1,198,E30,U420,1,LV,LV0,LV00,LV005,Spontaneously re-vegetated surfaces,Semi-natural and natural areas not in use
53623840,Yes,,,,,4.7,5.9,2.81,6.8,0,9.6,0.5,51.6,141,C32,U120,1,LV,LV0,LV00,LV005,Pine dominated mixed woodland,FORESTRY
53743770,Yes,,,,,6.3,6.48,74.1,68.1,0,21.7,6.1,124.6,144,C10,U120,1,LV,LV0,LV00,LV005,Broadleaved woodland,FORESTRY
53543786,Yes,,,,,4.9,5.78,9.6,11.8,0,50.8,0.7,31.2,106,E30,U120,1,LV,LV0,LV00,LV005,Spontaneously re-vegetated surfaces,FORESTRY
53503756,Yes,,,,,7.1,7.27,27.7,31.9,23,25.9,2.7,105.5,130,E20,U111,1,LV,LV0,LV00,LV005,Grassland without tree/shrub cover,Agriculture (excluding fallow land and kitchen gardens)
53723782,Yes,,,,,5.9,6.5,7.47,14.8,0,31.8,1.3,68.2,172,E30,U112,1,LV,LV0,LV00,LV005,Spontaneously re-vegetated surfaces,Fallow land
53563756,Yes,,,,,7,7.25,20.3,18.5,6,77,1.9,154.1,167,E20,U111,1,LV,LV0,LV00,LV005,Grassland without tree/shrub cover,Agriculture (excluding fallow land and kitchen gardens)
53723764,Yes,,,,,6.5,7.1,8.6,13.2,1,11,1.3,104.7,146,E20,U111,1,LV,LV0,LV00,LV005,Grassland without tree/shrub cover,Agriculture (excluding fallow land and kitchen gardens)
53803866,Yes,,,,,6.8,7.22,18.11,42.1,106,132.4,2.3,155.5,107,E30,U410,2,LV,LV0,LV00,LV005,Spontaneously re-vegetated surfaces,Abandoned areas
54003836,Yes,,,,,7.1,7.19,18.98,20.8,9,26.6,2,54.2,158,E30,U420,1,LV,LV0,LV00,LV005,Spontaneously re-vegetated surfaces,Semi-natural and natural areas not in use
53923834,Yes,,,,,5.8,6.2,10.01,16.7,0,18.8,1.8,32.5,164,E20,U111,1,LV,LV0,LV00,LV005,Grassland without tree/shrub cover,Agriculture (excluding fallow land and kitchen gardens)
53943778,Yes,,,,,5.9,6.03,10.43,16.3,7,7.8,1.8,142.4,169,E20,U111,1,LV,LV0,LV00,LV005,Grassland without tree/shrub cover,Agriculture (excluding fallow land and kitchen gardens)
53943800,Yes,,,,,6.8,7.04,15.24,13.7,1,16.6,1.4,19.5,171,E20,U111,1,LV,LV0,LV00,LV005,Grassland without tree/shrub cover,Agriculture (excluding fallow land and kitchen gardens)
53723804,Yes,,,,,3.5,4.02,5.97,15.9,0,39.2,0.7,104.9,163,E10,U120,1,LV,LV0,LV00,LV005,Grassland with sparse tree/shrub cover,FORESTRY
54143790,Yes,,,,,6.4,6.59,16.41,42.5,0,19.8,4,77.2,158,C10,U120,1,LV,LV0,LV00,LV005,Broadleaved woodland,FORESTRY
53723796,Yes,,,,,7.9,8.51,13.26,12.6,106,6.7,0.7,171.9,158,E20,U111,1,LV,LV0,LV00,LV005,Grassland without tree/shrub cover,Agriculture (excluding fallow land and kitchen gardens)
53743864,Yes,,,,,6.1,6.64,7.75,18.3,0,36.1,1.8,122.4,126,E20,U111,1,LV,LV0,LV00,LV005,Grassland without tree/shrub cover,Agriculture (excluding fallow land and kitchen gardens)
53023770,Yes,,,,,4.3,4.65,5.84,16.2,0,14.7,1.3,43.5,145,C31,U120,1,LV,LV0,LV00,LV005,Spruce dominated mixed woodland,FORESTRY
52943776,Yes,,,,,5.7,5.99,11.74,11.2,0,7.5,1.1,81.6,131,C10,U120,1,LV,LV0,LV00,LV009,Broadleaved woodland,FORESTRY
53043800,Yes,,,,,5.8,6.23,11.02,23.9,0,12.7,2.2,165.6,102,B32,U111,1,LV,LV0,LV00,LV009,Rape and turnip rape,Agriculture (excluding fallow land and kitchen gardens)
51283776,Yes,,,,,7.1,7.41,17.42,30.2,27,12.1,2.6,49.2,71,C10,U120,1,LV,LV0,LV00,LV009,Broadleaved woodland,FORESTRY
54203844,Yes,,,,,5.4,5.88,7.86,17.6,0,37.7,1.7,164.5,128,B14,U111,1,LV,LV0,LV00,LV005,Rye,Agriculture (excluding fallow land and kitchen gardens)
53423754,Yes,,,,,5.9,6.16,9.76,26.7,0,14,2.5,85.6,125,C10,U120,1,LV,LV0,LV00,LV005,Broadleaved woodland,FORESTRY
51343816,Yes,,,,,6.5,6.77,5.74,14.8,0,15.4,1.6,251.4,19,E20,U111,1,LV,LV0,LV00,LV009,Grassland without tree/shrub cover,Agriculture (excluding fallow land and kitchen gardens)
51123800,Yes,,,,,7.1,7.63,14.77,15.8,4,15,1.5,64,96,C10,U120,1,LV,LV0,LV00,LV009,Broadleaved woodland,FORESTRY
51303800,Yes,,,,,7.2,7.54,10.19,17.8,5,15.3,2,121.6,70,B11,U111,1,LV,LV0,LV00,LV009,Common wheat,Agriculture (excluding fallow land and kitchen gardens)
51243796,Yes,,,,,7.3,7.59,18.42,27.7,9,13.3,2.9,128,61,B11,U111,1,LV,LV0,LV00,LV009,Common wheat,Agriculture (excluding fallow land and kitchen gardens)
51463794,Yes,,,,,7.2,7.52,9.33,15.8,4,50.6,1.8,230.2,16,B52,U111,1,LV,LV0,LV00,LV009,Lucerne,Agriculture (excluding fallow land and kitchen gardens)
51163784,Yes,,,,,6.5,6.84,6.21,16.9,0,14.5,1.7,47.2,111,B11,U111,1,LV,LV0,LV00,LV009,Common wheat,Agriculture (excluding fallow land and kitchen gardens)
53543750,Yes,,,,,4.9,5.3,8.26,39.6,0,19,3.1,89.4,156,C31,U120,1,LV,LV0,LV00,LV005,Spruce dominated mixed woodland,FORESTRY
51223780,Yes,,,,,6.2,6.83,9.62,21.5,0,15.1,2.3,60.6,79,B41,U111,1,LV,LV0,LV00,LV009,Dry pulses,Agriculture (excluding fallow land and kitchen gardens)
51383804,Yes,,,,,7.2,7.9,13.18,25.8,11,28.5,2.8,120.4,9,B13,U111,1,LV,LV0,LV00,LV009,Barley,Agriculture (excluding fallow land and kitchen gardens)
51483800,Yes,,,,,6.3,6.61,6.09,20.7,0,23.1,2.2,56,9,B13,U111,1,LV,LV0,LV00,LV009,Barley,Agriculture (excluding fallow land and kitchen gardens)
51223770,Yes,,,,,7.3,7.76,14.87,14.3,42,35.7,1.4,153.8,90,B13,U111,1,LV,LV0,LV00,LV009,Barley,Agriculture (excluding fallow land and kitchen gardens)
51343780,Yes,,,,,7.1,7.49,9.58,17.9,8,31.9,1.8,125.4,64,B11,U111,1,LV,LV0,LV00,LV009,Common wheat,Agriculture (excluding fallow land and kitchen gardens)
51403792,Yes,,,,,6.8,7.08,9.93,24.2,2,36.2,2.5,339.6,26,B11,U111,1,LV,LV0,LV00,LV009,Common wheat,Agriculture (excluding fallow land and kitchen gardens)
51403810,Yes,,,,,7,7.32,19.85,24.9,4,27.3,2.8,164.5,4,B16,U111,1,LV,LV0,LV00,LV009,Maize,Agriculture (excluding fallow land and kitchen gardens)
50483840,Yes,,,,,3.1,4.04,15.14,74.8,0,33.4,3,63.2,29,C33,U120,1,LV,LV0,LV00,LV003,Other mixed woodland,FORESTRY
50263838,Yes,,,,,5.5,5.96,114.6,244.2,0,34.8,19.4,161.6,28,C31,U120,1,LV,LV0,LV00,LV003,Spruce dominated mixed woodland,FORESTRY
51023840,Yes,,,,,5.3,5.62,32.7,17.1,0,61.2,1.9,302.3,60,E20,U370,1,LV,LV0,LV00,LV007,Grassland without tree/shrub cover,RESIDENTIAL
50703836,Yes,,,,,5.1,5.37,81.4,79.4,0,21,6.1,325,65,C10,U120,1,LV,LV0,LV00,LV003,Broadleaved woodland,FORESTRY
50803852,Yes,,,,,4.8,5.79,9,17.4,0,19.4,1.8,65.7,145,C10,U120,1,LV,LV0,LV00,LV003,Broadleaved woodland,FORESTRY
50803870,Yes,,,,,6.9,7.23,15.16,20.2,3,8.4,2,65.3,55,B11,U111,1,LV,LV0,LV00,LV003,Common wheat,Agriculture (excluding fallow land and kitchen gardens)
50203858,Yes,,,,,6.4,6.72,10.63,18.7,0,13.4,2.1,86.2,9,B11,U111,1,LV,LV0,LV00,LV003,Common wheat,Agriculture (excluding fallow land and kitchen gardens)
50523804,Yes,,,,,6.8,7.02,12.26,12.3,14,18.5,1.2,63.6,33,E20,U111,2,LV,LV0,LV00,LV003,Grassland without tree/shrub cover,Agriculture (excluding fallow land and kitchen gardens)
51143826,Yes,,,,,6.2,6.49,7.54,15.7,0,17.5,1.7,220.3,81,B51,U111,1,LV,LV0,LV00,LV007,Clovers,Agriculture (excluding fallow land and kitchen gardens)
50143726,Yes,,,,,5.7,6.1,4.38,13.1,0,17.2,1.3,84.2,32,B15,U111,1,LV,LV0,LV00,LV003,Oats,Agriculture (excluding fallow land and kitchen gardens)
51223828,Yes,,,,,5.9,6.13,16.42,25.9,0,9.4,2.6,61.2,54,C10,U120,1,LV,LV0,LV00,LV007,Broadleaved woodland,FORESTRY
51223824,Yes,,,,,6.3,6.59,8.23,13.4,0,26,1.5,178.3,48,B32,U111,1,LV,LV0,LV00,LV007,Rape and turnip rape,Agriculture (excluding fallow land and kitchen gardens)
51203818,Yes,,,,,7.1,7.56,16.07,15.8,24,29.9,1.6,170.3,59,B32,U111,1,LV,LV0,LV00,LV007,Rape and turnip rape,Agriculture (excluding fallow land and kitchen gardens)
51143812,Yes,,,,,6.7,6.98,13.71,17.6,2,54.4,1.9,208.4,67,B32,U111,1,LV,LV0,LV00,LV007,Rape and turnip rape,Agriculture (excluding fallow land and kitchen gardens)
51003826,Yes,,,,,6.8,7.09,7.42,17.5,0,11.5,2,170.7,87,B11,U111,1,LV,LV0,LV00,LV007,Common wheat,Agriculture (excluding fallow land and kitchen gardens)
53723840,Yes,,,,,6.2,6.46,58.2,265.4,3,54.3,13.6,304.9,143,B13,U111,1,LV,LV0,LV00,LV005,Barley,Agriculture (excluding fallow land and kitchen gardens)
50163836,Yes,,,,,6,6.23,14.03,21.5,0,49.9,2.2,182.5,7,B14,U111,1,LV,LV0,LV00,LV003,Rye,Agriculture (excluding fallow land and kitchen gardens)
50523822,Yes,,,,,7,7.42,18.62,15.6,53,22.1,1.4,112.5,51,E20,U111,1,LV,LV0,LV00,LV003,Grassland without tree/shrub cover,Agriculture (excluding fallow land and kitchen gardens)
50323756,Yes,,,,,6.1,6.33,7.88,17.8,0,56.3,1.8,121.2,58,B13,U111,2,LV,LV0,LV00,LV003,Barley,Agriculture (excluding fallow land and kitchen gardens)
50683816,Yes,,,,,6.1,6.39,5.55,12.5,0,22.7,1.3,96.9,78,B11,U111,1,LV,LV0,LV00,LV003,Common wheat,Agriculture (excluding fallow land and kitchen gardens)
50163796,Yes,,,,,6.8,7.07,6,18.3,0,23.6,1.9,106,29,B11,U111,3,LV,LV0,LV00,LV003,Common wheat,Agriculture (excluding fallow land and kitchen gardens)
50263798,Yes,,,,,4.4,4.97,6.3,39.8,0,13,3.4,242.2,44,C31,U120,1,LV,LV0,LV00,LV003,Spruce dominated mixed woodland,FORESTRY
50123782,Yes,,,,,6,6.23,6.26,13.9,0,15.8,1.5,154.2,31,B11,U111,2,LV,LV0,LV00,LV003,Common wheat,Agriculture (excluding fallow land and kitchen gardens)
50523872,Yes,,,,,3.2,4.04,28.4,122,0,40.4,5.2,197.2,46,E10,U120,1,LV,LV0,LV00,LV003,Grassland with sparse tree/shrub cover,FORESTRY
50303814,Yes,,,,,5.6,5.97,5.88,12,0,9.7,1.3,97.6,74,B54,U111,1,LV,LV0,LV00,LV003,Mix of cereals,Agriculture (excluding fallow land and kitchen gardens)
50223854,Yes,,,,,6.8,7.02,18.46,32.8,3,23.8,3.2,87.9,8,E20,U111,1,LV,LV0,LV00,LV003,Grassland without tree/shrub cover,Agriculture (excluding fallow land and kitchen gardens)
50463826,Yes,,,,,3.1,4.12,21.5,371.2,0,77.4,12.7,278.6,51,E10,U120,1,LV,LV0,LV00,LV003,Grassland with sparse tree/shrub cover,FORESTRY
50943800,Yes,,,,,6.1,6.44,19.51,72.5,0,35.2,5.3,269.2,118,E20,U111,1,LV,LV0,LV00,LV003,Grassland without tree/shrub cover,Agriculture (excluding fallow land and kitchen gardens)
50123764,Yes,,,,,6.9,7.24,12.77,21.6,7,15.9,2.1,84,29,E20,U111,1,LV,LV0,LV00,LV003,Grassland without tree/shrub cover,Agriculture (excluding fallow land and kitchen gardens)
50023768,Yes,,,,,7,7.38,16.02,22.7,11,20.8,2.4,198.7,6,E20,U370,2,LV,LV0,LV00,LV003,Grassland without tree/shrub cover,RESIDENTIAL
50603794,Yes,,,,,6.7,7.11,8.62,19.2,17,8.1,1.7,59.1,33,E20,U111,1,LV,LV0,LV00,LV003,Grassland without tree/shrub cover,Agriculture (excluding fallow land and kitchen gardens)
50743822,Yes,,,,,5.6,6.02,3.69,10,0,14.7,1.1,75,95,B13,U111,2,LV,LV0,LV00,LV003,Barley,Agriculture (excluding fallow land and kitchen gardens)
50983834,Yes,,,,,4.7,5.4,7.15,32.8,0,11.8,2.5,103.3,80,C31,U120,1,LV,LV0,LV00,LV007,Spruce dominated mixed woodland,FORESTRY
53643926,Yes,,,,,4.6,5.05,10.86,27.8,0,21.2,2.6,103.5,146,C10,U120,1,LV,LV0,LV00,LV005,Broadleaved woodland,FORESTRY
53303952,Yes,,,,,3.8,4.27,5.79,27.2,0,22.6,2.2,58,222,C10,U120,1,LV,LV0,LV00,LV008,Broadleaved woodland,FORESTRY
53203942,Yes,,,,,4.1,4.6,14.62,22.5,0,20.4,1.5,72.8,127,C31,U120,1,LV,LV0,LV00,LV008,Spruce dominated mixed woodland,FORESTRY
53803920,Yes,,,,,4.8,5.2,9.86,18.5,0,14.8,2,57.1,96,E20,U111,1,LV,LV0,LV00,LV005,Grassland without tree/shrub cover,Agriculture (excluding fallow land and kitchen gardens)
53183944,Yes,,,,,6.9,7.18,18.82,8.8,12,10.2,0.7,42.8,124,C32,U120,1,LV,LV0,LV00,LV008,Pine dominated mixed woodland,FORESTRY
53483934,Yes,,,,,5.4,5.81,8.54,20.9,0,13.4,1.3,37.7,134,C21,U120,2,LV,LV0,LV00,LV008,Spruce dominated coniferous woodland,FORESTRY
53403912,Yes,,,,,4.3,4.84,6.1,16.1,0,9.9,1.1,45.5,124,C21,U120,1,LV,LV0,LV00,LV008,Spruce dominated coniferous woodland,FORESTRY
53783916,Yes,,,,,7,7.35,9.42,19.4,10,73.4,1.7,152.5,111,B11,U111,1,LV,LV0,LV00,LV005,Common wheat,Agriculture (excluding fallow land and kitchen gardens)
52783928,Yes,,,,,5.4,5.8,8.97,21.9,0,9.4,1.4,120.8,93,C31,U120,1,LV,LV0,LV00,LV008,Spruce dominated mixed woodland,FORESTRY
52803916,Yes,,,,,2.9,3.77,13.44,190.3,0,76.3,5.9,282.3,145,C23,U120,1,LV,LV0,LV00,LV008,Other coniferous woodland,FORESTRY
53723814,Yes,,,,,4.1,4.52,9.33,26.7,0,27.2,2.3,80,174,C10,U120,1,LV,LV0,LV00,LV005,Broadleaved woodland,FORESTRY
53723818,Yes,,,,,5.1,5.48,10.07,18.1,0,37.2,1.7,75.5,154,E20,U111,1,LV,LV0,LV00,LV005,Grassland without tree/shrub cover,Agriculture (excluding fallow land and kitchen gardens)
54303822,Yes,,,,,4.6,5.04,8.14,11.5,0,15.5,1.2,125,152,D20,U420,1,LV,LV0,LV00,LV005,Shrubland without tree cover,Semi-natural and natural areas not in use
53523916,Yes,,,,,5.7,5.97,19.98,31,0,18.8,2.3,91.8,123,E20,U111,1,LV,LV0,LV00,LV005,Grassland without tree/shrub cover,Agriculture (excluding fallow land and kitchen gardens)
53583912,Yes,,,,,4.8,5.08,41.7,46.7,0,24.1,3.8,77.9,118,C10,U120,1,LV,LV0,LV00,LV005,Broadleaved woodland,FORESTRY
50563866,Yes,,,,,6.4,6.73,26.3,32.5,0,40.6,2.2,120,37,E30,U370,1,LV,LV0,LV00,LV003,Spontaneously re-vegetated surfaces,RESIDENTIAL
50963848,Yes,,,,,6.6,6.93,11.5,21.1,4,10.9,1.5,84.2,74,E20,U370,1,LV,LV0,LV00,LV007,Grassland without tree/shrub cover,RESIDENTIAL
50863842,Yes,,,,,3.8,4.32,5.61,22.8,0,12.5,1.2,56.2,80,C33,U120,1,LV,LV0,LV00,LV007,Other mixed woodland,FORESTRY
50643880,Yes,,,,,5.4,5.86,7.38,24.3,2,40.3,1.9,89.2,104,C21,U120,1,LV,LV0,LV00,LV003,Spruce dominated coniferous woodland,FORESTRY
50703872,Yes,,,,,6.8,7.18,15.85,18.8,53,15.7,1.6,86.8,61,E20,U111,1,LV,LV0,LV00,LV003,Grassland without tree/shrub cover,Agriculture (excluding fallow land and kitchen gardens)
51043870,Yes,,,,,7.2,7.6,14.82,17.3,23,10.3,1.7,94.4,4,E20,U111,1,LV,LV0,LV00,LV003,Grassland without tree/shrub cover,Agriculture (excluding fallow land and kitchen gardens)
53383932,Yes,,,,,4.3,4.71,18.78,33.1,0,30.8,2.6,76.3,187,C10,U120,1,LV,LV0,LV00,LV008,Broadleaved woodland,FORESTRY
53083920,Yes,,,,,3.5,5.12,1.78,5.6,0,0,0.2,14.3,113,C22,U120,1,LV,LV0,LV00,LV008,Pine dominated coniferous woodland,FORESTRY
54123840,Yes,,,,,4.9,5.35,7.87,12.5,0,22.2,1.3,88.9,165,E30,U112,1,LV,LV0,LV00,LV005,Spontaneously re-vegetated surfaces,Fallow land
53263902,Yes,,,,,6.5,6.83,6.67,12.7,0,18.2,1.3,77.1,113,E30,U420,1,LV,LV0,LV00,LV008,Spontaneously re-vegetated surfaces,Semi-natural and natural areas not in use
53803894,Yes,,,,,6.2,6.54,6.19,12.9,0,26,1.3,121.2,115,E20,U111,1,LV,LV0,LV00,LV005,Grassland without tree/shrub cover,Agriculture (excluding fallow land and kitchen gardens)
53763890,Yes,,,,,6.9,7.13,30.7,24,11,40.3,2,141.8,117,E30,U112,1,LV,LV0,LV00,LV005,Spontaneously re-vegetated surfaces,Fallow land
53723904,Yes,,,,,7.3,7.85,7.34,9.7,37,10.5,0.6,139.4,126,B32,U111,1,LV,LV0,LV00,LV005,Rape and turnip rape,Agriculture (excluding fallow land and kitchen gardens)
53763912,Yes,,,,,6.4,6.75,19.99,20.8,2,64.3,2,234.5,117,E20,U111,1,LV,LV0,LV00,LV005,Grassland without tree/shrub cover,Agriculture (excluding fallow land and kitchen gardens)
53403940,Yes,,,,,5.5,5.87,8.51,17.7,0,48.5,1.8,104,184,E10,U111,1,LV,LV0,LV00,LV008,Grassland with sparse tree/shrub cover,Agriculture (excluding fallow land and kitchen gardens)
50743876,Yes,,,,,5.1,5.56,16.19,38.3,0,14.3,2.8,78.9,55,C10,U120,1,LV,LV0,LV00,LV003,Broadleaved woodland,FORESTRY
52043826,Yes,,,,,6.7,7.05,40.2,52.9,29,14.5,3.3,25.9,38,E30,U312,1,LV,LV0,LV00,LV007,Spontaneously re-vegetated surfaces,Road transport
51783832,Yes,,,,,3.2,3.84,72.1,526.7,1,108.1,17.6,115.1,18,C23,U120,1,LV,LV0,LV00,LV007,Other coniferous woodland,FORESTRY
51663832,Yes,,,,,2.8,3.71,14.3,422.4,2,66.7,11.4,105,19,C22,U420,1,LV,LV0,LV00,LV007,Pine dominated coniferous woodland,Semi-natural and natural areas not in use
52283948,Yes,,,,,4.9,5.1,238,442.8,0,61.6,28,288.8,49,E20,U111,1,LV,LV0,LV00,LV008,Grassland without tree/shrub cover,Agriculture (excluding fallow land and kitchen gardens)
52963834,Yes,,,,,5,5.21,249,421.9,3,53.6,33.8,191.6,95,C10,U120,1,LV,LV0,LV00,LV008,Broadleaved woodland,FORESTRY
51883828,Yes,,,,,6.6,6.78,26.6,195.6,3,36.4,13.8,81,12,E30,U111,1,LV,LV0,LV00,LV007,Spontaneously re-vegetated surfaces,Agriculture (excluding fallow land and kitchen gardens)
52243810,Yes,,,,,4.1,4.78,51.5,494.5,0,91.8,19.9,161.2,55,C32,U120,1,LV,LV0,LV00,LV009,Pine dominated mixed woodland,FORESTRY
54163794,Yes,,,,,6.5,6.55,64.6,241.6,1,34.8,19,112.9,146,C10,U120,1,LV,LV0,LV00,LV005,Broadleaved woodland,FORESTRY
53423808,Yes,,,,,6,6.26,114.4,297,2,26.7,21.7,98,112,E30,U420,1,LV,LV0,LV00,LV005,Spontaneously re-vegetated surfaces,Semi-natural and natural areas not in use
53563806,Yes,,,,,6,6.29,39.5,37.7,0,7.7,3,30.1,169,C10,U120,1,LV,LV0,LV00,LV005,Broadleaved woodland,FORESTRY
53943854,Yes,,,,,5.7,5.89,252,388.2,0,22.9,26.9,82.8,150,C31,U120,1,LV,LV0,LV00,LV005,Spruce dominated mixed woodland,FORESTRY
53443776,Yes,,,,,5.3,5.68,58.5,323.5,0,44.6,25.7,115.6,120,C21,U120,1,LV,LV0,LV00,LV005,Spruce dominated coniferous woodland,FORESTRY
54263840,Yes,,,,,7.1,7.25,152.1,130.4,77,40.4,9.7,75.5,120,D10,U420,1,LV,LV0,LV00,LV005,Shrubland with sparse tree cover,Semi-natural and natural areas not in use
52243816,Yes,,,,,3,4,11.05,83.3,0,35.5,3.5,79.1,71,C31,U120,1,LV,LV0,LV00,LV007,Spruce dominated mixed woodland,FORESTRY
54223834,Yes,,,,,7.2,7.53,26.6,55.2,21,11.7,4.6,32.7,147,C10,U420,1,LV,LV0,LV00,LV005,Broadleaved woodland,Semi-natural and natural areas not in use
52723812,Yes,,,,,5.9,6.15,22.7,74.6,0,15.8,6.6,61,104,C10,U120,1,LV,LV0,LV00,LV009,Broadleaved woodland,FORESTRY
52683796,Yes,,,,,6,6.17,89,183.6,0,34.1,13.6,82.9,97,C10,U120,1,LV,LV0,LV00,LV009,Broadleaved woodland,FORESTRY
52663792,Yes,,,,,2.8,3.73,33.5,513.5,0,80.6,15.2,207.9,87,C22,U120,1,LV,LV0,LV00,LV009,Pine dominated coniferous woodland,FORESTRY
52423856,Yes,,,,,5.8,6.14,26.8,123.8,0,20.5,6.9,65.7,119,C31,U120,1,LV,LV0,LV00,LV007,Spruce dominated mixed woodland,FORESTRY
52323822,Yes,,,,,5.3,5.65,38.8,89,0,21.4,5.1,41.2,49,E10,U120,1,LV,LV0,LV00,LV007,Grassland with sparse tree/shrub cover,FORESTRY
51443808,Yes,,,,,3.6,4.27,24.5,120.7,0,53.9,5.8,76.2,5,C31,U120,1,LV,LV0,LV00,LV009,Spruce dominated mixed woodland,FORESTRY
53263876,Yes,,,,,3.3,4.16,4.11,26.3,0,11,1.6,22.9,106,C22,U120,1,LV,LV0,LV00,LV008,Pine dominated coniferous woodland,FORESTRY
53363876,Yes,,,,,3.4,4.33,27.3,509.7,0,42.8,22.4,126.1,104,C21,U120,1,LV,LV0,LV00,LV008,Spruce dominated coniferous woodland,FORESTRY
53323834,Yes,,,,,2.9,3.8,18.27,378.9,0,40.5,12.7,141,117,C22,U120,1,LV,LV0,LV00,LV009,Pine dominated coniferous woodland,FORESTRY
52663878,Yes,,,,,6.1,6.31,37.7,230.3,0,22.5,16.2,72.3,200,E20,U111,1,LV,LV0,LV00,LV008,Grassland without tree/shrub cover,Agriculture (excluding fallow land and kitchen gardens)
50683798,Yes,,,,,3.9,4.55,66.1,210,0,26.1,17.1,155.6,70,C10,U120,1,LV,LV0,LV00,LV003,Broadleaved woodland,FORESTRY
50343800,Yes,,,,,6.1,6.38,20.3,147.1,0,34,11.3,211.9,40,E30,U111,1,LV,LV0,LV00,LV003,Spontaneously re-vegetated surfaces,Agriculture (excluding fallow land and kitchen gardens)
53903832,Yes,,,,,6.3,6.4,242,285.9,0,40.1,23,168.9,165,C10,U120,1,LV,LV0,LV00,LV005,Broadleaved woodland,FORESTRY
50083792,Yes,,,,,2.9,3.9,23.5,303.7,0,41.9,10.1,125,29,C22,U120,1,LV,LV0,LV00,LV003,Pine dominated coniferous woodland,FORESTRY
51943950,Yes,,,,,5.6,5.95,24.2,154.5,0,22.2,9.4,90.1,45,C10,U120,1,LV,LV0,LV00,LV007,Broadleaved woodland,FORESTRY
53263920,Yes,,,,,4.2,4.4,217,446.1,0,36.5,34.2,168.1,138,C10,U120,1,LV,LV0,LV00,LV008,Broadleaved woodland,FORESTRY
53663898,Yes,,,,,3.5,4.21,7.55,63.2,0,22.4,3.5,45.4,143,C10,U120,1,LV,LV0,LV00,LV005,Broadleaved woodland,FORESTRY
53743906,Yes,,,,,2.8,3.78,17.55,461.7,0,35.6,12.8,83.6,143,C22,U120,1,LV,LV0,LV00,LV005,Pine dominated coniferous woodland,FORESTRY
53363894,Yes,,,,,3.5,4.37,14.16,110.6,0,35.6,5.3,87.1,85,C21,U120,1,LV,LV0,LV00,LV008,Spruce dominated coniferous woodland,FORESTRY
53303934,Yes,,,,,5.7,5.98,79.6,343.7,1,31.6,28.5,104.7,183,E30,U112,1,LV,LV0,LV00,LV008,Spontaneously re-vegetated surfaces,Fallow land
54203812,Yes,,,,,6.3,6.59,70.9,249.7,2,19,9.9,81.4,168,D20,U420,1,LV,LV0,LV00,LV005,Shrubland without tree cover,Semi-natural and natural areas not in use
50343782,Yes,,,,,3.1,3.96,47.2,395.2,0,80.6,17.2,456.5,96,F40,U120,1,LV,LV0,LV00,LV003,OTHER BARE SOIL,FORESTRY
50323806,Yes,,,,,4.6,5.1,6.06,16.2,1,16.3,1.6,86.3,65,E20,U111,1,LV,LV0,LV00,LV003,Grassland without tree/shrub cover,Agriculture (excluding fallow land and kitchen gardens)
50923768,Yes,,,,,6.7,6.88,7.05,13.6,2,22.7,1.4,99.6,84,E20,U111,1,LV,LV0,LV00,LV003,Grassland without tree/shrub cover,Agriculture (excluding fallow land and kitchen gardens)
52803934,Yes,41,21,20,59,7,7.07,48.1,123.1,162,19.2,8.2,182.2,65,E20,U111,1,LV,LV0,LV00,LV008,Grassland without tree/shrub cover,Agriculture (excluding fallow land and kitchen gardens)
53403908,Yes,12,19,27,54,6.2,6.43,43.6,29.1,1,56.7,3.2,234.5,105,B11,U111,1,LV,LV0,LV00,LV008,Common wheat,Agriculture (excluding fallow land and kitchen gardens)
50383750,Yes,,,,,6,6.24,11.23,20.5,7,62,2.2,167.6,26,E20,U111,1,LV,LV0,LV00,LV003,Grassland without tree/shrub cover,Agriculture (excluding fallow land and kitchen gardens)
