Point_ID,Revisited_point,Coarse,Clay,Sand,Silt,pH(CaCl2),pH(H2O),EC,OC,CaCO3,P,N,K,Elevation,LC1,LU1,Soil_Stones,NUTS_0,NUTS_1,NUTS_2,NUTS_3,LC1_Desc,LU1_Desc
52224068,No,9,20,30,49,6.1,6.29,15.75,20,1,23.1,2.2,163.4,67,B11,U111,1,EE,EE0,EE00,EE006,Common wheat,Agriculture (excluding fallow land and kitchen gardens)
52823988,No,27,2,88,11,5.3,5.6,47.9,347.8,0,16.9,25.2,180.5,142,C21,U120,1,EE,EE0,EE00,EE008,Spruce dominated coniferous woodland,FORESTRY
52763968,No,3,2,91,7,3.9,4.34,3.13,23.2,0,33.1,0.8,23.4,66,C22,U120,1,EE,EE0,EE00,EE008,Pine dominated coniferous woodland,FORESTRY
53023984,No,22,1,92,7,2.8,3.53,26.5,461.5,0,21.6,6.2,173.4,126,C22,U120,1,EE,EE0,EE00,EE008,Pine dominated coniferous woodland,FORESTRY
53204002,No,5,3,81,16,3.1,3.7,12.01,45.6,0,32.4,2.1,70.3,43,C23,U120,1,EE,EE0,EE00,EE008,Other coniferous woodland,FORESTRY
52224086,No,36,12,38,50,6.8,7,42.5,192.1,34,14.3,16.3,56.1,79,C31,U120,2,EE,EE0,EE00,EE006,Spruce dominated mixed woodland,FORESTRY
52564090,No,15,10,54,36,7.1,7.37,14.12,27.2,76,6.6,2.8,30.8,167,C10,U120,2,EE,EE0,EE00,EE006,Broadleaved woodland,FORESTRY
52124010,No,5,10,41,49,7,7.14,39.8,41.4,14,20.8,4.1,39.4,47,E20,U111,1,EE,EE0,EE00,EE008,Grassland without tree/shrub cover,Agriculture (excluding fallow land and kitchen gardens)
52364004,No,5,10,44,46,4.9,5.35,11.97,35.7,0,15.4,3.2,46.9,94,C31,U120,1,EE,EE0,EE00,EE008,Spruce dominated mixed woodland,FORESTRY
50484006,No,6,15,36,49,6,6.19,19.77,61.5,1,108.4,5.2,311.4,20,E10,U111,1,EE,EE0,EE00,EE004,Grassland with sparse tree/shrub cover,Agriculture (excluding fallow land and kitchen gardens)
51504080,No,5,10,48,42,6.1,6.32,12.55,36.3,1,11.7,3.4,52.1,66,E20,U111,1,EE,EE0,EE00,EE006,Grassland without tree/shrub cover,Agriculture (excluding fallow land and kitchen gardens)
53124134,No,5,9,75,15,6.8,7.15,4.08,7.4,2,0,0.6,26.4,54,C10,U120,1,EE,EE0,EE00,EE007,Broadleaved woodland,FORESTRY
51624084,Yes,,,,,6.9,7.25,17.31,24.8,31,80.6,2.5,201.8,74,E20,U111,1,EE,EE0,EE00,EE006,Grassland without tree/shrub cover,Agriculture (excluding fallow land and kitchen gardens)
52524106,Yes,,,,,6.3,6.55,9.39,13.6,2,30.5,1.4,213.5,117,B51,U111,1,EE,EE0,EE00,EE006,Clovers,Agriculture (excluding fallow land and kitchen gardens)
53204128,Yes,,,,,4.7,5.05,45.5,58,0,20.9,4.7,66,40,C10,U120,1,EE,EE0,EE00,EE007,Broadleaved woodland,FORESTRY
53164134,Yes,,,,,5.1,5.55,6.97,26.2,0,12.7,1.8,96.7,50,C32,U120,1,EE,EE0,EE00,EE007,Pine dominated mixed woodland,FORESTRY
53164156,Yes,,,,,5.3,5.64,8.38,22.8,0,23.2,1.8,112.9,33,E30,U420,1,EE,EE0,EE00,EE007,Spontaneously re-vegetated surfaces,Semi-natural and natural areas not in use
52844146,Yes,,,,,3.8,4.41,7.17,16.1,0,8.3,0.9,24.5,37,C32,U120,1,EE,EE0,EE00,EE007,Pine dominated mixed woodland,FORESTRY
52804152,Yes,,,,,5.6,5.89,9.32,23,3,65.3,2.2,65.4,30,E20,U111,1,EE,EE0,EE00,EE007,Grassland without tree/shrub cover,Agriculture (excluding fallow land and kitchen gardens)
52624148,Yes,,,,,5.3,5.75,3.73,8.5,2,87.1,0.9,113.1,57,B12,U111,1,EE,EE0,EE00,EE006,Durum wheat,Agriculture (excluding fallow land and kitchen gardens)
52844118,Yes,,,,,4.4,4.84,8.16,38.8,1,21.8,3.2,103.1,56,C10,U120,1,EE,EE0,EE00,EE007,Broadleaved woodland,FORESTRY
52384144,Yes,,,,,7.3,7.66,15.6,21.2,136,32.2,2.2,172.6,83,E20,U111,1,EE,EE0,EE00,EE006,Grassland without tree/shrub cover,Agriculture (excluding fallow land and kitchen gardens)
52504086,Yes,,,,,7,7.4,22.3,19.1,5,11.9,2,58.5,84,B12,U111,1,EE,EE0,EE00,EE006,Durum wheat,Agriculture (excluding fallow land and kitchen gardens)
52804084,Yes,,,,,7.2,7.56,15,22,5,14.3,2.1,107,60,B13,U111,1,EE,EE0,EE00,EE008,Barley,Agriculture (excluding fallow land and kitchen gardens)
52264102,Yes,,,,,6,6.37,6.58,16.6,0,16.7,1.5,96.5,106,B51,U111,1,EE,EE0,EE00,EE006,Clovers,Agriculture (excluding fallow land and kitchen gardens)
52044112,Yes,,,,,4.4,5.01,2.87,9.3,0,69,0.7,32.1,96,C23,U120,1,EE,EE0,EE00,EE006,Other coniferous woodland,FORESTRY
51944118,Yes,,,,,3.6,4.22,3.66,22,0,14.8,1,22.4,71,C23,U120,1,EE,EE0,EE00,EE001,Other coniferous woodland,FORESTRY
52664136,Yes,,,,,4.8,5.19,6.04,27.8,1,10.8,2.5,90.9,78,C21,U120,1,EE,EE0,EE00,EE006,Spruce dominated coniferous woodland,FORESTRY
52444130,Yes,,,,,7.3,7.81,14.1,12.5,104,23.6,1.7,141.5,89,B13,U111,1,EE,EE0,EE00,EE006,Barley,Agriculture (excluding fallow land and kitchen gardens)
52264048,Yes,,,,,6.5,6.74,17.8,21.1,1,34.6,2.1,388.9,52,B16,U111,1,EE,EE0,EE00,EE008,Maize,Agriculture (excluding fallow land and kitchen gardens)
52324108,Yes,,,,,7.3,7.56,29.7,16.1,44,17.9,1.7,90.5,118,B32,U111,1,EE,EE0,EE00,EE006,Rape and turnip rape,Agriculture (excluding fallow land and kitchen gardens)
51944124,Yes,,,,,4.2,4.85,14,42.1,1,25.8,2.6,40.7,67,C23,U120,1,EE,EE0,EE00,EE001,Other coniferous woodland,FORESTRY
52304118,Yes,,,,,7,7.14,33.4,35.4,15,16.4,2.8,53.5,110,C10,U120,1,EE,EE0,EE00,EE006,Broadleaved woodland,FORESTRY
52384108,Yes,,,,,6.6,6.85,10.9,17.1,1,31.6,1.9,71.9,118,E20,U111,1,EE,EE0,EE00,EE006,Grassland without tree/shrub cover,Agriculture (excluding fallow land and kitchen gardens)
52624094,Yes,,,,,5.2,5.55,12.24,69.4,0,18.3,5.2,32.5,92,C31,U120,1,EE,EE0,EE00,EE006,Spruce dominated mixed woodland,FORESTRY
52944122,Yes,,,,,4,4.44,6.1,32.1,0,18.6,2.2,32.2,62,C31,U120,1,EE,EE0,EE00,EE007,Spruce dominated mixed woodland,FORESTRY
52444120,Yes,,,,,7.2,7.61,12.18,15.4,30,24.6,1.6,153.7,138,B11,U111,1,EE,EE0,EE00,EE006,Common wheat,Agriculture (excluding fallow land and kitchen gardens)
52944112,Yes,,,,,3.6,4.29,5.5,38.5,0,20,1.5,23.7,43,C22,U120,1,EE,EE0,EE00,EE007,Pine dominated coniferous woodland,FORESTRY
52484136,Yes,,,,,6.8,7.13,18.98,53.2,18,16.7,3.8,148.8,73,C31,U120,1,EE,EE0,EE00,EE006,Spruce dominated mixed woodland,FORESTRY
52564144,Yes,,,,,6.7,7.02,9.33,16.8,4,63.2,1.8,188.3,59,C22,U120,1,EE,EE0,EE00,EE006,Pine dominated coniferous woodland,FORESTRY
52584140,Yes,,,,,6.9,7.23,21.2,34.4,18,12.6,3,183.3,63,A30,U210,1,EE,EE0,EE00,EE006,OTHER ARTIFICIAL AREAS,ENERGY PRODUCTION
52504126,Yes,,,,,7.1,7.42,19.46,26.6,23,42,2.6,157.7,112,B11,U111,2,EE,EE0,EE00,EE006,Common wheat,Agriculture (excluding fallow land and kitchen gardens)
52524124,Yes,,,,,7.1,7.48,15.51,23.8,31,40.9,2.4,150.7,107,B32,U111,1,EE,EE0,EE00,EE006,Rape and turnip rape,Agriculture (excluding fallow land and kitchen gardens)
52084062,Yes,,,,,6.4,6.56,21.4,71.3,1,52.2,5.6,140.9,52,B11,U111,1,EE,EE0,EE00,EE006,Common wheat,Agriculture (excluding fallow land and kitchen gardens)
52484118,Yes,,,,,6.7,6.95,13.54,19.6,2,0,1.7,47,127,C10,U120,1,EE,EE0,EE00,EE006,Broadleaved woodland,FORESTRY
51444012,Yes,,,,,7,7.3,13.13,27.1,29,18.1,2.4,106.1,24,B13,U111,1,EE,EE0,EE00,EE004,Barley,Agriculture (excluding fallow land and kitchen gardens)
51804120,Yes,,,,,7,7.19,17.5,35,68,17.6,3.6,81.1,51,E20,U111,1,EE,EE0,EE00,EE001,Grassland without tree/shrub cover,Agriculture (excluding fallow land and kitchen gardens)
52424000,Yes,,,,,6.2,6.35,15.18,29,4,9.2,1.8,62.4,87,C31,U120,1,EE,EE0,EE00,EE008,Spruce dominated mixed woodland,FORESTRY
52324000,Yes,,,,,6,6.35,9.39,17.4,0,29.1,1.7,117.6,100,B15,U111,1,EE,EE0,EE00,EE008,Oats,Agriculture (excluding fallow land and kitchen gardens)
52344016,Yes,,,,,7,7.22,27.9,27.4,36,44.6,2.5,127.9,55,B13,U111,1,EE,EE0,EE00,EE008,Barley,Agriculture (excluding fallow land and kitchen gardens)
52364008,Yes,,,,,5.7,5.99,8.83,19.5,0,12.1,1.8,119.8,110,C10,U120,1,EE,EE0,EE00,EE008,Broadleaved woodland,FORESTRY
52523980,Yes,,,,,6.8,7.03,10.92,24,4,12.7,2.3,68.4,79,B11,U111,1,EE,EE0,EE00,EE008,Common wheat,Agriculture (excluding fallow land and kitchen gardens)
52043990,Yes,,,,,5.1,5.58,4.7,20.1,0,26.5,1.8,93.5,66,E20,U111,1,EE,EE0,EE00,EE004,Grassland without tree/shrub cover,Agriculture (excluding fallow land and kitchen gardens)
51484042,Yes,,,,,6.8,7.03,14.68,26.5,12,33.5,2.8,228,33,E20,U111,1,EE,EE0,EE00,EE006,Grassland without tree/shrub cover,Agriculture (excluding fallow land and kitchen gardens)
52303998,Yes,,,,,4.4,4.79,6.39,25.9,0,15.7,1.8,82.7,95,C21,U120,1,EE,EE0,EE00,EE008,Spruce dominated coniferous woodland,FORESTRY
50644048,Yes,,,,,6.9,7.1,7.51,12.8,7,31.8,1.3,22.6,9,E20,U111,1,EE,EE0,EE00,EE004,Grassland without tree/shrub cover,Agriculture (excluding fallow land and kitchen gardens)
50343970,Yes,,,,,5.8,6.07,16.07,39.7,1,15.2,3.7,51.8,40,C10,U120,1,EE,EE0,EE00,EE004,Broadleaved woodland,FORESTRY
50543998,Yes,,,,,7,7.18,14.25,24.3,10,13,2.6,196.5,28,E20,U111,1,EE,EE0,EE00,EE004,Grassland without tree/shrub cover,Agriculture (excluding fallow land and kitchen gardens)
50723994,Yes,,,,,4.6,4.95,27.6,171.4,1,31.7,11.9,186.8,15,C10,U120,1,EE,EE0,EE00,EE004,Broadleaved woodland,FORESTRY
51104062,Yes,,,,,7,7.13,23.6,57.5,37,18.3,5.7,150,16,E20,U111,1,EE,EE0,EE00,EE004,Grassland without tree/shrub cover,Agriculture (excluding fallow land and kitchen gardens)
52583972,Yes,,,,,5.8,6.19,7.14,10.4,1,20.5,1.1,66.1,86,B13,U111,1,EE,EE0,EE00,EE008,Barley,Agriculture (excluding fallow land and kitchen gardens)
51684076,Yes,,,,,7.1,7.49,33.5,16.5,34,51,1.6,150.5,66,B15,U111,1,EE,EE0,EE00,EE006,Oats,Agriculture (excluding fallow land and kitchen gardens)
52004112,Yes,,,,,3.6,4.04,10.9,54,0,16.9,2.1,41.4,67,C21,U120,1,EE,EE0,EE00,EE006,Spruce dominated coniferous woodland,FORESTRY
52364022,Yes,,,,,6.7,6.99,29.2,22.8,3,17.8,2.3,77.9,66,E20,U111,1,EE,EE0,EE00,EE008,Grassland without tree/shrub cover,Agriculture (excluding fallow land and kitchen gardens)
52164048,Yes,,,,,6.4,6.67,8.37,21,0,49.5,2,134.6,61,E30,U112,1,EE,EE0,EE00,EE006,Spontaneously re-vegetated surfaces,Fallow land
52164052,Yes,,,,,6.4,6.6,8.22,24.8,0,32.7,2.3,182.6,67,B32,U111,1,EE,EE0,EE00,EE006,Rape and turnip rape,Agriculture (excluding fallow land and kitchen gardens)
52304028,Yes,,,,,7,7.18,11.38,31,39,24.6,2.8,134.3,69,C31,U120,1,EE,EE0,EE00,EE008,Spruce dominated mixed woodland,FORESTRY
51723994,Yes,,,,,3.9,4.49,19.87,23.4,0,21,1.6,36.6,6,C31,U120,1,EE,EE0,EE00,EE004,Spruce dominated mixed woodland,FORESTRY
51944002,Yes,,,,,5,5.17,108.5,91.5,0,42.9,6.2,83.6,39,C31,U120,1,EE,EE0,EE00,EE004,Spruce dominated mixed woodland,FORESTRY
51604072,Yes,,,,,4.8,5.08,103.3,39.1,0,23,3.4,65.6,65,C10,U120,1,EE,EE0,EE00,EE006,Broadleaved woodland,FORESTRY
51724116,Yes,,,,,5.9,6.02,18.99,39.6,1,30.9,3.9,56.9,44,B41,U111,1,EE,EE0,EE00,EE001,Dry pulses,Agriculture (excluding fallow land and kitchen gardens)
51604050,Yes,,,,,5.9,6.23,14.38,18.8,1,24.6,1.7,106.8,32,B11,U111,1,EE,EE0,EE00,EE006,Common wheat,Agriculture (excluding fallow land and kitchen gardens)
51864044,Yes,,,,,7.2,7.43,38.4,33.5,85,49.5,2.5,179.8,43,B55,U111,1,EE,EE0,EE00,EE004,Temporary grassland,Agriculture (excluding fallow land and kitchen gardens)
51824004,Yes,,,,,5,5.54,8.76,27.9,0,11.9,1.9,31.4,25,C33,U120,1,EE,EE0,EE00,EE004,Other mixed woodland,FORESTRY
51824026,Yes,,,,,6.2,6.43,11.58,24.5,0,14.9,2.5,157.9,24,B51,U111,1,EE,EE0,EE00,EE004,Clovers,Agriculture (excluding fallow land and kitchen gardens)
52224014,Yes,,,,,5.8,6.08,12.7,15.1,0,31.6,1.7,55.5,85,B55,U111,1,EE,EE0,EE00,EE008,Temporary grassland,Agriculture (excluding fallow land and kitchen gardens)
51904048,Yes,,,,,4.5,4.72,52,40.1,0,29,3.6,47.9,50,C31,U120,1,EE,EE0,EE00,EE004,Spruce dominated mixed woodland,FORESTRY
52004044,Yes,,,,,6,6.22,4.19,119.5,0,13.2,8.2,68.8,38,C31,U120,1,EE,EE0,EE00,EE004,Spruce dominated mixed woodland,FORESTRY
52963982,Yes,,,,,5.4,5.63,10.7,33.5,0,13.7,2.5,25.7,142,C33,U120,1,EE,EE0,EE00,EE008,Other mixed woodland,FORESTRY
52984026,Yes,,,,,5.1,5.47,6.81,12.4,0,44.9,1.3,83.1,70,B53,U111,1,EE,EE0,EE00,EE008,Other Leguminous  and mixtures for fodder,Agriculture (excluding fallow land and kitchen gardens)
52804022,Yes,,,,,6,6.53,19.92,10.7,0,13.9,1.2,257.9,70,B11,U111,1,EE,EE0,EE00,EE008,Common wheat,Agriculture (excluding fallow land and kitchen gardens)
52864032,Yes,,,,,6.2,6.46,7.09,17.4,0,19.9,1.6,144.6,57,B51,U111,1,EE,EE0,EE00,EE008,Clovers,Agriculture (excluding fallow land and kitchen gardens)
52884030,Yes,,,,,5.7,6.26,7.4,14.3,0,25.3,1.5,213.5,72,E20,U111,1,EE,EE0,EE00,EE008,Grassland without tree/shrub cover,Agriculture (excluding fallow land and kitchen gardens)
52844016,Yes,,,,,7,7.05,12.31,17.5,10,8.8,1.8,83.9,96,D10,U112,1,EE,EE0,EE00,EE008,Shrubland with sparse tree cover,Fallow land
52784000,Yes,,,,,3.8,4.25,8.2,18.6,0,32.2,0.8,35.6,93,C23,U120,1,EE,EE0,EE00,EE008,Other coniferous woodland,FORESTRY
52664010,Yes,,,,,7,7.41,26.1,16.6,39,53.6,1.7,80.6,72,B11,U111,1,EE,EE0,EE00,EE008,Common wheat,Agriculture (excluding fallow land and kitchen gardens)
52783964,Yes,,,,,4.5,4.79,4.65,15.5,0,30,0.9,29.5,78,C33,U120,1,EE,EE0,EE00,EE008,Other mixed woodland,FORESTRY
52664002,Yes,,,,,6.4,6.43,11.77,16.9,3,51.6,1.8,106.2,62,B11,U111,1,EE,EE0,EE00,EE008,Common wheat,Agriculture (excluding fallow land and kitchen gardens)
52943978,Yes,,,,,5.1,5.44,15.07,14.9,0,54.9,1.6,110.3,96,E20,U111,1,EE,EE0,EE00,EE008,Grassland without tree/shrub cover,Agriculture (excluding fallow land and kitchen gardens)
53063958,Yes,,,,,5.5,5.82,6.14,16.7,0,10.7,1.6,77.4,91,B15,U111,1,EE,EE0,EE00,EE008,Oats,Agriculture (excluding fallow land and kitchen gardens)
53103946,Yes,,,,,5.5,5.83,14.26,81.4,2,20.4,5.8,515.3,91,E30,U112,1,EE,EE0,EE00,EE008,Spontaneously re-vegetated surfaces,Fallow land
53203962,Yes,,,,,6.7,6.83,8.08,12.4,4,18.8,1.1,74,151,E20,U111,1,EE,EE0,EE00,EE008,Grassland without tree/shrub cover,Agriculture (excluding fallow land and kitchen gardens)
53044014,Yes,,,,,6.1,6.31,20.1,30,2,218.3,2.8,354.7,88,E30,U112,1,EE,EE0,EE00,EE008,Spontaneously re-vegetated surfaces,Fallow land
52264062,Yes,,,,,5,5.27,25.3,41.5,0,26.1,3.8,53.1,72,C31,U120,1,EE,EE0,EE00,EE006,Spruce dominated mixed woodland,FORESTRY
52864036,Yes,,,,,7.1,7.38,34.5,25.4,65,22.6,1.7,77.9,60,E30,U312,1,EE,EE0,EE00,EE008,Spontaneously re-vegetated surfaces,Road transport
52684014,Yes,,,,,6.8,7.1,10.07,12.7,2,42.7,1.4,180.5,68,B13,U111,1,EE,EE0,EE00,EE008,Barley,Agriculture (excluding fallow land and kitchen gardens)
53283964,Yes,,,,,6.1,6.29,23,35.2,0,12.4,2.9,68.5,259,C31,U120,1,EE,EE0,EE00,EE008,Spruce dominated mixed woodland,FORESTRY
52843966,Yes,,,,,5.9,5.97,16.59,57.1,1,15,4.9,93.4,47,E20,U111,1,EE,EE0,EE00,EE008,Grassland without tree/shrub cover,Agriculture (excluding fallow land and kitchen gardens)
53003952,Yes,,,,,4.4,5.08,11.23,65.6,0,24.2,2.8,76.1,78,C23,U120,1,EE,EE0,EE00,EE008,Other coniferous woodland,FORESTRY
53043942,Yes,,,,,5.2,5.6,8.19,24.1,0,12.7,2,186.8,84,E20,U111,1,EE,EE0,EE00,EE008,Grassland without tree/shrub cover,Agriculture (excluding fallow land and kitchen gardens)
52883962,Yes,,,,,6.3,6.85,13.34,20.7,0,9.6,1.9,115.7,109,A22,U319,1,EE,EE0,EE00,EE008,Non built-up linear features," Electricity, gas and thermal power distribution"
52544080,Yes,,,,,7.4,7.9,18.69,20.1,261,6.9,1.2,42,83,C10,U120,2,EE,EE0,EE00,EE008,Broadleaved woodland,FORESTRY
53024016,Yes,,,,,4.7,4.95,32.6,13.3,0,39.8,1.4,185.8,77,B13,U111,1,EE,EE0,EE00,EE008,Barley,Agriculture (excluding fallow land and kitchen gardens)
52684072,Yes,,,,,5.6,5.98,12.81,16.9,0,27.9,1.7,127.1,114,B13,U111,1,EE,EE0,EE00,EE008,Barley,Agriculture (excluding fallow land and kitchen gardens)
53244012,Yes,,,,,6.1,6.31,14.56,13,0,19.5,1.3,165,61,B15,U111,1,EE,EE0,EE00,EE008,Oats,Agriculture (excluding fallow land and kitchen gardens)
53223982,Yes,,,,,6.7,6.88,22.3,48.2,2,29.8,4.3,387.5,83,B32,U111,1,EE,EE0,EE00,EE008,Rape and turnip rape,Agriculture (excluding fallow land and kitchen gardens)
53343990,Yes,,,,,5,5.34,15.22,16.6,0,45.4,1.4,91.1,78,B13,U111,1,EE,EE0,EE00,EE008,Barley,Agriculture (excluding fallow land and kitchen gardens)
53004024,Yes,,,,,6.2,6.35,21.4,12.6,0,39.8,1.3,277,80,B32,U111,1,EE,EE0,EE00,EE008,Rape and turnip rape,Agriculture (excluding fallow land and kitchen gardens)
51344108,Yes,,,,,6.8,7.1,22.2,25,7,49.2,2.6,223.5,34,E10,U111,1,EE,EE0,EE00,EE001,Grassland with sparse tree/shrub cover,Agriculture (excluding fallow land and kitchen gardens)
52404058,Yes,,,,,5.3,5.7,13.7,14.8,0,44.1,1.7,184.4,65,B21,U111,1,EE,EE0,EE00,EE008,Potatoes,Agriculture (excluding fallow land and kitchen gardens)
53344008,Yes,,,,,5.3,5.83,4.09,17.5,0,15.5,1.7,54.9,52,B51,U111,1,EE,EE0,EE00,EE008,Clovers,Agriculture (excluding fallow land and kitchen gardens)
51984142,Yes,,,,,5.1,5.55,14.37,32.8,1,27.7,2.6,34.7,38,C32,U120,1,EE,EE0,EE00,EE001,Pine dominated mixed woodland,FORESTRY
52144150,Yes,,,,,4.3,4.97,2.67,14.9,0,43.5,0.7,16.4,38,C22,U120,1,EE,EE0,EE00,EE006,Pine dominated coniferous woodland,FORESTRY
52184152,Yes,,,,,5,5.33,19.42,67.3,0,33.8,5.6,48.8,30,C31,U120,1,EE,EE0,EE00,EE006,Spruce dominated mixed woodland,FORESTRY
52364076,Yes,,,,,7,7.15,31.1,64.1,45,16.7,4.8,44.9,78,C10,U120,1,EE,EE0,EE00,EE006,Broadleaved woodland,FORESTRY
52344084,Yes,,,,,6.9,7.11,23.7,47.1,13,26.4,3.9,178.7,83,B13,U111,1,EE,EE0,EE00,EE006,Barley,Agriculture (excluding fallow land and kitchen gardens)
52884048,Yes,,,,,5.6,5.86,20.1,16.3,0,23.3,1.7,145.7,77,B11,U111,1,EE,EE0,EE00,EE008,Common wheat,Agriculture (excluding fallow land and kitchen gardens)
52444062,Yes,,,,,6.9,7.1,17.55,41,5,17.3,3.9,86.7,73,E30,U112,1,EE,EE0,EE00,EE008,Spontaneously re-vegetated surfaces,Fallow land
53303968,Yes,,,,,4.8,5.11,12.12,32.8,0,9.9,2.9,56.3,244,C10,U120,1,EE,EE0,EE00,EE008,Broadleaved woodland,FORESTRY
53303986,Yes,,,,,5.9,6.1,15.19,17.4,0,31.8,1.8,115.7,75,B11,U111,1,EE,EE0,EE00,EE008,Common wheat,Agriculture (excluding fallow land and kitchen gardens)
53463988,Yes,,,,,6.2,6.42,16.06,13,0,12.3,1.4,249.8,83,B51,U111,1,EE,EE0,EE00,EE008,Clovers,Agriculture (excluding fallow land and kitchen gardens)
53044060,Yes,,,,,5.6,5.93,11.42,24.8,0,9.7,2.2,49.1,67,C10,U120,1,EE,EE0,EE00,EE008,Broadleaved woodland,FORESTRY
53064066,Yes,,,,,6.4,6.64,9.36,19.9,1,26.1,1.6,98.9,78,C31,U120,1,EE,EE0,EE00,EE008,Spruce dominated mixed woodland,FORESTRY
52704070,Yes,,,,,6.4,6.51,29.2,70,1,34.4,6.1,387.9,89,C31,U120,1,EE,EE0,EE00,EE008,Spruce dominated mixed woodland,FORESTRY
52524066,Yes,,,,,6.3,6.48,15.22,17,0,50.1,1.9,201.5,77,B13,U111,1,EE,EE0,EE00,EE008,Barley,Agriculture (excluding fallow land and kitchen gardens)
52444066,Yes,,,,,7,7.21,42.2,81.4,53,28.4,6.3,110.1,83,D20,U120,1,EE,EE0,EE00,EE008,Shrubland without tree cover,FORESTRY
52244090,Yes,,,,,5.1,5.41,8.32,28.6,0,37.4,2.2,83.4,98,C31,U120,1,EE,EE0,EE00,EE006,Spruce dominated mixed woodland,FORESTRY
52364058,Yes,,,,,5.9,6.21,13.15,16.4,0,32.2,1.8,188,65,F40,U111,1,EE,EE0,EE00,EE008,OTHER BARE SOIL,Agriculture (excluding fallow land and kitchen gardens)
52764050,Yes,,,,,7.3,7.6,15.04,16.4,20,16.1,1.6,101.3,59,F40,U111,1,EE,EE0,EE00,EE008,OTHER BARE SOIL,Agriculture (excluding fallow land and kitchen gardens)
53203998,Yes,,,,,5.9,6.2,37.2,214.8,5,19.6,8.4,259.9,75,E20,U312,1,EE,EE0,EE00,EE008,Grassland without tree/shrub cover,Road transport
53483996,Yes,,,,,3.6,4.18,5.1,17.1,0,22.2,1,41.9,53,C22,U120,1,EE,EE0,EE00,EE008,Pine dominated coniferous woodland,FORESTRY
53443990,Yes,,,,,3.5,4.03,2.92,12.9,0,10.6,0.7,30.8,92,C22,U120,1,EE,EE0,EE00,EE008,Pine dominated coniferous woodland,FORESTRY
53424012,Yes,,,,,5.6,5.92,5.54,12.5,0,27.9,1.3,150,37,B12,U111,1,EE,EE0,EE00,EE008,Durum wheat,Agriculture (excluding fallow land and kitchen gardens)
52584068,Yes,,,,,6.1,6.17,15.36,68.1,0,43.1,4.3,114.9,82,C31,U120,1,EE,EE0,EE00,EE008,Spruce dominated mixed woodland,FORESTRY
50964076,Yes,,,,,6.8,7.1,5.95,19.7,2,11.6,1.9,28.2,19,E20,U111,1,EE,EE0,EE00,EE004,Grassland without tree/shrub cover,Agriculture (excluding fallow land and kitchen gardens)
51424072,Yes,,,,,6.4,6.61,19.8,98.9,2,11.7,7.5,106.4,45,C31,U120,1,EE,EE0,EE00,EE006,Spruce dominated mixed woodland,FORESTRY
51724048,Yes,,,,,5.6,5.81,11.37,50.2,0,9.8,4.1,41.8,30,C21,U120,1,EE,EE0,EE00,EE004,Spruce dominated coniferous woodland,FORESTRY
51364022,Yes,,,,,7,7.17,29.5,86.1,145,27.8,7.6,79.7,24,B41,U111,1,EE,EE0,EE00,EE004,Dry pulses,Agriculture (excluding fallow land and kitchen gardens)
50504034,Yes,,,,,6,6.29,13.52,37.7,2,198.6,2.7,198.8,18,E20,U111,1,EE,EE0,EE00,EE004,Grassland without tree/shrub cover,Agriculture (excluding fallow land and kitchen gardens)
51424114,Yes,,,,,6.1,6.33,56.1,90.3,0,21.2,9.3,108.5,30,C10,U120,1,EE,EE0,EE00,EE001,Broadleaved woodland,FORESTRY
50984072,Yes,,,,,7,7.14,23.8,46,116,17.9,4.2,52.4,22,E20,U111,1,EE,EE0,EE00,EE004,Grassland without tree/shrub cover,Agriculture (excluding fallow land and kitchen gardens)
51504094,Yes,,,,,5.6,6,8.22,25.7,0,5.7,1.9,41.1,60,C31,U120,1,EE,EE0,EE00,EE006,Spruce dominated mixed woodland,FORESTRY
51184026,Yes,,,,,4,4.57,5.55,34.4,0,20.8,2.4,28.2,21,C33,U120,1,EE,EE0,EE00,EE004,Other mixed woodland,FORESTRY
51424060,Yes,,,,,5.9,6.18,14.83,34.3,0,7.1,3.3,267,35,E20,U111,1,EE,EE0,EE00,EE006,Grassland without tree/shrub cover,Agriculture (excluding fallow land and kitchen gardens)
51264052,Yes,,,,,6,6.18,26,41.3,0,8.2,4.2,200,26,B12,U111,1,EE,EE0,EE00,EE004,Durum wheat,Agriculture (excluding fallow land and kitchen gardens)
51224092,Yes,,,,,6.9,7.03,51.2,75.7,29,15.5,6.4,52.5,29,C10,U120,1,EE,EE0,EE00,EE001,Broadleaved woodland,FORESTRY
51504044,Yes,,,,,5.9,6.25,8.3,14,1,19.4,1.4,55.8,20,C10,U420,1,EE,EE0,EE00,EE006,Broadleaved woodland,Semi-natural and natural areas not in use
51404082,Yes,,,,,4.1,4.55,16.07,111.7,0,31.9,5.5,109.2,55,C23,U120,1,EE,EE0,EE00,EE001,Other coniferous woodland,FORESTRY
51464076,Yes,,,,,2.9,3.65,23.9,202.8,0,40.4,8.4,133,53,C21,U120,1,EE,EE0,EE00,EE006,Spruce dominated coniferous woodland,FORESTRY
51524078,Yes,,,,,6.9,7.03,14.21,25.3,5,5.9,2.4,91.9,62,B32,U111,1,EE,EE0,EE00,EE006,Rape and turnip rape,Agriculture (excluding fallow land and kitchen gardens)
51104058,Yes,,,,,7.2,7.54,20.2,37.5,58,13.3,3.5,92.5,18,B23,U111,1,EE,EE0,EE00,EE004,Other root crops,Agriculture (excluding fallow land and kitchen gardens)
51724084,Yes,,,,,6.8,7.06,27,23.3,4,39.7,2.6,243.5,71,B16,U111,1,EE,EE0,EE00,EE006,Maize,Agriculture (excluding fallow land and kitchen gardens)
52223990,Yes,,,,,6,6.22,31.4,71.6,1,14.4,5.3,36.6,55,C31,U120,1,EE,EE0,EE00,EE008,Spruce dominated mixed woodland,FORESTRY
51244042,Yes,,,,,7,7.19,31.7,41.7,115,22.2,3.9,103.4,14,B32,U111,1,EE,EE0,EE00,EE004,Rape and turnip rape,Agriculture (excluding fallow land and kitchen gardens)
51464094,Yes,,,,,6.8,6.97,38.1,88.8,7,13.3,6.3,35.7,57,C33,U120,1,EE,EE0,EE00,EE001,Other mixed woodland,FORESTRY
52684054,Yes,,,,,6.3,6.5,36,130,1,30.7,7.5,131.9,55,C31,U120,1,EE,EE0,EE00,EE008,Spruce dominated mixed woodland,FORESTRY
52843956,Yes,,,,,4.8,5.01,190.9,422.9,3,42.4,31.5,69.8,72,E20,U111,1,EE,EE0,EE00,EE008,Grassland without tree/shrub cover,Agriculture (excluding fallow land and kitchen gardens)
52643988,Yes,,,,,3.3,3.9,21.4,129.3,1,40.6,5.5,113.5,75,C21,U120,1,EE,EE0,EE00,EE008,Spruce dominated coniferous woodland,FORESTRY
53044018,Yes,,,,,6,6.09,115.7,193.1,2,52.3,14.2,107.3,74,C10,U120,1,EE,EE0,EE00,EE008,Broadleaved woodland,FORESTRY
52984030,Yes,,,,,6,6.2,64.8,73.7,1,39.2,6.3,82.4,36,D20,U420,1,EE,EE0,EE00,EE008,Shrubland without tree cover,Semi-natural and natural areas not in use
52804044,Yes,,,,,5.2,5.4,120.2,175.4,2,62.6,11,184.2,57,C31,U120,1,EE,EE0,EE00,EE008,Spruce dominated mixed woodland,FORESTRY
52484034,Yes,,,,,5.8,6.01,42.1,205.9,1,35.2,13.4,99.7,50,C31,U120,1,EE,EE0,EE00,EE008,Spruce dominated mixed woodland,FORESTRY
51644130,Yes,,,,,5.3,5.72,30.3,111,2,125.4,9.4,50.6,16,E20,U111,1,EE,EE0,EE00,EE001,Grassland without tree/shrub cover,Agriculture (excluding fallow land and kitchen gardens)
52084098,Yes,,,,,4,4.16,160,519,2,49.3,37,64.7,75,C33,U120,1,EE,EE0,EE00,EE006,Other mixed woodland,FORESTRY
51764124,Yes,,,,,7,7.2,61.8,216.7,41,34.1,17.1,84.3,38,B32,U111,1,EE,EE0,EE00,EE001,Rape and turnip rape,Agriculture (excluding fallow land and kitchen gardens)
52744108,Yes,,,,,5.7,5.99,32.2,232,0,27.7,14,82.3,77,C31,U120,1,EE,EE0,EE00,EE006,Spruce dominated mixed woodland,FORESTRY
53044140,Yes,,,,,6.9,7.24,45.3,207.2,159,30.2,13.2,186.3,70,B32,U111,1,EE,EE0,EE00,EE007,Rape and turnip rape,Agriculture (excluding fallow land and kitchen gardens)
53223988,Yes,,,,,4.2,4.96,191.7,452.9,2,186,29.5,520.3,92,C31,U120,1,EE,EE0,EE00,EE008,Spruce dominated mixed woodland,FORESTRY
53344166,Yes,,,,,5.2,5.68,11.78,73.1,0,41.3,4.9,56.5,19,C31,U120,1,EE,EE0,EE00,EE007,Spruce dominated mixed woodland,FORESTRY
53064142,Yes,,,,,4.5,4.82,169.2,478.3,1,38.6,15,230.5,75,C23,U120,1,EE,EE0,EE00,EE007,Other coniferous woodland,FORESTRY
51764034,Yes,,,,,4.3,4.46,146.4,367.4,0,34.8,32.2,47.2,36,C32,U120,1,EE,EE0,EE00,EE004,Pine dominated mixed woodland,FORESTRY
51524072,Yes,,,,,3.6,4.15,87.8,519.5,0,162.1,24.5,51.8,60,C31,U120,1,EE,EE0,EE00,EE006,Spruce dominated mixed woodland,FORESTRY
51264012,Yes,,,,,6.1,6.21,83.6,216.7,0,29.1,16.9,164.1,30,C31,U120,1,EE,EE0,EE00,EE004,Spruce dominated mixed woodland,FORESTRY
52944068,Yes,,,,,3.9,4.53,75.5,513.4,1,207.4,30.5,148.5,75,C33,U120,1,EE,EE0,EE00,EE008,Other mixed woodland,FORESTRY
51843982,Yes,,,,,3.5,4.32,7.43,42.6,0,14.5,2,200.7,33,C21,U120,1,EE,EE0,EE00,EE004,Spruce dominated coniferous woodland,FORESTRY
51724004,Yes,,,,,3.4,4.24,4.53,22,0,19.6,1,52.7,13,C32,U120,1,EE,EE0,EE00,EE004,Pine dominated mixed woodland,FORESTRY
52404076,Yes,,,,,5.9,6.12,28.5,134.3,0,28,8.4,68.6,77,C21,U120,1,EE,EE0,EE00,EE006,Spruce dominated coniferous woodland,FORESTRY
53084148,Yes,,,,,6.9,7.1,104.8,336.6,32,47.8,25,143.2,50,C10,U120,1,EE,EE0,EE00,EE007,Broadleaved woodland,FORESTRY
51944110,Yes,,,,,5.6,5.94,36.6,148.9,1,36.1,10,56,65,E20,U111,1,EE,EE0,EE00,EE001,Grassland without tree/shrub cover,Agriculture (excluding fallow land and kitchen gardens)
52744126,Yes,,,,,5.7,5.93,40.3,54.9,0,25.8,4.5,82,72,C10,U120,1,EE,EE0,EE00,EE006,Broadleaved woodland,FORESTRY
52624130,Yes,,,,,4.2,4.77,22.4,171.1,1,56.4,9.3,67.7,75,C31,U120,1,EE,EE0,EE00,EE006,Spruce dominated mixed woodland,FORESTRY
52744114,Yes,,,,,3.8,4.34,8.97,40.9,0,13.2,1.9,49.2,86,C23,U120,1,EE,EE0,EE00,EE006,Other coniferous woodland,FORESTRY
51944074,Yes,,,,,5.2,5.47,59,105.1,0,44.1,7.9,47.9,72,C10,U120,1,EE,EE0,EE00,EE006,Broadleaved woodland,FORESTRY
51944092,Yes,,,,,5.6,5.8,171.5,472.6,1,61.7,27.9,67.9,83,C31,U120,1,EE,EE0,EE00,EE001,Spruce dominated mixed woodland,FORESTRY
52144060,Yes,,,,,5.9,6.22,57,298.5,1,30.5,19.4,100.6,64,C10,U120,1,EE,EE0,EE00,EE006,Broadleaved woodland,FORESTRY
52264066,Yes,,,,,5.9,6.17,38.7,144.4,1,57.2,8.4,53,72,B11,U111,1,EE,EE0,EE00,EE006,Common wheat,Agriculture (excluding fallow land and kitchen gardens)
52124064,Yes,,,,,6.1,6.32,25.3,119.7,0,21.6,8.1,89.7,70,C33,U120,1,EE,EE0,EE00,EE006,Other mixed woodland,FORESTRY
51963988,Yes,,,,,5,5.17,193.3,420.3,1,22.7,30.2,277.2,53,E20,U111,1,EE,EE0,EE00,EE004,Grassland without tree/shrub cover,Agriculture (excluding fallow land and kitchen gardens)
51964006,Yes,,,,,3.9,4.15,146.5,496.8,0,47.7,29.4,78.8,41,C33,U120,1,EE,EE0,EE00,EE004,Other mixed woodland,FORESTRY
52204108,Yes,,,,,5,5.16,226,462.9,0,42.7,33.6,98.6,105,C31,U120,1,EE,EE0,EE00,EE006,Spruce dominated mixed woodland,FORESTRY
53124130,Yes,,,,,6,6.33,28.2,50.1,1,26.7,3.5,53.7,67,C31,U120,1,EE,EE0,EE00,EE007,Spruce dominated mixed woodland,FORESTRY
52944140,Yes,,,,,5.8,6.01,6.99,18.3,0,22.1,1.8,118.4,57,E30,U112,1,EE,EE0,EE00,EE007,Spontaneously re-vegetated surfaces,Fallow land
51704072,Yes,,,,,6.8,7.02,14.22,22.7,2,25.6,2.5,111.3,66,E20,U111,1,EE,EE0,EE00,EE006,Grassland without tree/shrub cover,Agriculture (excluding fallow land and kitchen gardens)
51904062,Yes,,,,,7.1,7.38,23.3,20.3,15,6.9,1.5,42.3,57,E10,U370,1,EE,EE0,EE00,EE006,Grassland with sparse tree/shrub cover,RESIDENTIAL
