Point_ID,Revisited_point,Coarse,Clay,Sand,Silt,pH(CaCl2),pH(H2O),EC,OC,CaCO3,P,N,K,Elevation,LC1,LU1,Soil_Stones,NUTS_0,NUTS_1,NUTS_2,NUTS_3,LC1_Desc,LU1_Desc
40242990,No,16,29,27,44,5.3,5.75,12.49,16.3,1,32.6,2.2,96.9,451,B55,U111,1,LU,LU0,LU00,LU000,Temporary grassland,Agriculture (excluding fallow land and kitchen gardens)
40322962,No,6,3,83,15,3.1,3.8,7.08,49.9,1,8.5,2.2,27.7,341,C31,U120,1,LU,LU0,LU00,LU000,Spruce dominated mixed woodland,FORESTRY
40502956,No,31,31,16,53,6.6,6.83,22.2,43.9,7,86.8,4.6,472.5,261,E10,U111,1,LU,LU0,LU00,LU000,Grassland with sparse tree/shrub cover,Agriculture (excluding fallow land and kitchen gardens)
40382996,No,41,20,35,46,5.2,5.63,12.46,34.3,1,42.7,3.7,130.9,476,B55,U111,2,LU,LU0,LU00,LU000,Temporary grassland,Agriculture (excluding fallow land and kitchen gardens)
40382968,No,23,22,20,58,6.7,7,53.2,88,87,59,8.1,665.6,300,E20,U111,1,LU,LU0,LU00,LU000,Grassland without tree/shrub cover,Agriculture (excluding fallow land and kitchen gardens)
40282972,No,9,20,24,56,5.5,5.81,16.5,25.9,0,68.9,3.2,105.5,289,E20,U111,1,LU,LU0,LU00,LU000,Grassland without tree/shrub cover,Agriculture (excluding fallow land and kitchen gardens)
40342942,No,11,47,9,44,7.3,7.79,32.4,26.8,19,35.5,3,280.2,285,B16,U111,1,LU,LU0,LU00,LU000,Maize,Agriculture (excluding fallow land and kitchen gardens)
40302942,No,17,30,12,58,6.6,6.88,13.81,16,1,53.7,1.9,150.7,300,B16,U111,1,LU,LU0,LU00,LU000,Maize,Agriculture (excluding fallow land and kitchen gardens)
40442956,No,12,13,40,47,3.6,3.97,10.1,43.1,0,19,2.6,39.9,404,C21,U120,1,LU,LU0,LU00,LU000,Spruce dominated coniferous woodland,FORESTRY
40482946,No,6,5,79,16,4.4,4.78,10.82,18.8,0,36.8,1.6,29.4,237,C10,U120,1,LU,LU0,LU00,LU000,Broadleaved woodland,FORESTRY
40283004,Yes,,,,,6,6.15,40.48,24.2,2,37.1,3.3,171.7,439,B55,U111,1,LU,LU0,LU00,LU000,Temporary grassland,Agriculture (excluding fallow land and kitchen gardens)
40422976,Yes,,,,,6,6.16,14.1,28.5,0,7.2,2.5,204.5,292,C10,U120,1,LU,LU0,LU00,LU000,Broadleaved woodland,FORESTRY
40382982,Yes,,,,,4.3,4.83,14.58,20.1,0,47.4,2.6,80.2,284,C31,U120,1,LU,LU0,LU00,LU000,Spruce dominated mixed woodland,FORESTRY
