Point_ID,Revisited_point,Coarse,Clay,Sand,Silt,pH(CaCl2),pH(H2O),EC,OC,CaCO3,P,N,K,Elevation,LC1,LU1,Soil_Stones,NUTS_0,NUTS_1,NUTS_2,NUTS_3,LC1_Desc,LU1_Desc
47623044,No,20,21,12,67,4.6,5.03,6.27,22.4,0,6,2.5,76.1,401,E20,U111,1,CZ,CZ0,CZ05,CZ052,Grassland without tree/shrub cover,Agriculture (excluding fallow land and kitchen gardens)
47103052,No,13,24,9,66,3.8,4.3,5.18,15.3,0,5.2,1.1,56.4,372,C10,U120,1,CZ,CZ0,CZ05,CZ052,Broadleaved woodland,FORESTRY
48303032,No,20,5,65,30,3.1,3.72,32.6,204.1,1,49.9,11.6,132,1018,C21,U120,1,CZ,CZ0,CZ07,CZ071,Spruce dominated coniferous woodland,FORESTRY
48403024,No,16,9,46,45,5.9,6.16,24.8,54.5,2,18.6,3.9,163.6,792,C31,U120,2,CZ,CZ0,CZ08,CZ080,Spruce dominated mixed woodland,FORESTRY
48362938,No,28,33,10,57,7.2,7.63,15.04,20,44,62.4,2.4,501.1,231,E20,U111,2,CZ,CZ0,CZ06,CZ064,Grassland without tree/shrub cover,Agriculture (excluding fallow land and kitchen gardens)
48783016,No,14,29,5,66,6.8,7.1,10.89,8.4,1,42,1.1,81.5,317,B14,U111,1,CZ,CZ0,CZ08,CZ080,Rye,Agriculture (excluding fallow land and kitchen gardens)
48082960,No,14,24,24,52,3.6,3.94,8.78,22.7,0,6.6,1.3,135.7,571,C21,U120,1,CZ,CZ0,CZ06,CZ064,Spruce dominated coniferous woodland,FORESTRY
46662920,No,11,9,53,38,5.2,5.6,6.58,14.4,1,63.1,1.7,33.1,462,B13,U111,1,CZ,CZ0,CZ03,CZ031,Barley,Agriculture (excluding fallow land and kitchen gardens)
46723074,No,5,13,57,29,6.5,6.69,16.32,7.1,22,0,0.8,29.9,395,C21,U120,1,CZ,CZ0,CZ05,CZ051,Spruce dominated coniferous woodland,FORESTRY
46922908,No,10,14,41,45,6.1,6.29,8.64,23.6,0,22.9,2.4,36,508,E20,U111,1,CZ,CZ0,CZ03,CZ031,Grassland without tree/shrub cover,Agriculture (excluding fallow land and kitchen gardens)
47323050,No,11,19,35,46,4,4.36,6.12,3.5,0,0,0.4,65.8,359,D10,U120,2,CZ,CZ0,CZ05,CZ052,Shrubland with sparse tree cover,FORESTRY
45582902,No,24,6,62,32,3.2,3.73,18.08,120.6,0,25.7,6,75.6,1106,C21,U120,3,CZ,CZ0,CZ03,CZ032,Spruce dominated coniferous woodland,FORESTRY
45822886,No,17,9,61,30,4.3,4.68,3.88,15.8,1,9.7,1,43.4,1075,E10,U120,3,CZ,CZ0,CZ03,CZ031,Grassland with sparse tree/shrub cover,FORESTRY
47283082,No,19,6,56,38,3.1,3.56,15.83,94.1,0,32.6,5.1,49.8,1094,C21,U120,4,CZ,CZ0,CZ05,CZ052,Spruce dominated coniferous woodland,FORESTRY
46103060,No,12,18,49,32,5.3,5.7,9.75,13.9,1,22.1,1.6,62.9,224,E20,U111,1,CZ,CZ0,CZ04,CZ042,Grassland without tree/shrub cover,Agriculture (excluding fallow land and kitchen gardens)
45842920,No,15,11,53,35,5.1,5.65,4.29,11.2,0,8.9,1.3,56.4,455,E20,U111,1,CZ,CZ0,CZ03,CZ032,Grassland without tree/shrub cover,Agriculture (excluding fallow land and kitchen gardens)
46122858,No,10,15,39,46,3.9,4.29,6.37,29.1,0,8.4,2,40.6,759,C21,U120,1,CZ,CZ0,CZ03,CZ031,Spruce dominated coniferous woodland,FORESTRY
45862878,No,12,9,50,41,4.4,4.72,4.89,37,0,6.8,2.4,35.3,1006,E10,U420,1,CZ,CZ0,CZ03,CZ031,Grassland with sparse tree/shrub cover,Semi-natural and natural areas not in use
47742938,No,17,24,26,50,6.7,6.92,9.41,12.7,1,44.3,1.6,214.3,456,B15,U111,2,CZ,CZ0,CZ06,CZ064,Oats,Agriculture (excluding fallow land and kitchen gardens)
46802984,No,16,24,21,55,6.9,7.14,17.82,10.9,2,22.6,1.3,109.6,442,B16,U111,1,CZ,CZ0,CZ02,CZ020,Maize,Agriculture (excluding fallow land and kitchen gardens)
44883014,Yes,,,,,3.3,3.68,8.15,29,1,21.5,1.3,42.1,558,C21,U120,2,CZ,CZ0,CZ04,CZ041,Spruce dominated coniferous woodland,FORESTRY
47582982,Yes,,,,,4.6,4.96,17.29,21.6,0,54,2.5,202,559,B13,U111,2,CZ,CZ0,CZ05,CZ053,Barley,Agriculture (excluding fallow land and kitchen gardens)
46782910,Yes,,,,,5.8,6.1,9.27,12.2,0,39,1.6,67.9,484,B32,U111,1,CZ,CZ0,CZ03,CZ031,Rape and turnip rape,Agriculture (excluding fallow land and kitchen gardens)
48082906,Yes,,,,,7.2,7.66,17.62,25.5,106,37.7,2.8,275.7,183,B11,U111,1,CZ,CZ0,CZ06,CZ064,Common wheat,Agriculture (excluding fallow land and kitchen gardens)
48002908,Yes,,,,,6.2,6.44,14.68,15.8,0,44.5,1.8,168.4,266,B22,U111,1,CZ,CZ0,CZ06,CZ064,Sugar beet,Agriculture (excluding fallow land and kitchen gardens)
47942906,Yes,,,,,7.4,7.85,18.97,11.4,141,6.6,1.4,89.1,255,B11,U111,1,CZ,CZ0,CZ06,CZ064,Common wheat,Agriculture (excluding fallow land and kitchen gardens)
47902880,Yes,,,,,6.3,6.5,13.41,14.5,1,66.8,1.6,261.6,214,B11,U111,2,CZ,CZ0,CZ06,CZ064,Common wheat,Agriculture (excluding fallow land and kitchen gardens)
46463090,Yes,,,,,3.5,3.91,5.74,28.7,0,16.1,1.7,24.7,566,C21,U120,1,CZ,CZ0,CZ05,CZ051,Spruce dominated coniferous woodland,FORESTRY
47602980,Yes,,,,,5,5.37,14.42,31,0,20.9,3,35.3,657,E20,U370,1,CZ,CZ0,CZ05,CZ053,Grassland without tree/shrub cover,RESIDENTIAL
48163002,Yes,,,,,5.9,6.13,5.57,12.5,0,53,1.6,127.4,293,B11,U111,1,CZ,CZ0,CZ07,CZ071,Common wheat,Agriculture (excluding fallow land and kitchen gardens)
47482986,Yes,,,,,4.8,5.18,4.7,18.4,0,39.6,2.2,46.9,438,E20,U111,1,CZ,CZ0,CZ05,CZ053,Grassland without tree/shrub cover,Agriculture (excluding fallow land and kitchen gardens)
47462992,Yes,,,,,6.7,6.84,15.5,35.2,12,11.8,3.5,235.2,363,E10,U370,2,CZ,CZ0,CZ05,CZ053,Grassland with sparse tree/shrub cover,RESIDENTIAL
47542996,Yes,,,,,6.1,6.29,9.15,15.4,1,20.9,1.8,111.3,302,B11,U111,1,CZ,CZ0,CZ05,CZ053,Common wheat,Agriculture (excluding fallow land and kitchen gardens)
47523010,Yes,,,,,6.2,6.36,13.64,18.6,1,34.6,2.4,175.9,256,B11,U111,1,CZ,CZ0,CZ05,CZ053,Common wheat,Agriculture (excluding fallow land and kitchen gardens)
47463010,Yes,,,,,5.3,7.57,30.1,16.9,69,25.6,2.5,302.9,232,B32,U111,1,CZ,CZ0,CZ05,CZ053,Rape and turnip rape,Agriculture (excluding fallow land and kitchen gardens)
47343028,Yes,,,,,5.6,5.91,6.79,12.6,0,58.6,1.4,113.1,239,B32,U111,1,CZ,CZ0,CZ05,CZ052,Rape and turnip rape,Agriculture (excluding fallow land and kitchen gardens)
48002880,Yes,,,,,5.8,6.13,9.87,17.2,1,19.2,1.8,195.8,196,B32,U111,1,CZ,CZ0,CZ06,CZ064,Rape and turnip rape,Agriculture (excluding fallow land and kitchen gardens)
46482866,Yes,,,,,6.5,6.71,9.85,21.1,0,37.9,2.3,325.6,559,B51,U111,1,CZ,CZ0,CZ03,CZ031,Clovers,Agriculture (excluding fallow land and kitchen gardens)
46282892,Yes,,,,,4.9,5.28,5.86,18.3,0,18.2,2.2,35.5,447,B75,U113,1,CZ,CZ0,CZ03,CZ031,Other fruit trees and berries,Kitchen gardens
46322896,Yes,,,,,6.7,6.91,8.64,14.2,1,24,1.8,97.3,411,B51,U111,1,CZ,CZ0,CZ03,CZ031,Clovers,Agriculture (excluding fallow land and kitchen gardens)
46502892,Yes,,,,,3.6,4,7.51,38.7,0,18.5,2.7,37.6,491,C21,U120,2,CZ,CZ0,CZ03,CZ031,Spruce dominated coniferous woodland,FORESTRY
46282880,Yes,,,,,3.9,4.44,5.49,23.4,0,57.3,2,32.8,713,C23,U120,2,CZ,CZ0,CZ03,CZ031,Other coniferous woodland,FORESTRY
46462874,Yes,,,,,5,5.46,6.31,17.3,0,40.2,1.9,200.5,486,E20,U111,1,CZ,CZ0,CZ03,CZ031,Grassland without tree/shrub cover,Agriculture (excluding fallow land and kitchen gardens)
46682852,Yes,,,,,3.2,3.67,14.01,65.8,0,20.5,3.6,31.3,796,C21,U120,3,CZ,CZ0,CZ03,CZ031,Spruce dominated coniferous woodland,FORESTRY
46982902,Yes,,,,,5.4,5.8,5.07,18.3,0,19.2,2,14.8,600,E20,U111,1,CZ,CZ0,CZ03,CZ031,Grassland without tree/shrub cover,Agriculture (excluding fallow land and kitchen gardens)
46702872,Yes,,,,,3.4,3.87,11.32,62.4,0,16.3,3.5,56.8,491,C23,U120,1,CZ,CZ0,CZ03,CZ031,Other coniferous woodland,FORESTRY
47903014,Yes,,,,,5.1,5.5,5.74,14,0,50,1.7,58.7,502,B11,U111,1,CZ,CZ0,CZ05,CZ053,Common wheat,Agriculture (excluding fallow land and kitchen gardens)
46462862,Yes,,,,,3.3,3.68,12.03,60.1,1,12.6,3.1,24.5,620,C23,U120,2,CZ,CZ0,CZ03,CZ031,Other coniferous woodland,FORESTRY
46462856,Yes,,,,,5.2,5.72,7.51,17.3,1,34.5,2.2,415.7,709,E20,U111,1,CZ,CZ0,CZ03,CZ031,Grassland without tree/shrub cover,Agriculture (excluding fallow land and kitchen gardens)
47302882,Yes,,,,,5.6,5.97,8.19,15.7,1,19.4,1.9,132.9,505,B32,U111,1,CZ,CZ0,CZ06,CZ064,Rape and turnip rape,Agriculture (excluding fallow land and kitchen gardens)
47162890,Yes,,,,,5.1,5.52,7.79,26.6,0,16.2,2.8,102.9,499,E20,U111,1,CZ,CZ0,CZ03,CZ031,Grassland without tree/shrub cover,Agriculture (excluding fallow land and kitchen gardens)
48043014,Yes,,,,,5.1,5.42,5.94,29.1,0,55.4,3.1,55.1,602,E20,U111,1,CZ,CZ0,CZ05,CZ053,Grassland without tree/shrub cover,Agriculture (excluding fallow land and kitchen gardens)
47362996,Yes,,,,,6.2,6.48,13.42,24.4,0,101.4,3.1,411.5,277,B11,U111,1,CZ,CZ0,CZ05,CZ053,Common wheat,Agriculture (excluding fallow land and kitchen gardens)
46722876,Yes,,,,,5.8,6.1,4.78,10,0,5.8,1.1,15.3,468,E20,U111,1,CZ,CZ0,CZ03,CZ031,Grassland without tree/shrub cover,Agriculture (excluding fallow land and kitchen gardens)
47323072,Yes,,,,,4.9,5.26,6.04,21,0,35.8,2.6,77,553,E20,U111,4,CZ,CZ0,CZ05,CZ052,Grassland without tree/shrub cover,Agriculture (excluding fallow land and kitchen gardens)
47363036,Yes,,,,,6.6,6.76,13.99,42.2,5,26.5,4.9,101.8,248,E20,U111,1,CZ,CZ0,CZ05,CZ052,Grassland without tree/shrub cover,Agriculture (excluding fallow land and kitchen gardens)
47843026,Yes,,,,,5.5,5.8,6.22,31.6,0,21.8,3.4,61,645,B55,U111,1,CZ,CZ0,CZ05,CZ053,Temporary grassland,Agriculture (excluding fallow land and kitchen gardens)
47763032,Yes,,,,,4.5,4.95,5.82,31.3,0,44.8,3.5,31.1,628,E20,U111,2,CZ,CZ0,CZ05,CZ052,Grassland without tree/shrub cover,Agriculture (excluding fallow land and kitchen gardens)
47623012,Yes,,,,,5.6,5.78,8.79,28.8,0,20.6,3.5,63.6,269,E20,U111,1,CZ,CZ0,CZ05,CZ053,Grassland without tree/shrub cover,Agriculture (excluding fallow land and kitchen gardens)
45522910,Yes,,,,,3.9,4.27,5.76,24.4,0,57.9,1.9,37.3,713,C21,U120,3,CZ,CZ0,CZ03,CZ032,Spruce dominated coniferous woodland,FORESTRY
45662902,Yes,,,,,6,6.19,6.71,37.8,0,7.5,3.2,150.3,958,E20,U111,1,CZ,CZ0,CZ03,CZ032,Grassland without tree/shrub cover,Agriculture (excluding fallow land and kitchen gardens)
47763014,Yes,,,,,5.4,5.5,8.09,18.5,0,10.6,2.2,31.9,392,E20,U111,4,CZ,CZ0,CZ05,CZ053,Grassland without tree/shrub cover,Agriculture (excluding fallow land and kitchen gardens)
47583072,Yes,,,,,4.8,5.2,5.17,12.6,0,66.2,1.6,79.6,560,E20,U111,1,CZ,CZ0,CZ05,CZ052,Grassland without tree/shrub cover,Agriculture (excluding fallow land and kitchen gardens)
47663076,Yes,,,,,4.9,5.29,3.91,10.3,0,13.6,1.2,18.7,448,E20,U111,1,CZ,CZ0,CZ05,CZ052,Grassland without tree/shrub cover,Agriculture (excluding fallow land and kitchen gardens)
47682978,Yes,,,,,5.2,5.51,11.55,23.8,0,12.3,2.6,139.9,579,E10,U420,3,CZ,CZ0,CZ05,CZ053,Grassland with sparse tree/shrub cover,Semi-natural and natural areas not in use
45882892,Yes,,,,,3.6,4,10.81,89,0,50.7,5.1,45.3,864,C23,U120,4,CZ,CZ0,CZ03,CZ031,Other coniferous woodland,FORESTRY
47543032,Yes,,,,,6.1,6.23,6.82,15,0,35.1,1.7,78.3,301,B11,U111,1,CZ,CZ0,CZ05,CZ052,Common wheat,Agriculture (excluding fallow land and kitchen gardens)
45823044,Yes,,,,,7.4,7.61,64.6,22.8,4,0,2.4,559.1,214,B32,U111,1,CZ,CZ0,CZ04,CZ042,Rape and turnip rape,Agriculture (excluding fallow land and kitchen gardens)
47402986,Yes,,,,,6,6.13,26.4,39.1,0,74.7,4.1,1275.9,457,B73,U111,2,CZ,CZ0,CZ05,CZ053,Cherry fruit,Agriculture (excluding fallow land and kitchen gardens)
45882928,Yes,,,,,6.4,6.65,4.82,11.9,0,52.2,1.4,35.9,527,E20,U111,2,CZ,CZ0,CZ03,CZ032,Grassland without tree/shrub cover,Agriculture (excluding fallow land and kitchen gardens)
45822918,Yes,,,,,6.4,6.66,7.32,16.5,1,50,2.1,301.3,486,B11,U111,1,CZ,CZ0,CZ03,CZ032,Common wheat,Agriculture (excluding fallow land and kitchen gardens)
46002912,Yes,,,,,5.8,6,17.45,15.4,0,65.3,1.9,123,426,B16,U111,1,CZ,CZ0,CZ03,CZ031,Maize,Agriculture (excluding fallow land and kitchen gardens)
45922898,Yes,,,,,4.6,5.12,8.63,38.9,0,17.6,4.2,79.2,709,E20,U111,1,CZ,CZ0,CZ03,CZ031,Grassland without tree/shrub cover,Agriculture (excluding fallow land and kitchen gardens)
47803020,Yes,,,,,5.7,5.9,6.76,21.1,0,53.2,2.5,69.2,453,E20,U111,4,CZ,CZ0,CZ05,CZ053,Grassland without tree/shrub cover,Agriculture (excluding fallow land and kitchen gardens)
47623026,Yes,,,,,6.2,6.36,7.97,27.2,0,42.9,3.1,191.3,398,B32,U111,1,CZ,CZ0,CZ05,CZ052,Rape and turnip rape,Agriculture (excluding fallow land and kitchen gardens)
47342998,Yes,,,,,7.3,7.59,16,17.2,50,13.8,2,259.6,271,B11,U111,1,CZ,CZ0,CZ05,CZ053,Common wheat,Agriculture (excluding fallow land and kitchen gardens)
47483040,Yes,,,,,6.6,6.76,10.42,22.3,2,74.9,2.7,371.4,280,B11,U111,1,CZ,CZ0,CZ05,CZ052,Common wheat,Agriculture (excluding fallow land and kitchen gardens)
47623038,Yes,,,,,6.5,6.77,10.38,22.5,0,112,2.7,419.7,357,B32,U111,1,CZ,CZ0,CZ05,CZ052,Rape and turnip rape,Agriculture (excluding fallow land and kitchen gardens)
47663044,Yes,,,,,4.2,4.62,5.34,36.6,0,23.8,3.9,73.3,580,E20,U111,2,CZ,CZ0,CZ05,CZ052,Grassland without tree/shrub cover,Agriculture (excluding fallow land and kitchen gardens)
47563046,Yes,,,,,7,7.3,16.74,23.9,14,51.8,3,161.6,301,B32,U111,1,CZ,CZ0,CZ05,CZ052,Rape and turnip rape,Agriculture (excluding fallow land and kitchen gardens)
47443048,Yes,,,,,7,7.3,8.78,15.1,2,46.6,1.8,148.1,298,B53,U111,1,CZ,CZ0,CZ05,CZ052,Other Leguminous  and mixtures for fodder,Agriculture (excluding fallow land and kitchen gardens)
47303044,Yes,,,,,6.4,6.64,7.47,15.5,2,32.8,1.9,281.4,273,B14,U111,1,CZ,CZ0,CZ05,CZ052,Rye,Agriculture (excluding fallow land and kitchen gardens)
46022902,Yes,,,,,4.6,5.06,9.2,26.6,0,38.3,2.9,110.4,588,C10,U420,1,CZ,CZ0,CZ03,CZ031,Broadleaved woodland,Semi-natural and natural areas not in use
47302932,Yes,,,,,5.7,5.97,5.12,13.2,1,51.7,1.7,94.8,592,B41,U111,4,CZ,CZ0,CZ06,CZ063,Dry pulses,Agriculture (excluding fallow land and kitchen gardens)
47362892,Yes,,,,,6,6.29,5.65,14.1,1,19.2,1.7,116.6,461,B14,U111,3,CZ,CZ0,CZ06,CZ063,Rye,Agriculture (excluding fallow land and kitchen gardens)
47382884,Yes,,,,,5.4,5.74,6.05,14.4,0,42.9,1.6,166.1,455,B32,U111,1,CZ,CZ0,CZ06,CZ064,Rape and turnip rape,Agriculture (excluding fallow land and kitchen gardens)
47522908,Yes,,,,,6.8,6.92,14.72,34.6,8,28.9,3.9,112.9,462,E20,U111,2,CZ,CZ0,CZ06,CZ063,Grassland without tree/shrub cover,Agriculture (excluding fallow land and kitchen gardens)
47462916,Yes,,,,,6,6.25,10.42,22.7,1,56.8,2.2,269.4,468,B11,U111,3,CZ,CZ0,CZ06,CZ063,Common wheat,Agriculture (excluding fallow land and kitchen gardens)
47762888,Yes,,,,,7.4,7.74,15.52,20,18,18.5,2.3,237.3,242,B11,U111,1,CZ,CZ0,CZ06,CZ064,Common wheat,Agriculture (excluding fallow land and kitchen gardens)
47282938,Yes,,,,,6.9,7.12,12.41,16.1,2,67.9,1.8,210.8,534,B11,U111,4,CZ,CZ0,CZ06,CZ063,Common wheat,Agriculture (excluding fallow land and kitchen gardens)
47662896,Yes,,,,,6.3,6.49,8.83,12.6,1,78.2,1.6,229.1,374,B32,U111,2,CZ,CZ0,CZ06,CZ064,Rape and turnip rape,Agriculture (excluding fallow land and kitchen gardens)
47402932,Yes,,,,,5.5,5.89,8.92,18.1,1,48.5,1.9,185.1,588,B13,U111,4,CZ,CZ0,CZ06,CZ063,Barley,Agriculture (excluding fallow land and kitchen gardens)
47802948,Yes,,,,,6.7,6.89,7.96,17.2,1,58.8,2.2,339.5,351,B15,U111,3,CZ,CZ0,CZ06,CZ064,Oats,Agriculture (excluding fallow land and kitchen gardens)
47662900,Yes,,,,,3.7,4.1,6.74,33.5,0,37.4,2,93.8,410,C33,U120,1,CZ,CZ0,CZ06,CZ063,Other mixed woodland,FORESTRY
45562982,Yes,,,,,5.5,5.77,21.4,45.6,0,22,4.6,46.1,451,E20,U111,1,CZ,CZ0,CZ03,CZ032,Grassland without tree/shrub cover,Agriculture (excluding fallow land and kitchen gardens)
45542974,Yes,,,,,5.1,5.58,11.24,18.5,0,53.4,2,185.8,459,B11,U111,1,CZ,CZ0,CZ03,CZ032,Common wheat,Agriculture (excluding fallow land and kitchen gardens)
45903064,Yes,,,,,3.7,4.07,24.7,113.4,1,227.6,8.1,297.7,337,C10,U120,3,CZ,CZ0,CZ04,CZ042,Broadleaved woodland,FORESTRY
47502910,Yes,,,,,4.1,4.65,4.97,21.4,1,55.9,2,97,494,C32,U120,3,CZ,CZ0,CZ06,CZ063,Pine dominated mixed woodland,FORESTRY
47582910,Yes,,,,,5.5,6.15,12.79,10.4,0,69.3,1.3,106.2,458,B13,U111,2,CZ,CZ0,CZ06,CZ063,Barley,Agriculture (excluding fallow land and kitchen gardens)
46203078,Yes,,,,,4.7,5.09,13.86,17.1,0,41.4,1.9,326.2,506,E20,U111,1,CZ,CZ0,CZ04,CZ042,Grassland without tree/shrub cover,Agriculture (excluding fallow land and kitchen gardens)
46043076,Yes,,,,,5.4,5.83,7.41,18.4,0,44.5,1.8,96.3,403,E20,U111,1,CZ,CZ0,CZ04,CZ042,Grassland without tree/shrub cover,Agriculture (excluding fallow land and kitchen gardens)
46363102,Yes,,,,,5.1,5.54,6.18,23.1,0,78.9,2.4,72.4,427,E20,U111,1,CZ,CZ0,CZ04,CZ042,Grassland without tree/shrub cover,Agriculture (excluding fallow land and kitchen gardens)
46363092,Yes,,,,,5.3,5.73,8.14,22.3,0,66.5,2.4,217.8,386,E20,U111,1,CZ,CZ0,CZ04,CZ042,Grassland without tree/shrub cover,Agriculture (excluding fallow land and kitchen gardens)
46543080,Yes,,,,,6.4,6.73,9.45,13.2,0,86.8,1.7,105.7,304,B11,U111,1,CZ,CZ0,CZ05,CZ051,Common wheat,Agriculture (excluding fallow land and kitchen gardens)
47682888,Yes,,,,,6.8,7.05,15.31,34.3,7,15.3,3.4,97.6,283,C10,U420,2,CZ,CZ0,CZ06,CZ064,Broadleaved woodland,Semi-natural and natural areas not in use
47642916,Yes,,,,,6.4,6.51,5.96,12.6,0,45.9,1.5,99.6,455,B13,U111,3,CZ,CZ0,CZ06,CZ063,Barley,Agriculture (excluding fallow land and kitchen gardens)
44982996,Yes,,,,,6.1,6.3,10.07,20.4,1,21.7,2.2,68.2,482,E20,U111,2,CZ,CZ0,CZ04,CZ041,Grassland without tree/shrub cover,Agriculture (excluding fallow land and kitchen gardens)
47642902,Yes,,,,,5.2,5.24,10.67,11.7,0,57.2,1.5,114.7,402,B11,U111,3,CZ,CZ0,CZ06,CZ063,Common wheat,Agriculture (excluding fallow land and kitchen gardens)
47762968,Yes,,,,,5.6,5.84,11.89,21.4,0,83.6,2.4,253.2,688,E20,U111,1,CZ,CZ0,CZ05,CZ053,Grassland without tree/shrub cover,Agriculture (excluding fallow land and kitchen gardens)
47722960,Yes,,,,,6,6.15,7.13,21.8,0,25.6,2.4,31,559,E20,U111,2,CZ,CZ0,CZ06,CZ063,Grassland without tree/shrub cover,Agriculture (excluding fallow land and kitchen gardens)
47822872,Yes,,,,,6,6.27,13.46,11.3,0,50.8,1.5,149.1,194,B43,U111,1,CZ,CZ0,CZ06,CZ064,Other fresh vegetables,Agriculture (excluding fallow land and kitchen gardens)
47542880,Yes,,,,,6.3,6.55,7.48,14.8,0,66.8,1.8,192.4,421,B11,U111,2,CZ,CZ0,CZ06,CZ064,Common wheat,Agriculture (excluding fallow land and kitchen gardens)
47702884,Yes,,,,,5.6,5.86,5.12,13.6,1,21.2,1.5,132.5,272,E10,U111,1,CZ,CZ0,CZ06,CZ064,Grassland with sparse tree/shrub cover,Agriculture (excluding fallow land and kitchen gardens)
46323072,Yes,,,,,5.2,5.51,9.28,29.9,1,52.5,3.1,270.3,358,E20,U111,1,CZ,CZ0,CZ05,CZ051,Grassland without tree/shrub cover,Agriculture (excluding fallow land and kitchen gardens)
48442996,Yes,,,,,5,5.41,5.6,24.7,0,31.9,3,70,601,E20,U111,1,CZ,CZ0,CZ08,CZ080,Grassland without tree/shrub cover,Agriculture (excluding fallow land and kitchen gardens)
45702964,Yes,,,,,5.2,5.51,12.18,35.4,0,32.8,3.8,37.1,378,E20,U111,1,CZ,CZ0,CZ03,CZ032,Grassland without tree/shrub cover,Agriculture (excluding fallow land and kitchen gardens)
46542882,Yes,,,,,4.8,5.19,7.25,21.8,0,51.8,2.6,169,539,E20,U111,2,CZ,CZ0,CZ03,CZ031,Grassland without tree/shrub cover,Agriculture (excluding fallow land and kitchen gardens)
46282852,Yes,,,,,4.6,5.27,5.46,20.5,0,32.1,2.3,153.7,783,E20,U111,1,CZ,CZ0,CZ03,CZ031,Grassland without tree/shrub cover,Agriculture (excluding fallow land and kitchen gardens)
48263006,Yes,,,,,5.2,5.57,4.5,12.4,0,7.7,1.6,53.9,451,C10,U420,1,CZ,CZ0,CZ07,CZ071,Broadleaved woodland,Semi-natural and natural areas not in use
48163008,Yes,,,,,5.4,5.73,10.3,28.7,0,30.8,3.6,231.6,391,E20,U111,1,CZ,CZ0,CZ07,CZ071,Grassland without tree/shrub cover,Agriculture (excluding fallow land and kitchen gardens)
48203004,Yes,,,,,6.8,7.02,8.28,15.7,0,38.6,2,99.1,281,B11,U111,1,CZ,CZ0,CZ07,CZ071,Common wheat,Agriculture (excluding fallow land and kitchen gardens)
47262900,Yes,,,,,5.9,6.24,6.72,11.8,0,43.9,1.5,79.8,524,B32,U111,1,CZ,CZ0,CZ03,CZ031,Rape and turnip rape,Agriculture (excluding fallow land and kitchen gardens)
46422892,Yes,,,,,6.1,6.36,7.15,18.8,0,34.7,2,114.6,394,B55,U111,1,CZ,CZ0,CZ03,CZ031,Temporary grassland,Agriculture (excluding fallow land and kitchen gardens)
47222906,Yes,,,,,4.9,5.43,4.48,15.9,0,25.2,1.9,62.9,540,B55,U111,1,CZ,CZ0,CZ06,CZ063,Temporary grassland,Agriculture (excluding fallow land and kitchen gardens)
48263018,Yes,,,,,4.9,5.3,6.96,28.5,0,28,3.3,34.5,494,E20,U111,1,CZ,CZ0,CZ07,CZ071,Grassland without tree/shrub cover,Agriculture (excluding fallow land and kitchen gardens)
45903028,Yes,,,,,6.9,6.94,19.08,23,4,17.5,2.7,165.3,356,B11,U111,2,CZ,CZ0,CZ04,CZ042,Common wheat,Agriculture (excluding fallow land and kitchen gardens)
45863040,Yes,,,,,7.2,7.56,17.73,24.3,37,25.2,2.8,371.9,231,B11,U111,1,CZ,CZ0,CZ04,CZ042,Common wheat,Agriculture (excluding fallow land and kitchen gardens)
45903046,Yes,,,,,7.3,7.53,15.98,32.1,11,44.8,3.2,565.1,373,B15,U111,1,CZ,CZ0,CZ04,CZ042,Oats,Agriculture (excluding fallow land and kitchen gardens)
45863044,Yes,,,,,7.3,7.49,18.33,27.7,63,13.7,2.6,646.5,328,E10,U420,2,CZ,CZ0,CZ04,CZ042,Grassland with sparse tree/shrub cover,Semi-natural and natural areas not in use
48223000,Yes,,,,,3.4,3.82,12.66,96,0,51.1,5.5,58.2,406,C31,U120,2,CZ,CZ0,CZ07,CZ071,Spruce dominated mixed woodland,FORESTRY
47242926,Yes,,,,,3.6,4.12,23.6,78.1,0,41.6,4.8,178.2,612,C21,U120,2,CZ,CZ0,CZ06,CZ063,Spruce dominated coniferous woodland,FORESTRY
47462934,Yes,,,,,3.6,4.08,13.14,59.2,1,67.7,4.9,251.7,601,C33,U120,1,CZ,CZ0,CZ06,CZ063,Other mixed woodland,FORESTRY
47662932,Yes,,,,,6.1,6.37,9.21,11.3,0,25.8,1.4,127.9,579,B16,U111,1,CZ,CZ0,CZ06,CZ063,Maize,Agriculture (excluding fallow land and kitchen gardens)
47662936,Yes,,,,,4.9,5.33,7.51,18.2,0,62,2.1,29.6,565,B32,U111,1,CZ,CZ0,CZ06,CZ063,Rape and turnip rape,Agriculture (excluding fallow land and kitchen gardens)
47822944,Yes,,,,,3.8,4.25,5.69,25.9,0,15.9,2,227.9,325,C32,U120,3,CZ,CZ0,CZ06,CZ064,Pine dominated mixed woodland,FORESTRY
47802940,Yes,,,,,5.2,5.65,7.59,16.4,0,42.4,2.2,190.7,497,E20,U111,1,CZ,CZ0,CZ06,CZ064,Grassland without tree/shrub cover,Agriculture (excluding fallow land and kitchen gardens)
47822926,Yes,,,,,4.8,5.17,7.34,31.2,0,15.1,2.9,133.8,370,C10,U120,3,CZ,CZ0,CZ06,CZ064,Broadleaved woodland,FORESTRY
46502878,Yes,,,,,5.2,5.7,7.45,24.9,0,21.9,3,80.8,406,E20,U361,1,CZ,CZ0,CZ03,CZ031,Grassland without tree/shrub cover,"Amenities, museum, leisure (e.g. parks, botanical gardens)"
47582914,Yes,,,,,3.5,3.98,8.55,41.1,0,56.9,3,29.3,478,C33,U120,1,CZ,CZ0,CZ06,CZ063,Other mixed woodland,FORESTRY
45783058,Yes,,,,,5.7,6.09,7.43,21.6,1,24.3,2.2,340,294,C10,U120,1,CZ,CZ0,CZ04,CZ042,Broadleaved woodland,FORESTRY
47262918,Yes,,,,,6.5,6.73,34.4,21.8,0,27.3,2.5,306.8,674,B11,U111,3,CZ,CZ0,CZ06,CZ063,Common wheat,Agriculture (excluding fallow land and kitchen gardens)
45382978,Yes,,,,,4.9,5.41,5.48,22.8,0,26.2,2.8,187,471,E20,U111,2,CZ,CZ0,CZ03,CZ032,Grassland without tree/shrub cover,Agriculture (excluding fallow land and kitchen gardens)
45282972,Yes,,,,,5.9,6.08,10.34,30.5,0,55.2,3.4,162.6,525,E20,U111,1,CZ,CZ0,CZ03,CZ032,Grassland without tree/shrub cover,Agriculture (excluding fallow land and kitchen gardens)
47542934,Yes,,,,,5.6,5.87,38.6,21.3,0,98.9,2.6,186.8,495,B16,U111,2,CZ,CZ0,CZ06,CZ063,Maize,Agriculture (excluding fallow land and kitchen gardens)
45002992,Yes,,,,,3.7,3.91,22.8,37.4,0,16.8,3.7,64.9,541,C10,U120,1,CZ,CZ0,CZ04,CZ041,Broadleaved woodland,FORESTRY
47722924,Yes,,,,,3.5,4.08,7.18,41.9,0,21.2,2.6,43.5,532,C21,U120,3,CZ,CZ0,CZ06,CZ063,Spruce dominated coniferous woodland,FORESTRY
46543084,Yes,,,,,5.1,5.46,5.95,17.9,0,40.5,2.1,92.1,325,E20,U111,1,CZ,CZ0,CZ05,CZ051,Grassland without tree/shrub cover,Agriculture (excluding fallow land and kitchen gardens)
48122942,Yes,,,,,3.5,3.82,8.15,35.2,0,20,2.1,56.3,504,C21,U120,1,CZ,CZ0,CZ06,CZ064,Spruce dominated coniferous woodland,FORESTRY
48382932,Yes,,,,,7.3,7.59,32.9,25.3,13,175.6,2.9,708.8,289,B16,U111,1,CZ,CZ0,CZ06,CZ064,Maize,Agriculture (excluding fallow land and kitchen gardens)
48583018,Yes,,,,,4,4.27,14.26,48.7,0,42.9,3.9,98,600,C10,U120,3,CZ,CZ0,CZ08,CZ080,Broadleaved woodland,FORESTRY
48623014,Yes,,,,,3.4,3.82,13.12,64.6,0,30.1,5.2,112.3,613,C31,U120,1,CZ,CZ0,CZ08,CZ080,Spruce dominated mixed woodland,FORESTRY
48723006,Yes,,,,,6.1,6.27,17.52,16.7,0,38.9,2.1,127.6,409,B13,U111,2,CZ,CZ0,CZ08,CZ080,Barley,Agriculture (excluding fallow land and kitchen gardens)
48823010,Yes,,,,,6.7,6.89,14.18,13.3,0,45.9,1.8,111.2,308,B11,U111,2,CZ,CZ0,CZ08,CZ080,Common wheat,Agriculture (excluding fallow land and kitchen gardens)
46003080,Yes,,,,,4.9,5.31,23.2,25.8,0,33.5,2.8,164.1,663,E20,U111,1,CZ,CZ0,CZ04,CZ042,Grassland without tree/shrub cover,Agriculture (excluding fallow land and kitchen gardens)
48483022,Yes,,,,,3.4,3.83,12.45,70,0,49.2,4.6,53.6,772,C31,U120,2,CZ,CZ0,CZ08,CZ080,Spruce dominated mixed woodland,FORESTRY
48442952,Yes,,,,,6.5,6.75,9.74,22.6,0,46.2,2.6,170.6,219,B11,U111,1,CZ,CZ0,CZ07,CZ071,Common wheat,Agriculture (excluding fallow land and kitchen gardens)
48182952,Yes,,,,,4.8,5.14,6.42,20.5,0,89.6,2.4,153.2,614,B11,U111,2,CZ,CZ0,CZ07,CZ071,Common wheat,Agriculture (excluding fallow land and kitchen gardens)
48202950,Yes,,,,,5.7,5.82,53.2,35.6,0,96,4,463,621,B32,U111,1,CZ,CZ0,CZ07,CZ071,Rape and turnip rape,Agriculture (excluding fallow land and kitchen gardens)
48282902,Yes,,,,,7.4,7.78,19.33,20,103,57,2.2,350.6,206,B32,U111,1,CZ,CZ0,CZ06,CZ064,Rape and turnip rape,Agriculture (excluding fallow land and kitchen gardens)
48222924,Yes,,,,,7.3,7.75,14.14,12.4,57,14.8,1.4,188.9,276,B13,U111,1,CZ,CZ0,CZ06,CZ064,Barley,Agriculture (excluding fallow land and kitchen gardens)
48302910,Yes,,,,,4,4.57,4.24,11.6,0,7.8,1.3,77,364,C10,U120,1,CZ,CZ0,CZ06,CZ064,Broadleaved woodland,FORESTRY
48122896,Yes,,,,,7.3,7.78,17.25,21.7,65,25.5,2.6,258.2,290,B51,U111,1,CZ,CZ0,CZ06,CZ064,Clovers,Agriculture (excluding fallow land and kitchen gardens)
48483018,Yes,,,,,5.8,5.93,7.01,31.5,0,30.2,3.6,109.3,67,E20,U111,3,CZ,CZ0,CZ08,CZ080,Grassland without tree/shrub cover,Agriculture (excluding fallow land and kitchen gardens)
48722938,Yes,,,,,6.3,6.5,16.03,9.7,0,44.9,1.5,143.6,241,B22,U111,1,CZ,CZ0,CZ07,CZ072,Sugar beet,Agriculture (excluding fallow land and kitchen gardens)
45923006,Yes,,,,,3.3,3.51,20.9,55.3,0,18.7,2.7,68.8,442,C21,U120,1,CZ,CZ0,CZ02,CZ020,Spruce dominated coniferous woodland,FORESTRY
45903010,Yes,,,,,5.2,5.59,17.88,15.4,0,45.7,1.7,175.4,381,E30,U112,2,CZ,CZ0,CZ02,CZ020,Spontaneously re-vegetated surfaces,Fallow land
45923018,Yes,,,,,3.2,3.65,8.54,38.3,0,25.6,2.2,72,521,C23,U120,1,CZ,CZ0,CZ02,CZ020,Other coniferous woodland,FORESTRY
45723028,Yes,,,,,7.1,7.39,11.62,19.9,4,47.5,2.1,301.8,278,B11,U111,1,CZ,CZ0,CZ04,CZ042,Common wheat,Agriculture (excluding fallow land and kitchen gardens)
48702966,Yes,,,,,6,6.22,14.01,18.8,0,58.4,2.1,163.2,286,B11,U111,1,CZ,CZ0,CZ07,CZ071,Common wheat,Agriculture (excluding fallow land and kitchen gardens)
48662964,Yes,,,,,6.5,6.69,8.54,15.9,0,84.6,2,325.2,274,B11,U111,1,CZ,CZ0,CZ07,CZ071,Common wheat,Agriculture (excluding fallow land and kitchen gardens)
48462938,Yes,,,,,7.3,7.62,17.86,20,3,83.8,2.3,357.3,231,B11,U111,1,CZ,CZ0,CZ07,CZ071,Common wheat,Agriculture (excluding fallow land and kitchen gardens)
48722956,Yes,,,,,6.1,6.33,5.46,9.5,0,27.2,1.4,137.8,269,B11,U111,1,CZ,CZ0,CZ07,CZ071,Common wheat,Agriculture (excluding fallow land and kitchen gardens)
48362956,Yes,,,,,7.2,7.48,13.83,22.6,12,72.6,2.8,244.1,218,B13,U111,1,CZ,CZ0,CZ07,CZ071,Barley,Agriculture (excluding fallow land and kitchen gardens)
48862944,Yes,,,,,3.4,3.94,10.13,29.4,0,25.9,2,44.9,478,C31,U120,1,CZ,CZ0,CZ07,CZ072,Spruce dominated mixed woodland,FORESTRY
48703044,Yes,,,,,6.9,7.14,16.92,12.5,0,36.4,1.8,74.6,257,B11,U111,1,CZ,CZ0,CZ08,CZ080,Common wheat,Agriculture (excluding fallow land and kitchen gardens)
48662942,Yes,,,,,6.3,6.58,7.36,19.1,0,60.7,2.3,156.3,213,B13,U111,1,CZ,CZ0,CZ07,CZ072,Barley,Agriculture (excluding fallow land and kitchen gardens)
48582946,Yes,,,,,6.1,6.28,14.46,13.6,0,39.1,1.8,96.1,201,B14,U111,1,CZ,CZ0,CZ07,CZ072,Rye,Agriculture (excluding fallow land and kitchen gardens)
48522958,Yes,,,,,6.3,6.55,11.88,12.4,0,67.5,1.5,272.2,213,B35,U111,2,CZ,CZ0,CZ07,CZ071,Other fibre and oleaginous crops,Agriculture (excluding fallow land and kitchen gardens)
48482928,Yes,,,,,4.9,5.26,10.15,12.2,0,30.9,1.6,202.7,386,B14,U111,1,CZ,CZ0,CZ07,CZ072,Rye,Agriculture (excluding fallow land and kitchen gardens)
48622960,Yes,,,,,7.3,7.74,12.33,17.2,23,22.4,1.2,129.5,241,D10,U420,1,CZ,CZ0,CZ07,CZ071,Shrubland with sparse tree cover,Semi-natural and natural areas not in use
45202942,Yes,,,,,5.6,5.97,17.73,15.3,1,44.6,1.9,152.9,495,B16,U111,1,CZ,CZ0,CZ03,CZ032,Maize,Agriculture (excluding fallow land and kitchen gardens)
48182884,Yes,,,,,7.4,7.82,13.84,20.4,27,45.3,2,552.1,230,B82,U111,1,CZ,CZ0,CZ06,CZ064,Vineyards,Agriculture (excluding fallow land and kitchen gardens)
45522960,Yes,,,,,6.3,6.48,19.36,20.1,0,24.1,2.1,163.2,340,E30,U112,2,CZ,CZ0,CZ03,CZ032,Spontaneously re-vegetated surfaces,Fallow land
45502954,Yes,,,,,4.9,5.37,9.6,18.5,0,29.9,1.7,224.3,378,B11,U111,1,CZ,CZ0,CZ03,CZ032,Common wheat,Agriculture (excluding fallow land and kitchen gardens)
45562960,Yes,,,,,3.4,3.8,5.27,20.1,0,30,1.1,46.1,344,C23,U120,1,CZ,CZ0,CZ03,CZ032,Other coniferous woodland,FORESTRY
48802924,Yes,,,,,4.5,4.96,11.95,23.2,0,17.3,2.4,93,405,C21,U120,1,CZ,CZ0,CZ07,CZ072,Spruce dominated coniferous woodland,FORESTRY
45382960,Yes,,,,,5.8,6.01,9.45,20.3,0,27.8,2.5,217.1,453,B11,U111,1,CZ,CZ0,CZ03,CZ032,Common wheat,Agriculture (excluding fallow land and kitchen gardens)
45982980,Yes,,,,,6.7,6.79,16.24,24.9,1,47.2,2.8,327,398,B32,U111,3,CZ,CZ0,CZ02,CZ020,Rape and turnip rape,Agriculture (excluding fallow land and kitchen gardens)
45242946,Yes,,,,,6.7,6.95,22.4,16.1,1,54.2,2,271.1,488,B16,U111,1,CZ,CZ0,CZ03,CZ032,Maize,Agriculture (excluding fallow land and kitchen gardens)
45902992,Yes,,,,,4.6,5.11,5.63,19.5,0,67.2,2.4,157.8,389,B13,U111,3,CZ,CZ0,CZ02,CZ020,Barley,Agriculture (excluding fallow land and kitchen gardens)
45202934,Yes,,,,,4.1,4.55,11.49,41,1,26.3,3.8,120.1,554,C31,U120,2,CZ,CZ0,CZ03,CZ032,Spruce dominated mixed woodland,FORESTRY
45422942,Yes,,,,,6.7,6.94,16.05,16.5,1,49.8,2,195.1,373,B11,U111,1,CZ,CZ0,CZ03,CZ032,Common wheat,Agriculture (excluding fallow land and kitchen gardens)
45382946,Yes,,,,,4.5,4.85,9.32,28.3,0,43.8,3,133.8,420,B55,U111,3,CZ,CZ0,CZ03,CZ032,Temporary grassland,Agriculture (excluding fallow land and kitchen gardens)
45562946,Yes,,,,,6,6.19,8.01,14,0,31.1,1.7,170.2,404,B11,U111,1,CZ,CZ0,CZ03,CZ032,Common wheat,Agriculture (excluding fallow land and kitchen gardens)
45482938,Yes,,,,,5.9,6.14,7.3,13,0,34.9,1.5,105.5,439,B32,U111,1,CZ,CZ0,CZ03,CZ032,Rape and turnip rape,Agriculture (excluding fallow land and kitchen gardens)
45502932,Yes,,,,,5.7,5.87,6.62,28.5,0,13.2,3.5,46.4,507,E20,U111,1,CZ,CZ0,CZ03,CZ032,Grassland without tree/shrub cover,Agriculture (excluding fallow land and kitchen gardens)
45142936,Yes,,,,,4.5,5.05,5.43,20.9,0,26.2,2.3,61.8,561,E20,U111,1,CZ,CZ0,CZ03,CZ032,Grassland without tree/shrub cover,Agriculture (excluding fallow land and kitchen gardens)
48602926,Yes,,,,,3.6,4.1,5.61,15.3,0,37.1,1.6,87.1,372,C10,U120,1,CZ,CZ0,CZ07,CZ072,Broadleaved woodland,FORESTRY
45543016,Yes,,,,,6.1,6.23,22,81.1,1,151.4,7.5,790.6,511,E20,U111,1,CZ,CZ0,CZ04,CZ042,Grassland without tree/shrub cover,Agriculture (excluding fallow land and kitchen gardens)
48242890,Yes,,,,,7.3,7.73,17.19,28.2,43,68.6,2.6,535.4,228,B11,U111,1,CZ,CZ0,CZ06,CZ064,Common wheat,Agriculture (excluding fallow land and kitchen gardens)
48282884,Yes,,,,,7.2,7.71,15.26,23.8,80,12.9,1.7,213.2,198,B75,U113,1,CZ,CZ0,CZ06,CZ064,Other fruit trees and berries,Kitchen gardens
48342894,Yes,,,,,7.2,7.62,13.23,20.8,54,60,1.9,227.6,197,B11,U111,1,CZ,CZ0,CZ06,CZ064,Common wheat,Agriculture (excluding fallow land and kitchen gardens)
48442898,Yes,,,,,5.9,6.14,14.88,9.2,0,64.5,1.3,156.7,190,B16,U111,1,CZ,CZ0,CZ06,CZ064,Maize,Agriculture (excluding fallow land and kitchen gardens)
48922936,Yes,,,,,4.3,4.67,7.45,36.7,0,11.9,2.9,126.1,468,C32,U120,1,CZ,CZ0,CZ07,CZ072,Pine dominated mixed woodland,FORESTRY
48302874,Yes,,,,,7.5,7.9,17.8,13.7,34,35,1.3,224.5,156,B16,U111,1,CZ,CZ0,CZ06,CZ064,Maize,Agriculture (excluding fallow land and kitchen gardens)
48942910,Yes,,,,,3.9,4.44,5.52,19,0,9.5,1.9,115.5,458,C32,U120,1,CZ,CZ0,CZ07,CZ072,Pine dominated mixed woodland,FORESTRY
48342900,Yes,,,,,7.4,8.06,11.76,14.1,170,26.8,1.2,211.8,294,B82,U111,1,CZ,CZ0,CZ06,CZ064,Vineyards,Agriculture (excluding fallow land and kitchen gardens)
48842910,Yes,,,,,3.9,4.44,5.57,18.9,0,6.2,1.8,161.5,316,C10,U120,1,CZ,CZ0,CZ07,CZ072,Broadleaved woodland,FORESTRY
48742900,Yes,,,,,6.6,6.71,30.3,37.6,4,36.2,3.9,493.3,346,B11,U111,1,CZ,CZ0,CZ07,CZ072,Common wheat,Agriculture (excluding fallow land and kitchen gardens)
48722916,Yes,,,,,6.7,6.93,13.16,10.9,0,33.3,1.5,384.9,200,B35,U111,1,CZ,CZ0,CZ07,CZ072,Other fibre and oleaginous crops,Agriculture (excluding fallow land and kitchen gardens)
48662892,Yes,,,,,6.4,6.36,17.15,26.2,1,38.7,2.9,152.4,224,B32,U111,1,CZ,CZ0,CZ06,CZ064,Rape and turnip rape,Agriculture (excluding fallow land and kitchen gardens)
45742960,Yes,,,,,3.5,4,10.47,61.8,1,41.4,3.9,82.6,387,C21,U120,1,CZ,CZ0,CZ03,CZ032,Spruce dominated coniferous woodland,FORESTRY
45782960,Yes,,,,,4.8,5.14,19.69,20.2,1,70.5,2.6,268.7,515,B13,U111,1,CZ,CZ0,CZ03,CZ032,Barley,Agriculture (excluding fallow land and kitchen gardens)
48562914,Yes,,,,,5.8,6.05,9.31,22.2,0,50.1,2.5,384.8,356,B53,U111,1,CZ,CZ0,CZ07,CZ072,Other Leguminous  and mixtures for fodder,Agriculture (excluding fallow land and kitchen gardens)
47123008,Yes,,,,,5.4,5.6,11.63,25,0,22,2.7,148.8,206,C10,U420,1,CZ,CZ0,CZ05,CZ053,Broadleaved woodland,Semi-natural and natural areas not in use
46783032,Yes,,,,,5.6,5.88,5.84,9.5,0,78.2,1.1,160.1,250,B14,U111,1,CZ,CZ0,CZ02,CZ020,Rye,Agriculture (excluding fallow land and kitchen gardens)
46803028,Yes,,,,,6.8,6.93,8.24,9.7,0,50.4,1.2,207.5,210,B13,U111,1,CZ,CZ0,CZ02,CZ020,Barley,Agriculture (excluding fallow land and kitchen gardens)
47083012,Yes,,,,,6.9,7.19,12.87,24.3,31,55.4,2.4,73.9,247,E20,U111,1,CZ,CZ0,CZ02,CZ020,Grassland without tree/shrub cover,Agriculture (excluding fallow land and kitchen gardens)
46923016,Yes,,,,,5.9,6.19,5.81,10.9,0,78.2,1.3,148.4,185,B11,U111,1,CZ,CZ0,CZ02,CZ020,Common wheat,Agriculture (excluding fallow land and kitchen gardens)
47023028,Yes,,,,,5.8,6.09,11.01,28.1,0,68.9,3,348.4,230,B11,U111,1,CZ,CZ0,CZ02,CZ020,Common wheat,Agriculture (excluding fallow land and kitchen gardens)
47143018,Yes,,,,,7,7.14,13.46,16.1,3,43.2,1.8,193.9,233,B52,U111,1,CZ,CZ0,CZ05,CZ052,Lucerne,Agriculture (excluding fallow land and kitchen gardens)
47022992,Yes,,,,,6.2,6.37,11.11,14.6,0,40.3,1.8,267.5,275,B32,U111,1,CZ,CZ0,CZ02,CZ020,Rape and turnip rape,Agriculture (excluding fallow land and kitchen gardens)
47243016,Yes,,,,,6.7,6.81,12.19,16.3,0,37.2,2.2,318.2,250,B32,U111,1,CZ,CZ0,CZ05,CZ053,Rape and turnip rape,Agriculture (excluding fallow land and kitchen gardens)
47042978,Yes,,,,,6,6.14,8.77,22.4,0,12.7,2.5,92.5,496,E20,U111,1,CZ,CZ0,CZ02,CZ020,Grassland without tree/shrub cover,Agriculture (excluding fallow land and kitchen gardens)
47103034,Yes,,,,,6.4,6.56,11.41,17.8,0,48,2,252.9,250,B43,U111,1,CZ,CZ0,CZ05,CZ052,Other fresh vegetables,Agriculture (excluding fallow land and kitchen gardens)
47263030,Yes,,,,,6.6,6.73,7.99,15.3,0,31.4,1.9,95.7,260,B11,U111,2,CZ,CZ0,CZ05,CZ052,Common wheat,Agriculture (excluding fallow land and kitchen gardens)
47043068,Yes,,,,,5.6,5.69,22,27.4,0,68.5,3.2,292.4,545,B13,U111,1,CZ,CZ0,CZ05,CZ051,Barley,Agriculture (excluding fallow land and kitchen gardens)
47163064,Yes,,,,,6,6.16,10.89,16,0,19.8,2,71.7,434,E20,U111,1,CZ,CZ0,CZ05,CZ051,Grassland without tree/shrub cover,Agriculture (excluding fallow land and kitchen gardens)
46983034,Yes,,,,,7.4,7.69,30.6,31,58,44.2,3.5,546.4,223,B31,U111,1,CZ,CZ0,CZ05,CZ052,Sunflower,Agriculture (excluding fallow land and kitchen gardens)
45842998,Yes,,,,,6.5,6.67,18.81,13.7,1,31.4,1.6,75.5,460,B16,U111,3,CZ,CZ0,CZ02,CZ020,Maize,Agriculture (excluding fallow land and kitchen gardens)
47223018,Yes,,,,,4.5,4.91,5.11,16.1,0,21,1.7,104,273,E10,U410,1,CZ,CZ0,CZ05,CZ053,Grassland with sparse tree/shrub cover,Abandoned areas
46962960,Yes,,,,,5,5.33,13.3,16.4,0,39.8,2,357.2,529,B23,U111,2,CZ,CZ0,CZ02,CZ020,Other root crops,Agriculture (excluding fallow land and kitchen gardens)
48122928,Yes,,,,,3.9,4.27,7.53,23.8,0,20.1,1.8,70.1,466,C31,U120,1,CZ,CZ0,CZ06,CZ064,Spruce dominated mixed woodland,FORESTRY
47322960,Yes,,,,,5.4,5.65,18.81,14.1,0,56.8,1.8,318.9,494,B16,U111,1,CZ,CZ0,CZ06,CZ063,Maize,Agriculture (excluding fallow land and kitchen gardens)
47142960,Yes,,,,,4.8,4.96,8.86,23,0,27.2,2.5,102.9,465,E20,U111,1,CZ,CZ0,CZ06,CZ063,Grassland without tree/shrub cover,Agriculture (excluding fallow land and kitchen gardens)
47122986,Yes,,,,,7.1,7.37,14.18,12.8,0,71.5,1.6,190.8,323,B11,U111,1,CZ,CZ0,CZ02,CZ020,Common wheat,Agriculture (excluding fallow land and kitchen gardens)
47202974,Yes,,,,,3.5,3.86,9.26,54,0,26.6,2.7,49.2,503,C23,U120,1,CZ,CZ0,CZ06,CZ063,Other coniferous woodland,FORESTRY
47063052,Yes,,,,,6.5,6.67,7.91,18,0,39.5,2.1,313.1,297,B11,U111,1,CZ,CZ0,CZ05,CZ052,Common wheat,Agriculture (excluding fallow land and kitchen gardens)
47282974,Yes,,,,,5.8,5.99,8.01,19,0,20.1,2.2,138.6,449,B13,U111,1,CZ,CZ0,CZ06,CZ063,Barley,Agriculture (excluding fallow land and kitchen gardens)
47362978,Yes,,,,,5.5,5.78,9.12,24.4,0,22,2.6,153.9,615,B32,U111,1,CZ,CZ0,CZ06,CZ063,Rape and turnip rape,Agriculture (excluding fallow land and kitchen gardens)
46902994,Yes,,,,,6.7,6.8,10.03,14.4,0,43.1,1.9,99.8,365,B32,U111,1,CZ,CZ0,CZ02,CZ020,Rape and turnip rape,Agriculture (excluding fallow land and kitchen gardens)
46902972,Yes,,,,,5.6,5.81,10.26,12.8,0,31.2,1.7,132.6,403,B11,U111,1,CZ,CZ0,CZ02,CZ020,Common wheat,Agriculture (excluding fallow land and kitchen gardens)
46802974,Yes,,,,,5.5,5.85,5.94,13,0,36.3,1.5,124.7,415,B13,U111,1,CZ,CZ0,CZ02,CZ020,Barley,Agriculture (excluding fallow land and kitchen gardens)
46982984,Yes,,,,,4.3,4.72,8.83,16,0,11.2,1.7,42.6,416,C10,U120,1,CZ,CZ0,CZ02,CZ020,Broadleaved woodland,FORESTRY
47182946,Yes,,,,,5.4,5.65,10.39,22.3,0,41.3,2.4,164.3,624,E30,U420,1,CZ,CZ0,CZ06,CZ063,Spontaneously re-vegetated surfaces,Semi-natural and natural areas not in use
45302988,Yes,,,,,6.1,6.18,11.19,33.8,0,60.5,3.5,85.7,682,E20,U111,1,CZ,CZ0,CZ04,CZ041,Grassland without tree/shrub cover,Agriculture (excluding fallow land and kitchen gardens)
46943044,Yes,,,,,6.4,6.57,22.2,14,0,67.7,1.8,241.2,315,B22,U111,1,CZ,CZ0,CZ05,CZ052,Sugar beet,Agriculture (excluding fallow land and kitchen gardens)
48263050,Yes,,,,,4.5,4.81,17.07,18,0,85.3,2,183.8,342,B32,U111,1,CZ,CZ0,CZ07,CZ071,Rape and turnip rape,Agriculture (excluding fallow land and kitchen gardens)
48263042,Yes,,,,,4.7,5.07,8.32,57.9,0,20.4,4.7,90.3,504,C10,U120,2,CZ,CZ0,CZ07,CZ071,Broadleaved woodland,FORESTRY
45182998,Yes,,,,,5.2,5.49,29.2,48.1,0,28.5,5.1,86.7,780,E20,U111,1,CZ,CZ0,CZ04,CZ041,Grassland without tree/shrub cover,Agriculture (excluding fallow land and kitchen gardens)
45282994,Yes,,,,,5.1,5.47,13,57.7,0,65.6,4.6,274.8,682,E30,U112,1,CZ,CZ0,CZ04,CZ041,Spontaneously re-vegetated surfaces,Fallow land
45462994,Yes,,,,,6.9,7.07,9.46,22.5,4,26.6,3,59.1,544,B11,U111,2,CZ,CZ0,CZ03,CZ032,Common wheat,Agriculture (excluding fallow land and kitchen gardens)
45023006,Yes,,,,,3.4,3.84,13.92,215.7,0,105.7,9,54.8,528,C31,U120,1,CZ,CZ0,CZ04,CZ041,Spruce dominated mixed woodland,FORESTRY
45322990,Yes,,,,,4.6,4.94,6.81,37.9,0,26.9,4,88.7,644,E20,U111,1,CZ,CZ0,CZ04,CZ041,Grassland without tree/shrub cover,Agriculture (excluding fallow land and kitchen gardens)
45143008,Yes,,,,,4.9,5.24,12.79,36.7,0,56.2,4.1,290,642,E20,U111,1,CZ,CZ0,CZ04,CZ041,Grassland without tree/shrub cover,Agriculture (excluding fallow land and kitchen gardens)
45603000,Yes,,,,,3,3.51,14.64,141.2,0,59.4,5.9,73.1,582,C21,U120,1,CZ,CZ0,CZ03,CZ032,Spruce dominated coniferous woodland,FORESTRY
45602996,Yes,,,,,5.8,5.88,8.63,24.5,0,35.7,2.8,106.8,533,B32,U111,1,CZ,CZ0,CZ03,CZ032,Rape and turnip rape,Agriculture (excluding fallow land and kitchen gardens)
45663010,Yes,,,,,4.9,5.07,40.3,15.6,0,63.3,2.1,201.9,381,B16,U111,1,CZ,CZ0,CZ04,CZ042,Maize,Agriculture (excluding fallow land and kitchen gardens)
45683008,Yes,,,,,6.9,7.12,14.65,31.1,4,112.5,3.4,470,376,B32,U111,1,CZ,CZ0,CZ04,CZ042,Rape and turnip rape,Agriculture (excluding fallow land and kitchen gardens)
45603022,Yes,,,,,6.4,6.56,14.92,33.7,1,67.8,3,540.6,305,B11,U111,1,CZ,CZ0,CZ04,CZ042,Common wheat,Agriculture (excluding fallow land and kitchen gardens)
45702942,Yes,,,,,4.9,5.26,5.63,18.5,3,40.1,2.4,55.5,521,E20,U111,1,CZ,CZ0,CZ03,CZ032,Grassland without tree/shrub cover,Agriculture (excluding fallow land and kitchen gardens)
45423000,Yes,,,,,3.7,4.07,7.75,26.5,0,21.1,2,48.7,608,C21,U120,1,CZ,CZ0,CZ04,CZ041,Spruce dominated coniferous woodland,FORESTRY
47223072,Yes,,,,,6.3,6.46,9.56,17.9,0,43.2,2.2,169,497,B51,U111,1,CZ,CZ0,CZ05,CZ052,Clovers,Agriculture (excluding fallow land and kitchen gardens)
46843046,Yes,,,,,5.9,5.99,16.81,51.5,0,35.4,5.1,266.9,251,E20,U111,1,CZ,CZ0,CZ02,CZ020,Grassland without tree/shrub cover,Agriculture (excluding fallow land and kitchen gardens)
46903074,Yes,,,,,4.9,5.2,6.56,35.7,0,34.2,3.7,79.1,442,E20,U111,1,CZ,CZ0,CZ05,CZ051,Grassland without tree/shrub cover,Agriculture (excluding fallow land and kitchen gardens)
46442992,Yes,,,,,6.1,6.29,6.33,9.7,0,27.2,1.4,231.6,355,B41,U111,1,CZ,CZ0,CZ02,CZ020,Dry pulses,Agriculture (excluding fallow land and kitchen gardens)
46083010,Yes,,,,,6.3,6.42,9.38,18.2,0,61.6,1.8,177.3,388,B11,U111,1,CZ,CZ0,CZ02,CZ020,Common wheat,Agriculture (excluding fallow land and kitchen gardens)
46183002,Yes,,,,,5.7,5.88,9.34,20.3,0,25,2.3,253.1,410,B11,U111,1,CZ,CZ0,CZ02,CZ020,Common wheat,Agriculture (excluding fallow land and kitchen gardens)
46262992,Yes,,,,,5.2,5.47,6.56,35.8,0,9.1,3,137.8,373,C10,U120,2,CZ,CZ0,CZ02,CZ020,Broadleaved woodland,FORESTRY
48123032,Yes,,,,,3.1,3.66,8.54,49.5,0,79.5,3,35.5,845,C21,U120,2,CZ,CZ0,CZ07,CZ071,Spruce dominated coniferous woodland,FORESTRY
46602982,Yes,,,,,5,5.33,7.7,13.2,0,38.8,1.8,60.6,348,B11,U111,1,CZ,CZ0,CZ02,CZ020,Common wheat,Agriculture (excluding fallow land and kitchen gardens)
45783000,Yes,,,,,5.6,5.74,11.67,18.5,0,30.9,2.1,263.9,518,B32,U111,1,CZ,CZ0,CZ02,CZ020,Rape and turnip rape,Agriculture (excluding fallow land and kitchen gardens)
46823014,Yes,,,,,5.4,5.77,8.17,10.5,0,41.3,1.3,104.5,185,B11,U111,1,CZ,CZ0,CZ02,CZ020,Common wheat,Agriculture (excluding fallow land and kitchen gardens)
46742980,Yes,,,,,4.7,5.01,6.52,20.8,0,42.6,2.5,96.8,402,E20,U111,1,CZ,CZ0,CZ02,CZ020,Grassland without tree/shrub cover,Agriculture (excluding fallow land and kitchen gardens)
46762986,Yes,,,,,6.3,6.45,7.25,13.2,0,73,1.6,91.4,385,B11,U111,1,CZ,CZ0,CZ02,CZ020,Common wheat,Agriculture (excluding fallow land and kitchen gardens)
45463044,Yes,,,,,4.1,4.4,26.5,37.2,0,68.3,3.8,145,821,E20,U111,4,CZ,CZ0,CZ04,CZ042,Grassland without tree/shrub cover,Agriculture (excluding fallow land and kitchen gardens)
45243040,Yes,,,,,3.1,3.73,15.34,201.1,0,51.7,10.1,75,829,C21,U120,1,CZ,CZ0,CZ04,CZ041,Spruce dominated coniferous woodland,FORESTRY
45243004,Yes,,,,,5.1,5.43,6.87,25.9,0,81.3,3,150.2,643,E20,U111,1,CZ,CZ0,CZ04,CZ041,Grassland without tree/shrub cover,Agriculture (excluding fallow land and kitchen gardens)
46342980,Yes,,,,,5.2,5.5,6.28,15.2,0,24.1,2,137.3,356,B14,U111,1,CZ,CZ0,CZ02,CZ020,Rye,Agriculture (excluding fallow land and kitchen gardens)
46242946,Yes,,,,,5.9,6.03,8.24,16.6,0,29.2,1.9,75.5,408,E30,U111,1,CZ,CZ0,CZ02,CZ020,Spontaneously re-vegetated surfaces,Agriculture (excluding fallow land and kitchen gardens)
46102952,Yes,,,,,4.5,4.95,7.94,25.1,0,31.9,2.7,81.3,501,E20,U111,1,CZ,CZ0,CZ02,CZ020,Grassland without tree/shrub cover,Agriculture (excluding fallow land and kitchen gardens)
46162926,Yes,,,,,5.2,5.34,83.7,46,0,33,4.8,123,479,C10,U420,1,CZ,CZ0,CZ03,CZ031,Broadleaved woodland,Semi-natural and natural areas not in use
46142928,Yes,,,,,4.5,4.89,10.31,22.7,0,22.3,2.5,78.9,493,E20,U111,1,CZ,CZ0,CZ03,CZ031,Grassland without tree/shrub cover,Agriculture (excluding fallow land and kitchen gardens)
46202938,Yes,,,,,6.3,6.46,10.96,25.2,0,69.2,2.8,217.1,440,B11,U111,1,CZ,CZ0,CZ03,CZ031,Common wheat,Agriculture (excluding fallow land and kitchen gardens)
46082944,Yes,,,,,5.5,5.83,5.97,15.8,0,49.4,1.9,111.5,483,B11,U111,1,CZ,CZ0,CZ02,CZ020,Common wheat,Agriculture (excluding fallow land and kitchen gardens)
45822958,Yes,,,,,4.3,4.63,14.43,22.2,0,25.3,2.4,96,493,C10,U120,1,CZ,CZ0,CZ03,CZ032,Broadleaved woodland,FORESTRY
46562938,Yes,,,,,5.4,5.77,3.87,9.5,0,35.8,1.3,62.6,504,B15,U111,1,CZ,CZ0,CZ03,CZ031,Oats,Agriculture (excluding fallow land and kitchen gardens)
46502968,Yes,,,,,4.7,5.37,3.97,8.6,0,58,1.2,73.9,443,E20,U111,1,CZ,CZ0,CZ02,CZ020,Grassland without tree/shrub cover,Agriculture (excluding fallow land and kitchen gardens)
46142982,Yes,,,,,7.1,7.43,24.6,54.5,8,296.6,6.8,1663.7,393,B11,U111,2,CZ,CZ0,CZ02,CZ020,Common wheat,Agriculture (excluding fallow land and kitchen gardens)
46242942,Yes,,,,,3.9,4.27,17.17,25.7,0,75.3,2.1,73.7,398,C21,U120,1,CZ,CZ0,CZ03,CZ031,Spruce dominated coniferous woodland,FORESTRY
46322946,Yes,,,,,5.4,5.75,8.29,27.6,0,75.9,3,386.3,495,E20,U111,1,CZ,CZ0,CZ03,CZ031,Grassland without tree/shrub cover,Agriculture (excluding fallow land and kitchen gardens)
46422942,Yes,,,,,5.1,5.6,4.98,18.1,0,75.2,2.1,179.9,592,B13,U111,1,CZ,CZ0,CZ03,CZ031,Barley,Agriculture (excluding fallow land and kitchen gardens)
46382944,Yes,,,,,6,6.16,25.8,23.7,0,86.9,2.9,219.6,577,B16,U111,1,CZ,CZ0,CZ03,CZ031,Maize,Agriculture (excluding fallow land and kitchen gardens)
46462946,Yes,,,,,5.3,5.54,7.73,27.7,0,78.2,3.1,102.6,668,E20,U111,1,CZ,CZ0,CZ03,CZ031,Grassland without tree/shrub cover,Agriculture (excluding fallow land and kitchen gardens)
46442920,Yes,,,,,5.4,5.7,6.88,13.6,0,17,1.7,152.8,418,B13,U111,1,CZ,CZ0,CZ03,CZ031,Barley,Agriculture (excluding fallow land and kitchen gardens)
46462970,Yes,,,,,6.2,6.38,14.09,12.4,1,23.3,1.6,90.1,405,B32,U111,1,CZ,CZ0,CZ02,CZ020,Rape and turnip rape,Agriculture (excluding fallow land and kitchen gardens)
46102910,Yes,,,,,5,5.39,5.63,15.5,0,35.4,1.9,134.4,450,B11,U111,2,CZ,CZ0,CZ03,CZ031,Common wheat,Agriculture (excluding fallow land and kitchen gardens)
45462930,Yes,,,,,6.3,6.46,9.18,19.6,0,33.5,2.3,220.1,497,B11,U111,2,CZ,CZ0,CZ03,CZ032,Common wheat,Agriculture (excluding fallow land and kitchen gardens)
46642928,Yes,,,,,5.2,5.51,4.46,11.1,0,41.5,1.4,159.6,433,E10,U111,1,CZ,CZ0,CZ03,CZ031,Grassland with sparse tree/shrub cover,Agriculture (excluding fallow land and kitchen gardens)
46602942,Yes,,,,,6.5,6.65,18.09,39,0,57.4,2.9,269.7,509,E20,U312,1,CZ,CZ0,CZ03,CZ031,Grassland without tree/shrub cover,Road transport
46542954,Yes,,,,,5,5.33,7.86,24.8,0,81.1,2.8,362.9,565,B11,U111,1,CZ,CZ0,CZ02,CZ020,Common wheat,Agriculture (excluding fallow land and kitchen gardens)
46602964,Yes,,,,,4.6,4.87,15.17,17.7,0,72.5,2.1,256.9,535,B13,U111,2,CZ,CZ0,CZ02,CZ020,Barley,Agriculture (excluding fallow land and kitchen gardens)
46702944,Yes,,,,,4.4,4.75,16.94,24.5,0,38.9,3.1,221.4,479,B11,U111,1,CZ,CZ0,CZ03,CZ031,Common wheat,Agriculture (excluding fallow land and kitchen gardens)
46022934,Yes,,,,,3.7,4.06,6.91,26.4,0,22.5,1.7,35.8,473,C31,U120,2,CZ,CZ0,CZ03,CZ031,Spruce dominated mixed woodland,FORESTRY
46122902,Yes,,,,,6,6.16,19.68,24.1,0,55.5,2.7,148.4,573,B16,U111,2,CZ,CZ0,CZ03,CZ031,Maize,Agriculture (excluding fallow land and kitchen gardens)
45982944,Yes,,,,,6.2,6.44,8.49,15.2,0,33.7,2,61.5,569,B11,U111,2,CZ,CZ0,CZ02,CZ020,Common wheat,Agriculture (excluding fallow land and kitchen gardens)
46162908,Yes,,,,,5.7,5.95,5.94,12.9,0,19.4,1.7,76.9,480,B11,U111,1,CZ,CZ0,CZ03,CZ031,Common wheat,Agriculture (excluding fallow land and kitchen gardens)
46422928,Yes,,,,,3.4,3.83,6.43,26.9,0,22.6,1.6,33,448,C22,U120,1,CZ,CZ0,CZ03,CZ031,Pine dominated coniferous woodland,FORESTRY
46342926,Yes,,,,,5.3,5.61,5.94,17.2,0,59.6,2,109.9,480,E20,U111,1,CZ,CZ0,CZ03,CZ031,Grassland without tree/shrub cover,Agriculture (excluding fallow land and kitchen gardens)
46402932,Yes,,,,,4.8,5.2,6.27,21.8,0,21.5,2.6,133.7,455,E20,U111,4,CZ,CZ0,CZ03,CZ031,Grassland without tree/shrub cover,Agriculture (excluding fallow land and kitchen gardens)
47102944,Yes,,,,,4.2,4.67,9.41,12.3,0,64.6,1.6,112.3,591,E20,U111,1,CZ,CZ0,CZ06,CZ063,Grassland without tree/shrub cover,Agriculture (excluding fallow land and kitchen gardens)
46062978,Yes,,,,,6.7,6.91,9.38,14.7,0,25.7,2,120.4,339,B32,U111,1,CZ,CZ0,CZ02,CZ020,Rape and turnip rape,Agriculture (excluding fallow land and kitchen gardens)
46742962,Yes,,,,,5.3,5.62,20,13.7,0,27.7,1.9,134.4,429,B18,U111,1,CZ,CZ0,CZ02,CZ020,Triticale,Agriculture (excluding fallow land and kitchen gardens)
46723062,Yes,,,,,5.6,5.94,25.9,20.7,0,131.7,2.3,623,325,B32,U111,1,CZ,CZ0,CZ02,CZ020,Rape and turnip rape,Agriculture (excluding fallow land and kitchen gardens)
46102964,Yes,,,,,6.3,6.46,42.7,33.3,2,31.7,3.3,264,455,D10,U311,3,CZ,CZ0,CZ02,CZ020,Shrubland with sparse tree cover,Railway transport
46183066,Yes,,,,,3.8,4.35,8.13,28.6,0,124.2,2.2,321.8,447,C33,U120,2,CZ,CZ0,CZ04,CZ042,Other mixed woodland,FORESTRY
46003038,Yes,,,,,5.8,5.99,10.11,26.7,0,18.8,2.6,84.8,81,C10,U120,1,CZ,CZ0,CZ04,CZ042,Broadleaved woodland,FORESTRY
46023042,Yes,,,,,7.2,7.52,13.98,34.8,71,19.4,3.5,1161.7,110,B11,U111,1,CZ,CZ0,CZ04,CZ042,Common wheat,Agriculture (excluding fallow land and kitchen gardens)
46283042,Yes,,,,,7.4,7.85,12.96,10.1,105,35.2,1.3,144,249,B35,U111,2,CZ,CZ0,CZ04,CZ042,Other fibre and oleaginous crops,Agriculture (excluding fallow land and kitchen gardens)
46203042,Yes,,,,,5.6,5.91,19.95,11,0,38.5,1.5,130.4,133,B31,U111,1,CZ,CZ0,CZ04,CZ042,Sunflower,Agriculture (excluding fallow land and kitchen gardens)
46103018,Yes,,,,,6.4,6.59,7.62,11.9,1,58,1.3,96.2,188,B13,U111,1,CZ,CZ0,CZ02,CZ020,Barley,Agriculture (excluding fallow land and kitchen gardens)
46723048,Yes,,,,,6.9,7.09,11.89,19.2,1,30.5,2.1,259.4,227,B11,U111,1,CZ,CZ0,CZ02,CZ020,Common wheat,Agriculture (excluding fallow land and kitchen gardens)
46183012,Yes,,,,,6.4,6.65,9.53,25,1,27.1,1.9,118.9,331,B11,U111,1,CZ,CZ0,CZ02,CZ020,Common wheat,Agriculture (excluding fallow land and kitchen gardens)
46723066,Yes,,,,,6.5,6.62,7.27,12.1,4,7.9,0.8,19.4,302,C22,U120,1,CZ,CZ0,CZ05,CZ051,Pine dominated coniferous woodland,FORESTRY
46643054,Yes,,,,,5.2,5.58,3.69,10.5,0,51.6,1,17.6,361,E20,U111,1,CZ,CZ0,CZ02,CZ020,Grassland without tree/shrub cover,Agriculture (excluding fallow land and kitchen gardens)
46563052,Yes,,,,,6.1,6.34,10.41,12.6,0,51.2,1.6,118.8,376,B11,U111,1,CZ,CZ0,CZ02,CZ020,Common wheat,Agriculture (excluding fallow land and kitchen gardens)
46503054,Yes,,,,,4.6,5.07,6.89,12.5,0,33.3,1.6,94.2,403,E20,U111,1,CZ,CZ0,CZ05,CZ051,Grassland without tree/shrub cover,Agriculture (excluding fallow land and kitchen gardens)
46363066,Yes,,,,,5.7,5.98,12.76,43.2,0,22.7,4.4,198.9,278,E20,U111,1,CZ,CZ0,CZ05,CZ051,Grassland without tree/shrub cover,Agriculture (excluding fallow land and kitchen gardens)
46823086,Yes,,,,,3.3,3.76,11.98,121.3,0,30.2,6.1,77.7,615,C10,U120,1,CZ,CZ0,CZ05,CZ051,Broadleaved woodland,FORESTRY
46823054,Yes,,,,,6.2,6.36,10.04,12.1,0,34.3,1.5,166.4,307,B11,U111,1,CZ,CZ0,CZ02,CZ020,Common wheat,Agriculture (excluding fallow land and kitchen gardens)
46502996,Yes,,,,,6.7,6.92,10.99,14,0,60.3,1.8,88.4,378,B11,U111,1,CZ,CZ0,CZ02,CZ020,Common wheat,Agriculture (excluding fallow land and kitchen gardens)
46222968,Yes,,,,,4.9,5.19,23.3,16.5,0,59.6,2,118.5,382,F40,U111,1,CZ,CZ0,CZ02,CZ020,OTHER BARE SOIL,Agriculture (excluding fallow land and kitchen gardens)
46282964,Yes,,,,,4,4.49,6.66,18.9,0,21.4,1.3,49.9,413,C22,U120,3,CZ,CZ0,CZ02,CZ020,Pine dominated coniferous woodland,FORESTRY
46382970,Yes,,,,,3.9,4.43,11.05,65.6,0,33.7,3.6,81.9,387,C33,U120,1,CZ,CZ0,CZ02,CZ020,Other mixed woodland,FORESTRY
46643036,Yes,,,,,7.1,7.45,19.77,17.3,51,46.2,1.9,160.8,254,B32,U111,1,CZ,CZ0,CZ02,CZ020,Rape and turnip rape,Agriculture (excluding fallow land and kitchen gardens)
46563034,Yes,,,,,6,6.3,5.99,11,0,11.2,1.4,75.4,251,B11,U111,1,CZ,CZ0,CZ02,CZ020,Common wheat,Agriculture (excluding fallow land and kitchen gardens)
46763004,Yes,,,,,6.3,6.53,16.06,20,0,40.5,2.2,278.8,255,B16,U111,1,CZ,CZ0,CZ02,CZ020,Maize,Agriculture (excluding fallow land and kitchen gardens)
46003030,Yes,,,,,6.3,6.58,9.82,16.6,1,42.9,1.9,150,252,B32,U111,1,CZ,CZ0,CZ04,CZ042,Rape and turnip rape,Agriculture (excluding fallow land and kitchen gardens)
46682996,Yes,,,,,4.5,4.82,18.92,12.6,0,29.1,1.6,112.7,386,B13,U111,1,CZ,CZ0,CZ02,CZ020,Barley,Agriculture (excluding fallow land and kitchen gardens)
46362900,Yes,,,,,5.7,5.98,13.33,11,0,20,1.5,155,427,B16,U111,2,CZ,CZ0,CZ03,CZ031,Maize,Agriculture (excluding fallow land and kitchen gardens)
46503018,Yes,,,,,5.7,6.04,8.24,20.2,0,30.9,2.1,148.5,222,B11,U111,1,CZ,CZ0,CZ02,CZ020,Common wheat,Agriculture (excluding fallow land and kitchen gardens)
46523016,Yes,,,,,7,7.21,9.93,18.4,2,35.8,2,168.1,252,B13,U111,1,CZ,CZ0,CZ02,CZ020,Barley,Agriculture (excluding fallow land and kitchen gardens)
46363020,Yes,,,,,7.1,7.43,17.67,31.4,20,125.5,3.2,1101.1,219,B13,U111,1,CZ,CZ0,CZ02,CZ020,Barley,Agriculture (excluding fallow land and kitchen gardens)
46263028,Yes,,,,,5.2,5.61,6.75,11.3,0,17,1.2,75,156,B11,U111,2,CZ,CZ0,CZ02,CZ020,Common wheat,Agriculture (excluding fallow land and kitchen gardens)
46283032,Yes,,,,,7.1,7.42,11.34,15.3,16,17.9,1.7,179.1,142,B11,U111,2,CZ,CZ0,CZ02,CZ020,Common wheat,Agriculture (excluding fallow land and kitchen gardens)
46623028,Yes,,,,,4.6,5.02,8,4.3,0,88.3,0.6,75.5,198,B21,U111,1,CZ,CZ0,CZ02,CZ020,Potatoes,Agriculture (excluding fallow land and kitchen gardens)
46643006,Yes,,,,,7,7.25,15.58,16.8,0,32.9,2,191.2,266,B35,U111,1,CZ,CZ0,CZ02,CZ020,Other fibre and oleaginous crops,Agriculture (excluding fallow land and kitchen gardens)
49322980,Yes,,,,,4.5,4.82,32.5,23.7,0,26.8,2.6,36.3,416,E20,U111,1,CZ,CZ0,CZ08,CZ080,Grassland without tree/shrub cover,Agriculture (excluding fallow land and kitchen gardens)
48082970,Yes,,,,,5.2,5.56,11.13,12,0,41,1.6,114.8,3377,B13,U111,1,CZ,CZ0,CZ05,CZ053,Barley,Agriculture (excluding fallow land and kitchen gardens)
48842968,Yes,,,,,6.4,6.65,12.56,16,1,47.5,2,230.6,318,B13,U111,1,CZ,CZ0,CZ07,CZ071,Barley,Agriculture (excluding fallow land and kitchen gardens)
48902970,Yes,,,,,6.2,6.39,7.35,17.7,0,24.6,2.1,123.3,293,E20,U111,1,CZ,CZ0,CZ08,CZ080,Grassland without tree/shrub cover,Agriculture (excluding fallow land and kitchen gardens)
48982978,Yes,,,,,5.8,6.13,9.71,22.7,0,35.1,2.5,266.6,304,B13,U111,1,CZ,CZ0,CZ08,CZ080,Barley,Agriculture (excluding fallow land and kitchen gardens)
49102972,Yes,,,,,6.3,6.43,18.73,44.6,1,41.4,4.8,245.5,395,E20,U111,1,CZ,CZ0,CZ08,CZ080,Grassland without tree/shrub cover,Agriculture (excluding fallow land and kitchen gardens)
49302960,Yes,,,,,3,3.86,12.31,73.9,1,23.6,4.3,40.4,746,C21,U120,1,CZ,CZ0,CZ08,CZ080,Spruce dominated coniferous woodland,FORESTRY
48762978,Yes,,,,,3.5,3.84,11.84,56.7,1,47.4,4,56.4,584,C33,U120,1,CZ,CZ0,CZ07,CZ071,Other mixed woodland,FORESTRY
48802988,Yes,,,,,3.5,3.76,26,50.3,0,40,3.6,47.1,383,C31,U120,1,CZ,CZ0,CZ08,CZ080,Spruce dominated mixed woodland,FORESTRY
49023014,Yes,,,,,5.1,5.48,5.01,8.6,0,10.3,1.1,6.2,258,E20,U111,1,CZ,CZ0,CZ08,CZ080,Grassland without tree/shrub cover,Agriculture (excluding fallow land and kitchen gardens)
48942960,Yes,,,,,4.7,5.07,30.7,18.5,0,94.7,2.4,381.5,388,B11,U111,1,CZ,CZ0,CZ07,CZ072,Common wheat,Agriculture (excluding fallow land and kitchen gardens)
48962956,Yes,,,,,4.4,4.76,35.3,41.8,0,18.5,3.6,55.6,382,C31,U120,1,CZ,CZ0,CZ07,CZ072,Spruce dominated mixed woodland,FORESTRY
49102936,Yes,,,,,4.9,5.32,16.69,25.4,0,15.2,3.2,78.5,741,E20,U111,1,CZ,CZ0,CZ07,CZ072,Grassland without tree/shrub cover,Agriculture (excluding fallow land and kitchen gardens)
48302960,Yes,,,,,6.1,6.41,12.05,12.8,0,53.3,1.7,184.7,261,B13,U111,1,CZ,CZ0,CZ07,CZ071,Barley,Agriculture (excluding fallow land and kitchen gardens)
49542974,Yes,,,,,4.5,4.89,6.52,23,0,13.5,2.6,67.5,510,E20,U111,1,CZ,CZ0,CZ08,CZ080,Grassland without tree/shrub cover,Agriculture (excluding fallow land and kitchen gardens)
46402914,Yes,,,,,3.7,4.08,7.95,31.5,0,18.2,2.5,70.3,468,E10,U120,1,CZ,CZ0,CZ03,CZ031,Grassland with sparse tree/shrub cover,FORESTRY
49162970,Yes,,,,,4.5,4.99,7.49,27.3,0,14.9,3.3,98.1,439,E20,U111,1,CZ,CZ0,CZ08,CZ080,Grassland without tree/shrub cover,Agriculture (excluding fallow land and kitchen gardens)
48882994,Yes,,,,,3.2,3.61,7.05,109.8,1,46.1,6.2,100.3,484,C33,U120,2,CZ,CZ0,CZ08,CZ080,Other mixed woodland,FORESTRY
45582938,Yes,,,,,5.3,5.64,9.73,16.9,0,46,2,164.2,422,B16,U111,1,CZ,CZ0,CZ03,CZ032,Maize,Agriculture (excluding fallow land and kitchen gardens)
45622926,Yes,,,,,5.6,5.98,14.26,15.8,0,34,2.2,77,447,F40,U111,1,CZ,CZ0,CZ03,CZ032,OTHER BARE SOIL,Agriculture (excluding fallow land and kitchen gardens)
45882946,Yes,,,,,4.8,5.18,10.4,38.5,0,19.1,4.3,96.1,609,C33,U420,2,CZ,CZ0,CZ03,CZ032,Other mixed woodland,Semi-natural and natural areas not in use
45742934,Yes,,,,,3.6,4.09,8.5,41.6,0,50.5,3,124.9,527,C21,U120,3,CZ,CZ0,CZ03,CZ032,Spruce dominated coniferous woodland,FORESTRY
48963010,Yes,,,,,5.7,6.08,9.6,16.9,0,39,2.2,110.9,234,B13,U111,1,CZ,CZ0,CZ08,CZ080,Barley,Agriculture (excluding fallow land and kitchen gardens)
48922986,Yes,,,,,6,6.35,9.6,13.3,1,32.9,1.7,130.5,288,B13,U111,1,CZ,CZ0,CZ08,CZ080,Barley,Agriculture (excluding fallow land and kitchen gardens)
48803000,Yes,,,,,5.7,5.89,23.7,18.4,0,23.3,2.4,116.3,481,B11,U111,1,CZ,CZ0,CZ08,CZ080,Common wheat,Agriculture (excluding fallow land and kitchen gardens)
48022972,Yes,,,,,5.3,5.72,10.43,10.6,0,46.5,1.5,95.9,472,B13,U111,1,CZ,CZ0,CZ05,CZ053,Barley,Agriculture (excluding fallow land and kitchen gardens)
49142992,Yes,,,,,5.8,6.01,9.39,19.1,1,20.8,2,117.9,284,B13,U111,1,CZ,CZ0,CZ08,CZ080,Barley,Agriculture (excluding fallow land and kitchen gardens)
49243008,Yes,,,,,4.8,5.13,8.76,21.4,1,18.4,2.4,211.8,217,E20,U111,1,CZ,CZ0,CZ08,CZ080,Grassland without tree/shrub cover,Agriculture (excluding fallow land and kitchen gardens)
49382996,Yes,,,,,5.1,5.56,4.88,16.1,3,9.3,1.9,75.7,332,E20,U111,1,CZ,CZ0,CZ08,CZ080,Grassland without tree/shrub cover,Agriculture (excluding fallow land and kitchen gardens)
49162978,Yes,,,,,3.5,3.89,11.09,49.2,0,86.8,2.7,99.5,479,C10,U120,2,CZ,CZ0,CZ08,CZ080,Broadleaved woodland,FORESTRY
49083016,Yes,,,,,3.7,4,12.08,29.3,0,23.5,2.3,53.3,276,C10,U120,1,CZ,CZ0,CZ08,CZ080,Broadleaved woodland,FORESTRY
49083010,Yes,,,,,7.1,7.45,16.96,20.9,5,113.1,2,358.3,253,B11,U111,1,CZ,CZ0,CZ08,CZ080,Common wheat,Agriculture (excluding fallow land and kitchen gardens)
48782998,Yes,,,,,3.3,3.64,14.4,68.8,0,33.3,4.2,78.4,506,C33,U120,1,CZ,CZ0,CZ08,CZ080,Other mixed woodland,FORESTRY
46942950,Yes,,,,,6.2,6.41,17.61,17.1,0,34.9,2.1,240.5,526,B11,U111,1,CZ,CZ0,CZ06,CZ063,Common wheat,Agriculture (excluding fallow land and kitchen gardens)
48122968,Yes,,,,,3.4,3.72,12.37,35.6,0,15,2.3,19.5,496,C21,U120,1,CZ,CZ0,CZ05,CZ053,Spruce dominated coniferous woodland,FORESTRY
47222932,Yes,,,,,6,6.16,17.54,18.5,0,31.3,2.3,165.5,651,B32,U111,2,CZ,CZ0,CZ06,CZ063,Rape and turnip rape,Agriculture (excluding fallow land and kitchen gardens)
47182934,Yes,,,,,4.6,5.04,8.03,30.1,0,20.7,3.1,41.2,548,E20,U111,1,CZ,CZ0,CZ06,CZ063,Grassland without tree/shrub cover,Agriculture (excluding fallow land and kitchen gardens)
47062926,Yes,,,,,7.2,7.54,23.1,16.8,16,75.1,1.9,198.9,637,B83,U120,2,CZ,CZ0,CZ06,CZ063,Nurseries,FORESTRY
47042914,Yes,,,,,6.1,6.39,25.8,16.8,1,57.1,2.1,580.4,635,B16,U111,1,CZ,CZ0,CZ06,CZ063,Maize,Agriculture (excluding fallow land and kitchen gardens)
46862914,Yes,,,,,5.3,5.33,8.62,37.2,1,20.7,4,81,526,E20,U111,1,CZ,CZ0,CZ03,CZ031,Grassland without tree/shrub cover,Agriculture (excluding fallow land and kitchen gardens)
45763046,Yes,,,,,6.6,6.77,21.5,27.3,2,18.8,2.7,603.2,228,E30,U112,1,CZ,CZ0,CZ04,CZ042,Spontaneously re-vegetated surfaces,Fallow land
46862964,Yes,,,,,5.1,5.52,14.22,13.3,0,30.5,1.8,102.5,459,B16,U111,1,CZ,CZ0,CZ02,CZ020,Maize,Agriculture (excluding fallow land and kitchen gardens)
45743036,Yes,,,,,6.1,6.33,9.89,20.8,0,20.1,2.1,268.6,287,B11,U111,1,CZ,CZ0,CZ04,CZ042,Common wheat,Agriculture (excluding fallow land and kitchen gardens)
46782946,Yes,,,,,3.3,3.74,13.46,69.4,0,37.8,3.9,86.9,585,C21,U120,1,CZ,CZ0,CZ06,CZ063,Spruce dominated coniferous woodland,FORESTRY
46922934,Yes,,,,,5.8,6.16,10.37,12.3,1,35.5,1.6,176.4,603,B21,U111,1,CZ,CZ0,CZ06,CZ063,Potatoes,Agriculture (excluding fallow land and kitchen gardens)
46742916,Yes,,,,,4.6,5.09,5.81,16.6,0,23.7,2,96.2,487,B32,U111,1,CZ,CZ0,CZ03,CZ031,Rape and turnip rape,Agriculture (excluding fallow land and kitchen gardens)
46622926,Yes,,,,,3.7,4.09,7.74,18,0,18.3,1.3,21.3,429,C21,U120,1,CZ,CZ0,CZ03,CZ031,Spruce dominated coniferous woodland,FORESTRY
46562902,Yes,,,,,6.1,6.29,7.71,15.4,0,31.6,1.9,154.6,463,B11,U111,1,CZ,CZ0,CZ03,CZ031,Common wheat,Agriculture (excluding fallow land and kitchen gardens)
46502906,Yes,,,,,6.1,6.33,9.02,14.5,0,28.9,2.1,164.5,483,B51,U111,1,CZ,CZ0,CZ03,CZ031,Clovers,Agriculture (excluding fallow land and kitchen gardens)
46882926,Yes,,,,,3.8,4,6.12,24.3,0,26,1.4,89.4,632,C21,U120,1,CZ,CZ0,CZ06,CZ063,Spruce dominated coniferous woodland,FORESTRY
47682996,Yes,,,,,6.2,6.39,24.5,20,0,66.8,2.2,477.4,340,B16,U111,1,CZ,CZ0,CZ05,CZ053,Maize,Agriculture (excluding fallow land and kitchen gardens)
47982966,Yes,,,,,5.1,5.43,27.4,18.9,0,64.1,2.3,263.6,541,B21,U111,2,CZ,CZ0,CZ06,CZ064,Potatoes,Agriculture (excluding fallow land and kitchen gardens)
47982984,Yes,,,,,4.3,4.72,12.87,10.4,0,82.6,1.4,186.9,384,B32,U111,1,CZ,CZ0,CZ05,CZ053,Rape and turnip rape,Agriculture (excluding fallow land and kitchen gardens)
48142980,Yes,,,,,4,4.36,21.9,43.5,0,27.9,4.2,57.1,435,C10,U120,1,CZ,CZ0,CZ07,CZ071,Broadleaved woodland,FORESTRY
48122982,Yes,,,,,4,4.4,13.06,42.5,1,13.1,2.4,78.9,523,C21,U120,2,CZ,CZ0,CZ07,CZ071,Spruce dominated coniferous woodland,FORESTRY
48222982,Yes,,,,,7,7.3,21.3,18.1,11,51.6,2.5,111.6,262,B32,U111,1,CZ,CZ0,CZ07,CZ071,Rape and turnip rape,Agriculture (excluding fallow land and kitchen gardens)
47942996,Yes,,,,,6.3,6.59,10.84,12.7,0,40.6,1.5,99.2,362,B11,U111,1,CZ,CZ0,CZ05,CZ053,Common wheat,Agriculture (excluding fallow land and kitchen gardens)
45603058,Yes,,,,,3.4,3.87,16.22,68.2,0,47.2,4,18.2,761,C10,U120,1,CZ,CZ0,CZ04,CZ042,Broadleaved woodland,FORESTRY
47723000,Yes,,,,,7.1,7.24,59.8,13.1,3,95.1,1.8,278.7,385,B21,U111,1,CZ,CZ0,CZ05,CZ053,Potatoes,Agriculture (excluding fallow land and kitchen gardens)
45382924,Yes,,,,,5.7,6.01,7.52,20.4,0,40.6,2.4,207.5,462,B11,U111,1,CZ,CZ0,CZ03,CZ032,Common wheat,Agriculture (excluding fallow land and kitchen gardens)
47622990,Yes,,,,,7.1,7.5,27.8,22.7,120,48.6,2.9,311.4,394,B11,U111,3,CZ,CZ0,CZ05,CZ053,Common wheat,Agriculture (excluding fallow land and kitchen gardens)
47722988,Yes,,,,,7,7.18,18.61,21.2,5,52.6,2.6,183.9,394,F40,U111,1,CZ,CZ0,CZ05,CZ053,OTHER BARE SOIL,Agriculture (excluding fallow land and kitchen gardens)
47722978,Yes,,,,,5.9,6.18,14.4,16,0,41.1,2.2,178.1,574,B41,U111,1,CZ,CZ0,CZ05,CZ053,Dry pulses,Agriculture (excluding fallow land and kitchen gardens)
47822974,Yes,,,,,6.3,6.43,22.4,34.7,0,18.1,3.8,100.7,518,E20,U111,1,CZ,CZ0,CZ05,CZ053,Grassland without tree/shrub cover,Agriculture (excluding fallow land and kitchen gardens)
47862964,Yes,,,,,6.2,6.44,12.75,15.6,0,38.6,1.9,152.6,538,B15,U111,1,CZ,CZ0,CZ05,CZ053,Oats,Agriculture (excluding fallow land and kitchen gardens)
47862978,Yes,,,,,4.9,5.19,14.49,13.3,0,32.3,1.7,209.7,449,F40,U111,1,CZ,CZ0,CZ05,CZ053,OTHER BARE SOIL,Agriculture (excluding fallow land and kitchen gardens)
47803008,Yes,,,,,5.5,5.79,27.4,16.1,0,70.6,2,258.6,422,B16,U111,1,CZ,CZ0,CZ05,CZ053,Maize,Agriculture (excluding fallow land and kitchen gardens)
47143068,Yes,,,,,3.4,3.97,9.22,39.9,0,19.3,2.3,65.1,500,C21,U120,1,CZ,CZ0,CZ05,CZ051,Spruce dominated coniferous woodland,FORESTRY
47083048,Yes,,,,,4,4.76,11.17,48.3,0,23.7,3.3,163.6,299,C33,U120,1,CZ,CZ0,CZ05,CZ052,Other mixed woodland,FORESTRY
46842974,Yes,,,,,3.6,4.21,10.44,40.9,0,42.7,2.5,85.7,456,C33,U120,1,CZ,CZ0,CZ02,CZ020,Other mixed woodland,FORESTRY
47542970,Yes,,,,,3.3,3.86,10.97,40.9,0,25.6,2.4,71,677,C21,U120,2,CZ,CZ0,CZ06,CZ063,Spruce dominated coniferous woodland,FORESTRY
48303040,Yes,,,,,3.7,4.46,12.22,81.7,0,36.1,5.1,100.7,616,C21,U120,1,CZ,CZ0,CZ07,CZ071,Spruce dominated coniferous woodland,FORESTRY
45662938,Yes,,,,,3.3,3.99,11.67,62.7,0,63.7,2.9,69.7,542,C33,U120,3,CZ,CZ0,CZ03,CZ032,Other mixed woodland,FORESTRY
49522970,Yes,,,,,3,4.04,8.18,37.3,0,17.1,2,71.4,629,C21,U120,1,CZ,CZ0,CZ08,CZ080,Spruce dominated coniferous woodland,FORESTRY
46043058,Yes,,,,,6.4,6.74,21.2,35.6,0,29.8,3.8,285.3,307,H11,U420,1,CZ,CZ0,CZ04,CZ042,Inland marshes,Semi-natural and natural areas not in use
46163088,Yes,,,,,2.9,3.84,6.59,38.8,0,23.3,1.6,39.6,449,C23,U120,1,CZ,CZ0,CZ04,CZ042,Other coniferous woodland,FORESTRY
48443000,Yes,,,,,3.4,3.9,11.57,62,0,45.6,4.3,83.3,673,C21,U120,1,CZ,CZ0,CZ08,CZ080,Spruce dominated coniferous woodland,FORESTRY
47542978,Yes,,,,,3,3.67,15.89,71.3,0,97.2,3.8,92.9,647,C21,U120,2,CZ,CZ0,CZ05,CZ053,Spruce dominated coniferous woodland,FORESTRY
46002900,Yes,,,,,5.5,6.04,12.38,46,0,28.2,3.8,123.2,697,C33,U120,1,CZ,CZ0,CZ03,CZ031,Other mixed woodland,FORESTRY
48142998,Yes,,,,,6.2,6.4,12,22.5,1,163.7,2.2,314.5,306,B75,U410,1,CZ,CZ0,CZ07,CZ071,Other fruit trees and berries,Abandoned areas
47443056,Yes,,,,,5.1,5.41,10.4,22.2,0,13,2.4,67.2,462,E20,U111,1,CZ,CZ0,CZ05,CZ052,Grassland without tree/shrub cover,Agriculture (excluding fallow land and kitchen gardens)
46643090,Yes,,,,,4.2,4.52,6.55,26.4,0,17.4,2.7,58.6,321,E10,U111,1,CZ,CZ0,CZ05,CZ051,Grassland with sparse tree/shrub cover,Agriculture (excluding fallow land and kitchen gardens)
47903018,Yes,,,,,4.7,5.03,5.83,28,0,6.7,3,145.8,477,E20,U111,1,CZ,CZ0,CZ05,CZ053,Grassland without tree/shrub cover,Agriculture (excluding fallow land and kitchen gardens)
46383088,Yes,,,,,5.7,5.89,12.47,61.2,3,5.6,3.3,45.7,460,C23,U120,1,CZ,CZ0,CZ04,CZ042,Other coniferous woodland,FORESTRY
47123044,Yes,,,,,6.6,6.77,16.65,11.3,0,42.9,1.4,90.2,265,B16,U111,1,CZ,CZ0,CZ05,CZ052,Maize,Agriculture (excluding fallow land and kitchen gardens)
48802898,Yes,,,,,7.1,7.45,20.3,29.2,92,21.1,3.1,942.9,430,E20,U420,2,CZ,CZ0,CZ07,CZ072,Grassland without tree/shrub cover,Semi-natural and natural areas not in use
48842982,Yes,,,,,5.2,5.5,18.1,14,0,50,1.8,140.5,304,B16,U111,2,CZ,CZ0,CZ08,CZ080,Maize,Agriculture (excluding fallow land and kitchen gardens)
46682946,Yes,,,,,4.7,5.06,14.43,16.7,0,66,2,262.8,473,B11,U111,1,CZ,CZ0,CZ03,CZ031,Common wheat,Agriculture (excluding fallow land and kitchen gardens)
46762950,Yes,,,,,6.2,6.37,11.32,16.4,3,29.8,2,149.8,647,B11,U111,1,CZ,CZ0,CZ02,CZ020,Common wheat,Agriculture (excluding fallow land and kitchen gardens)
46142896,Yes,,,,,5,5.4,14.93,23.2,0,23.2,2.9,190.8,480,E20,U111,1,CZ,CZ0,CZ03,CZ031,Grassland without tree/shrub cover,Agriculture (excluding fallow land and kitchen gardens)
46242910,Yes,,,,,6.4,6.48,16.13,43.5,0,32.9,4.5,140.8,372,E20,U111,1,CZ,CZ0,CZ03,CZ031,Grassland without tree/shrub cover,Agriculture (excluding fallow land and kitchen gardens)
46243032,Yes,,,,,7.3,7.66,13.32,18.8,11,24.6,1.9,153.8,253,B13,U111,1,CZ,CZ0,CZ02,CZ020,Barley,Agriculture (excluding fallow land and kitchen gardens)
46103050,Yes,,,,,7.3,7.61,15,22.5,15,14.9,2.3,185.4,123,B11,U111,1,CZ,CZ0,CZ04,CZ042,Common wheat,Agriculture (excluding fallow land and kitchen gardens)
