Point_ID,Revisited_point,Coarse,Clay,Sand,Silt,pH(CaCl2),pH(H2O),EC,OC,CaCO3,P,N,K,Elevation,LC1,LU1,Soil_Stones,NUTS_0,NUTS_1,NUTS_2,NUTS_3,LC1_Desc,LU1_Desc
44323622,No,10,19,44,37,4.9,5.09,36.1,17.7,0,68,2,121,28,B13,U111,1,DK,DK0,DK02,DK022,Barley,Agriculture (excluding fallow land and kitchen gardens)
42303596,No,4,7,60,33,5,5.71,56.1,32.9,0,75.9,3.2,107.3,-7,E20,U111,1,DK,DK0,DK03,DK032,Grassland without tree/shrub cover,Agriculture (excluding fallow land and kitchen gardens)
42703568,No,7,3,82,15,4.3,4.74,7.14,35.7,0,15.9,1.5,15.4,41,C10,U120,1,DK,DK0,DK03,DK032,Broadleaved woodland,FORESTRY
42723644,No,1,3,87,10,4.9,5.16,11.6,11.9,0,70,1.2,41.6,65,B21,U111,1,DK,DK0,DK03,DK032,Potatoes,Agriculture (excluding fallow land and kitchen gardens)
42823644,Yes,,,,,3.7,4.67,9.77,13.1,0,10.8,0.8,14.5,101,C10,U420,2,DK,DK0,DK03,DK032,Broadleaved woodland,Semi-natural and natural areas not in use
42583722,Yes,,,,,6,6.22,26.5,18.3,0,50.2,2.1,209.6,30,B41,U111,1,DK,DK0,DK04,DK041,Dry pulses,Agriculture (excluding fallow land and kitchen gardens)
42543720,Yes,,,,,5.9,6.1,31.2,18.5,0,41.2,2.1,114.2,7,B32,U111,1,DK,DK0,DK04,DK041,Rape and turnip rape,Agriculture (excluding fallow land and kitchen gardens)
43083598,Yes,,,,,6.6,6.72,27.7,19.7,2,82.6,2.4,227.5,32,B11,U111,2,DK,DK0,DK03,DK031,Common wheat,Agriculture (excluding fallow land and kitchen gardens)
43403600,Yes,,,,,5.6,5.77,41.5,13.7,0,85,1.9,215.3,32,B32,U111,1,DK,DK0,DK03,DK031,Rape and turnip rape,Agriculture (excluding fallow land and kitchen gardens)
42863648,Yes,,,,,3.4,4.01,22.5,26.7,0,46.3,1.7,22.2,131,C10,U120,1,DK,DK0,DK04,DK041,Broadleaved woodland,FORESTRY
42863654,Yes,,,,,4.9,5.11,21.1,13.1,0,46.3,1.4,66.1,104,B13,U111,1,DK,DK0,DK04,DK041,Barley,Agriculture (excluding fallow land and kitchen gardens)
43203586,Yes,,,,,6,6.25,28.9,10,1,73.9,1.4,249.3,56,B11,U111,1,DK,DK0,DK03,DK031,Common wheat,Agriculture (excluding fallow land and kitchen gardens)
43223654,Yes,,,,,5.1,5.21,26.3,10,0,57.3,1.3,58.9,56,B13,U111,1,DK,DK0,DK04,DK042,Barley,Agriculture (excluding fallow land and kitchen gardens)
43483606,Yes,,,,,6,6.23,35.6,39.5,0,29.8,3.4,35.6,6,B13,U111,1,DK,DK0,DK03,DK031,Barley,Agriculture (excluding fallow land and kitchen gardens)
43483584,Yes,,,,,6.9,7.11,23,9.6,1,51.4,1.3,80,19,B11,U111,1,DK,DK0,DK03,DK031,Common wheat,Agriculture (excluding fallow land and kitchen gardens)
43063640,Yes,,,,,6.4,6.43,43.7,13.2,1,71.9,1.7,210.5,67,B16,U111,1,DK,DK0,DK04,DK042,Maize,Agriculture (excluding fallow land and kitchen gardens)
43503694,Yes,,,,,4.4,4.59,189.4,412.7,3,48.7,29.1,117.6,-4,C10,U111,1,DK,DK0,DK04,DK042,Broadleaved woodland,Agriculture (excluding fallow land and kitchen gardens)
43423808,Yes,,,,,5.3,5.67,37.7,57.3,1,53.8,5.2,57.5,36,E20,U111,1,DK,DK0,DK05,DK050,Grassland without tree/shrub cover,Agriculture (excluding fallow land and kitchen gardens)
43143802,Yes,,,,,6.4,6.64,48.3,88.1,2,88.6,7.2,193,12,B11,U111,1,DK,DK0,DK05,DK050,Common wheat,Agriculture (excluding fallow land and kitchen gardens)
42143698,Yes,,,,,4.1,4.61,31.6,80.2,1,19.3,4.4,77.6,1,H11,U420,1,DK,DK0,DK04,DK041,Inland marshes,Semi-natural and natural areas not in use
42703640,Yes,,,,,4.9,5.15,86.9,127.8,0,67.3,6.8,71.7,66,E20,U420,1,DK,DK0,DK03,DK032,Grassland without tree/shrub cover,Semi-natural and natural areas not in use
42823558,Yes,,,,,4.5,4.78,99.5,93.9,0,61.5,6.6,112.2,43,H11,U420,1,DK,DK0,DK03,DK032,Inland marshes,Semi-natural and natural areas not in use
43343778,Yes,,,,,5.5,5.73,69.6,127.4,1,57.8,10.4,217.4,-5,B13,U111,1,DK,DK0,DK05,DK050,Barley,Agriculture (excluding fallow land and kitchen gardens)
43163742,Yes,,,,,4.3,4.48,269,355.7,1,130.8,26.7,630,15,E30,U420,1,DK,DK0,DK05,DK050,Spontaneously re-vegetated surfaces,Semi-natural and natural areas not in use
43143790,Yes,,,,,4.4,4.7,31.8,67.2,1,96.2,5.7,90.6,-6,B16,U111,1,DK,DK0,DK05,DK050,Maize,Agriculture (excluding fallow land and kitchen gardens)
44023516,Yes,,,,,7.4,7.69,20.9,13.9,4,54,1.8,232.8,0,B14,U111,1,DK,DK0,DK02,DK022,Rye,Agriculture (excluding fallow land and kitchen gardens)
43623554,Yes,,,,,6.1,6.26,18.23,13.3,0,26.3,1.6,100.1,54,B32,U111,1,DK,DK0,DK03,DK031,Rape and turnip rape,Agriculture (excluding fallow land and kitchen gardens)
42423564,Yes,,,,,5.1,5.76,8.68,26.3,0,58.5,2.1,86.4,15,B13,U111,1,DK,DK0,DK03,DK032,Barley,Agriculture (excluding fallow land and kitchen gardens)
42443638,Yes,,,,,4.7,5.42,2.73,15,0,34.6,1,19.7,16,C10,U120,1,DK,DK0,DK04,DK041,Broadleaved woodland,FORESTRY
42363576,Yes,,,,,6.2,6.31,21.2,44.8,0,64.1,4.6,174.1,-22,E20,U111,1,DK,DK0,DK03,DK032,Grassland without tree/shrub cover,Agriculture (excluding fallow land and kitchen gardens)
42463536,Yes,,,,,5.5,5.77,19.22,62,0,28.6,5.1,325.9,-11,B11,U111,1,DK,DK0,DK03,DK032,Common wheat,Agriculture (excluding fallow land and kitchen gardens)
42423538,Yes,,,,,5.3,5.49,42.9,65.4,0,40.2,5.5,328.5,-8,B16,U111,1,DK,DK0,DK03,DK032,Maize,Agriculture (excluding fallow land and kitchen gardens)
42643536,Yes,,,,,5.1,5.43,11.99,18.1,0,41.6,1.8,48.6,0,B21,U111,1,DK,DK0,DK03,DK032,Potatoes,Agriculture (excluding fallow land and kitchen gardens)
42463558,Yes,,,,,3.3,4.23,9.11,26.4,0,21.9,1.8,24,-3,C21,U111,1,DK,DK0,DK03,DK032,Spruce dominated coniferous woodland,Agriculture (excluding fallow land and kitchen gardens)
42623652,Yes,,,,,4.9,5.72,3.09,13.5,0,23,1,50.4,46,B16,U111,1,DK,DK0,DK04,DK041,Maize,Agriculture (excluding fallow land and kitchen gardens)
43003536,Yes,,,,,5.1,5.52,13.65,13.5,0,42.6,1.6,187.9,8,C10,U361,1,DK,DK0,DK03,DK032,Broadleaved woodland,"Amenities, museum, leisure (e.g. parks, botanical gardens)"
42703532,Yes,,,,,5.5,6,3.34,17.6,0,28.2,1.4,30.5,6,B21,U111,1,DK,DK0,DK03,DK032,Potatoes,Agriculture (excluding fallow land and kitchen gardens)
42923574,Yes,,,,,5.8,6.08,22,15.6,0,43.7,1.9,227.6,35,B32,U111,1,DK,DK0,DK03,DK032,Rape and turnip rape,Agriculture (excluding fallow land and kitchen gardens)
42763534,Yes,,,,,4.9,5.27,12.82,11,0,38,1.1,25.2,12,B16,U111,1,DK,DK0,DK03,DK032,Maize,Agriculture (excluding fallow land and kitchen gardens)
42763548,Yes,,,,,5.1,5.39,16.73,18.9,0,49.1,1.8,58.8,33,B13,U111,1,DK,DK0,DK03,DK032,Barley,Agriculture (excluding fallow land and kitchen gardens)
42863582,Yes,,,,,5.6,5.87,27.3,15.1,0,35.5,1.8,101.5,20,B13,U111,1,DK,DK0,DK03,DK032,Barley,Agriculture (excluding fallow land and kitchen gardens)
42583542,Yes,,,,,5.1,5.79,4.71,19.1,0,54.3,1.8,102,-3,B13,U111,1,DK,DK0,DK03,DK032,Barley,Agriculture (excluding fallow land and kitchen gardens)
42403584,Yes,,,,,5.3,5.76,21.2,36.6,0,75.1,3,221.5,-4,B16,U111,1,DK,DK0,DK03,DK032,Maize,Agriculture (excluding fallow land and kitchen gardens)
44283610,Yes,,,,,5.8,6.11,15.86,15.1,0,14.6,1.9,57.9,30,B55,U111,2,DK,DK0,DK02,DK022,Temporary grassland,Agriculture (excluding fallow land and kitchen gardens)
42123628,Yes,,,,,4.9,5.39,5.58,17.9,0,44.3,1.4,34.2,-7,B13,U111,1,DK,DK0,DK03,DK032,Barley,Agriculture (excluding fallow land and kitchen gardens)
42483628,Yes,,,,,6.1,6.46,13.56,30.9,0,20.7,1.9,75,20,B22,U111,1,DK,DK0,DK03,DK032,Sugar beet,Agriculture (excluding fallow land and kitchen gardens)
42603628,Yes,,,,,3.6,4.6,5.43,18.7,1,17.4,1.3,26.8,43,D20,U420,1,DK,DK0,DK03,DK032,Shrubland without tree cover,Semi-natural and natural areas not in use
42223656,Yes,,,,,5.9,6.3,6.19,16,1,40.4,1.5,54.3,12,B21,U111,1,DK,DK0,DK04,DK041,Potatoes,Agriculture (excluding fallow land and kitchen gardens)
42223650,Yes,,,,,4.9,5.39,9.45,34.9,0,50.2,2.6,56.1,-14,B13,U111,1,DK,DK0,DK04,DK041,Barley,Agriculture (excluding fallow land and kitchen gardens)
42443656,Yes,,,,,5.4,5.96,4.12,20.7,0,58.5,1.6,41.1,12,B13,U111,1,DK,DK0,DK04,DK041,Barley,Agriculture (excluding fallow land and kitchen gardens)
42603610,Yes,,,,,4.4,4.71,17.35,16.8,0,50.1,1.5,30.9,64,B53,U111,1,DK,DK0,DK03,DK032,Other Leguminous  and mixtures for fodder,Agriculture (excluding fallow land and kitchen gardens)
42663640,Yes,,,,,4.9,5.52,5.52,44.1,0,68.1,2.3,46.4,47,B13,U111,1,DK,DK0,DK03,DK032,Barley,Agriculture (excluding fallow land and kitchen gardens)
42423550,Yes,,,,,5.3,5.75,7.65,9.7,0,57.2,0.9,45.4,9,B13,U111,1,DK,DK0,DK03,DK032,Barley,Agriculture (excluding fallow land and kitchen gardens)
42403614,Yes,,,,,5.4,5.83,5.84,22.7,0,90.2,1.8,36.8,11,B15,U111,1,DK,DK0,DK03,DK032,Oats,Agriculture (excluding fallow land and kitchen gardens)
42303622,Yes,,,,,4.8,5.36,12.32,19.7,0,64.1,1.9,130.8,24,B53,U111,4,DK,DK0,DK03,DK032,Other Leguminous  and mixtures for fodder,Agriculture (excluding fallow land and kitchen gardens)
42463648,Yes,,,,,5.3,5.75,10.59,45.4,0,62.3,2.3,61.8,9,B13,U111,1,DK,DK0,DK04,DK041,Barley,Agriculture (excluding fallow land and kitchen gardens)
42683662,Yes,,,,,4.7,5,19.61,66.2,0,29.3,3.8,37.8,37,B13,U111,1,DK,DK0,DK04,DK041,Barley,Agriculture (excluding fallow land and kitchen gardens)
42403638,Yes,,,,,3.9,4.44,19.42,81.1,0,17.8,4.4,95,7,C10,U420,1,DK,DK0,DK04,DK041,Broadleaved woodland,Semi-natural and natural areas not in use
42223638,Yes,,,,,4.9,5.27,12.77,21.1,0,64.1,1.4,32.8,6,B13,U111,1,DK,DK0,DK04,DK041,Barley,Agriculture (excluding fallow land and kitchen gardens)
42883748,Yes,,,,,3,4.02,7.96,41.2,0,19.8,1.5,50.1,21,E30,U120,1,DK,DK0,DK05,DK050,Spontaneously re-vegetated surfaces,FORESTRY
42343658,Yes,,,,,4.9,5.19,30.5,41.2,0,58,3.2,79.9,31,B13,U111,1,DK,DK0,DK04,DK041,Barley,Agriculture (excluding fallow land and kitchen gardens)
43303710,Yes,,,,,5.9,6.18,15.04,15.6,0,41.9,2,127.2,39,B11,U111,1,DK,DK0,DK04,DK042,Common wheat,Agriculture (excluding fallow land and kitchen gardens)
43183716,Yes,,,,,5.2,5.53,37.1,66.2,0,72.5,4.5,63.7,38,B11,U111,1,DK,DK0,DK04,DK042,Common wheat,Agriculture (excluding fallow land and kitchen gardens)
43043744,Yes,,,,,5.2,5.51,24.7,21,0,89.2,2.1,147.9,61,B13,U111,2,DK,DK0,DK05,DK050,Barley,Agriculture (excluding fallow land and kitchen gardens)
43043726,Yes,,,,,5.3,5.66,17.62,31.3,0,68.1,2.5,130.7,46,B16,U111,2,DK,DK0,DK05,DK050,Maize,Agriculture (excluding fallow land and kitchen gardens)
42923736,Yes,,,,,5.9,6.17,15.41,22.5,0,52.4,2,37.9,46,B55,U111,1,DK,DK0,DK05,DK050,Temporary grassland,Agriculture (excluding fallow land and kitchen gardens)
43183738,Yes,,,,,5,5.22,24.2,12.6,0,49.2,1.4,77.8,29,B13,U111,1,DK,DK0,DK05,DK050,Barley,Agriculture (excluding fallow land and kitchen gardens)
42963748,Yes,,,,,5.4,5.7,29.9,31,0,73,2.4,118.6,24,B11,U111,2,DK,DK0,DK05,DK050,Common wheat,Agriculture (excluding fallow land and kitchen gardens)
43223738,Yes,,,,,3.7,4.74,12.75,31.8,0,42.3,2.3,47.1,43,C10,U120,1,DK,DK0,DK05,DK050,Broadleaved woodland,FORESTRY
42903756,Yes,,,,,5.1,5.52,11.32,23.8,0,34.9,2,29.7,21,B53,U111,1,DK,DK0,DK05,DK050,Other Leguminous  and mixtures for fodder,Agriculture (excluding fallow land and kitchen gardens)
42723756,Yes,,,,,3.9,4.51,7.49,20,0,42.6,2,71.1,24,C10,U111,1,DK,DK0,DK05,DK050,Broadleaved woodland,Agriculture (excluding fallow land and kitchen gardens)
42903774,Yes,,,,,5.5,5.7,70.8,67.1,0,24,7.1,95.8,-8,B15,U111,1,DK,DK0,DK05,DK050,Oats,Agriculture (excluding fallow land and kitchen gardens)
42363742,Yes,,,,,5.9,6.21,8.95,20.4,0,42,2.2,121.7,17,B13,U111,1,DK,DK0,DK05,DK050,Barley,Agriculture (excluding fallow land and kitchen gardens)
42203736,Yes,,,,,5.3,5.58,30.7,23.4,0,72.4,2.7,108.5,52,B16,U111,2,DK,DK0,DK05,DK050,Maize,Agriculture (excluding fallow land and kitchen gardens)
42263760,Yes,,,,,4.5,4.77,28.3,13.4,0,44.1,1.3,33.3,9,B13,U111,1,DK,DK0,DK05,DK050,Barley,Agriculture (excluding fallow land and kitchen gardens)
42843730,Yes,,,,,5.9,6.1,36.3,36.9,0,104.4,3.1,190.8,33,B13,U111,1,DK,DK0,DK05,DK050,Barley,Agriculture (excluding fallow land and kitchen gardens)
43023754,Yes,,,,,4.4,4.79,14.33,23.7,0,36.4,2,44.4,38,E20,U111,2,DK,DK0,DK05,DK050,Grassland without tree/shrub cover,Agriculture (excluding fallow land and kitchen gardens)
44623590,Yes,,,,,7.1,7.35,30,12.5,6,29,1.7,116,27,B32,U111,1,DK,DK0,DK02,DK022,Rape and turnip rape,Agriculture (excluding fallow land and kitchen gardens)
42443620,Yes,,,,,3.3,4.34,12.08,45.3,0,14.8,2.2,25.7,27,C21,U120,1,DK,DK0,DK03,DK032,Spruce dominated coniferous woodland,FORESTRY
42503572,Yes,,,,,4.6,4.92,31.1,19.3,0,82.2,2.1,166.3,28,B13,U111,1,DK,DK0,DK03,DK032,Barley,Agriculture (excluding fallow land and kitchen gardens)
42603574,Yes,,,,,5.2,5.57,17.25,10,0,42.8,1.1,92.6,37,B15,U111,1,DK,DK0,DK03,DK032,Oats,Agriculture (excluding fallow land and kitchen gardens)
42663568,Yes,,,,,5.2,5.61,12.18,12.6,0,48.1,1.3,54.8,36,B13,U111,1,DK,DK0,DK03,DK032,Barley,Agriculture (excluding fallow land and kitchen gardens)
43303764,Yes,,,,,5.3,5.62,42.2,31.9,0,40.9,3.4,92.6,-8,B13,U111,1,DK,DK0,DK05,DK050,Barley,Agriculture (excluding fallow land and kitchen gardens)
43343724,Yes,,,,,5.8,6.05,19.71,19.4,0,28.2,2.3,90.2,48,B11,U111,1,DK,DK0,DK04,DK042,Common wheat,Agriculture (excluding fallow land and kitchen gardens)
43263774,Yes,,,,,4.5,4.8,20.2,12.5,0,38.2,1.4,44.2,-1,B11,U111,1,DK,DK0,DK05,DK050,Common wheat,Agriculture (excluding fallow land and kitchen gardens)
42683648,Yes,,,,,5,5.42,12.95,9.9,0,28.8,0.8,26.4,35,E20,U226,1,DK,DK0,DK04,DK041,Grassland without tree/shrub cover,Machinery and equipment
43083770,Yes,,,,,4.4,4.79,14.93,20.5,0,20.8,2,25.6,-5,B13,U111,1,DK,DK0,DK05,DK050,Barley,Agriculture (excluding fallow land and kitchen gardens)
43323772,Yes,,,,,5.2,5.57,35.6,42.7,0,33.5,4,39.3,9,E30,U112,1,DK,DK0,DK05,DK050,Spontaneously re-vegetated surfaces,Fallow land
43303776,Yes,,,,,3.5,4.3,20.8,45.9,0,88.2,3.5,54.1,28,C10,U120,1,DK,DK0,DK05,DK050,Broadleaved woodland,FORESTRY
43383736,Yes,,,,,4.8,5.2,11.19,9.9,0,59.6,1.2,70.6,-10,B18,U111,1,DK,DK0,DK05,DK050,Triticale,Agriculture (excluding fallow land and kitchen gardens)
43303740,Yes,,,,,5.4,5.63,92.6,191.2,0,36.4,16.6,106.8,0,B11,U111,1,DK,DK0,DK05,DK050,Common wheat,Agriculture (excluding fallow land and kitchen gardens)
43183752,Yes,,,,,4.8,5.14,14.64,17.7,0,36.6,1.8,117.2,48,B11,U111,2,DK,DK0,DK05,DK050,Common wheat,Agriculture (excluding fallow land and kitchen gardens)
43343760,Yes,,,,,6.4,6.7,33.7,49.8,1,56.7,3.2,143.8,2,B84,U111,1,DK,DK0,DK05,DK050,Permanent industrial crops,Agriculture (excluding fallow land and kitchen gardens)
44483522,Yes,,,,,7,7.22,25.3,11.6,3,39.6,1.6,72,17,B13,U111,1,DK,DK0,DK02,DK022,Barley,Agriculture (excluding fallow land and kitchen gardens)
44083608,Yes,,,,,6.4,6.52,53.1,35.5,3,240.6,3.8,416.7,42,C10,U120,1,DK,DK0,DK02,DK022,Broadleaved woodland,FORESTRY
44063526,Yes,,,,,5.9,5.95,64.2,47.6,0,15.3,4.1,64.1,36,C10,U120,1,DK,DK0,DK02,DK022,Broadleaved woodland,FORESTRY
44123522,Yes,,,,,5.8,6.08,12.29,9.4,0,14.1,1.2,71.8,13,B13,U111,1,DK,DK0,DK02,DK022,Barley,Agriculture (excluding fallow land and kitchen gardens)
44343518,Yes,,,,,6.8,6.94,50.5,29.5,8,56.4,3.1,217.5,7,E30,U420,1,DK,DK0,DK02,DK022,Spontaneously re-vegetated surfaces,Semi-natural and natural areas not in use
44243526,Yes,,,,,6.9,7.11,15.34,9,0,36.3,1.2,86.3,0,B22,U111,2,DK,DK0,DK02,DK022,Sugar beet,Agriculture (excluding fallow land and kitchen gardens)
42603550,Yes,,,,,5.3,5.58,22,11.3,0,48.9,1.2,30.4,27,B13,U111,1,DK,DK0,DK03,DK032,Barley,Agriculture (excluding fallow land and kitchen gardens)
43623562,Yes,,,,,3.6,4.11,28.4,55.2,0,93,4,69.1,52,C10,U120,1,DK,DK0,DK03,DK031,Broadleaved woodland,FORESTRY
43303584,Yes,,,,,5.9,6,38.2,19.7,0,69.6,2.2,180.4,51,B32,U111,1,DK,DK0,DK03,DK031,Rape and turnip rape,Agriculture (excluding fallow land and kitchen gardens)
43583564,Yes,,,,,6.1,6.31,18.77,18.5,0,76.7,2,102,92,B16,U111,2,DK,DK0,DK03,DK031,Maize,Agriculture (excluding fallow land and kitchen gardens)
44483546,Yes,,,,,5.9,6.15,16.39,13.8,0,27.8,1.7,153.5,53,E10,U120,1,DK,DK0,DK02,DK022,Grassland with sparse tree/shrub cover,FORESTRY
44023602,Yes,,,,,6.4,6.54,12.64,13.4,1,24.5,1.7,70.9,23,B11,U111,1,DK,DK0,DK02,DK022,Common wheat,Agriculture (excluding fallow land and kitchen gardens)
44363574,Yes,,,,,5.1,5.32,26.5,11.7,1,33.5,1.5,80.8,61,B13,U111,1,DK,DK0,DK02,DK022,Barley,Agriculture (excluding fallow land and kitchen gardens)
44263576,Yes,,,,,7,7.27,23.6,11.1,3,42.5,1.5,121.9,23,B32,U111,1,DK,DK0,DK02,DK022,Rape and turnip rape,Agriculture (excluding fallow land and kitchen gardens)
44203578,Yes,,,,,5.4,5.61,24.1,14,0,16.1,1.7,155.7,45,B84,U111,1,DK,DK0,DK02,DK022,Permanent industrial crops,Agriculture (excluding fallow land and kitchen gardens)
44383606,Yes,,,,,4.3,4.6,18.47,16.9,1,35.3,1.9,112.1,120,C23,U120,2,DK,DK0,DK02,DK022,Other coniferous woodland,FORESTRY
43283592,Yes,,,,,4.9,5.12,32.8,13.9,0,18.6,1.6,114.4,60,B11,U111,1,DK,DK0,DK03,DK031,Common wheat,Agriculture (excluding fallow land and kitchen gardens)
43343566,Yes,,,,,6.1,6.27,17.27,12,1,46.6,1.4,42.5,49,B14,U111,1,DK,DK0,DK03,DK031,Rye,Agriculture (excluding fallow land and kitchen gardens)
43163598,Yes,,,,,5.9,6.14,18.67,10,0,34.8,1.3,76,38,B11,U111,1,DK,DK0,DK03,DK031,Common wheat,Agriculture (excluding fallow land and kitchen gardens)
43103646,Yes,,,,,6,6.2,25.7,12.9,1,43.5,1.6,59.8,97,E20,U111,1,DK,DK0,DK04,DK042,Grassland without tree/shrub cover,Agriculture (excluding fallow land and kitchen gardens)
44143514,Yes,,,,,7,7.18,20.5,11,1,55.3,1.5,152,8,B32,U111,1,DK,DK0,DK02,DK022,Rape and turnip rape,Agriculture (excluding fallow land and kitchen gardens)
44563584,Yes,,,,,6.7,6.94,16.94,15.1,1,61.5,2,109.3,17,B13,U111,1,DK,DK0,DK02,DK022,Barley,Agriculture (excluding fallow land and kitchen gardens)
43543590,Yes,,,,,6.8,7,24.2,13.8,1,13.2,1.8,44.4,4,B11,U111,1,DK,DK0,DK03,DK031,Common wheat,Agriculture (excluding fallow land and kitchen gardens)
43943536,Yes,,,,,7.3,7.71,15.63,13.2,13,15.7,1.8,54.5,9,B11,U111,1,DK,DK0,DK02,DK022,Common wheat,Agriculture (excluding fallow land and kitchen gardens)
43263580,Yes,,,,,5.9,6.15,18.9,12.2,0,35.1,1.5,91.8,73,B11,U111,1,DK,DK0,DK03,DK031,Common wheat,Agriculture (excluding fallow land and kitchen gardens)
44163598,Yes,,,,,7.1,7.3,21,13.8,4,43.4,1.8,102.9,28,B32,U111,1,DK,DK0,DK02,DK022,Rape and turnip rape,Agriculture (excluding fallow land and kitchen gardens)
43403554,Yes,,,,,5.1,5.22,28.3,12.2,0,28.5,1.6,65,42,B13,U111,1,DK,DK0,DK03,DK031,Barley,Agriculture (excluding fallow land and kitchen gardens)
43223636,Yes,,,,,7.2,7.58,25.5,11.2,18,34.4,1.4,112.9,2,E20,U361,2,DK,DK0,DK04,DK042,Grassland without tree/shrub cover,"Amenities, museum, leisure (e.g. parks, botanical gardens)"
43263648,Yes,,,,,5.8,6.07,8.47,26.4,0,45,3,106.6,34,E30,U420,2,DK,DK0,DK04,DK042,Spontaneously re-vegetated surfaces,Semi-natural and natural areas not in use
42983652,Yes,,,,,5.7,5.93,18.94,15.8,0,41.9,1.7,143.3,91,B13,U111,1,DK,DK0,DK04,DK042,Barley,Agriculture (excluding fallow land and kitchen gardens)
43323646,Yes,,,,,5.6,5.94,17.34,11.7,0,43.3,1.4,103,20,B13,U111,1,DK,DK0,DK04,DK042,Barley,Agriculture (excluding fallow land and kitchen gardens)
43063622,Yes,,,,,7.1,7.35,25.4,13.1,4,44,1.7,132.3,44,B11,U111,1,DK,DK0,DK04,DK042,Common wheat,Agriculture (excluding fallow land and kitchen gardens)
43623598,Yes,,,,,6.7,6.82,40,15.7,2,51.4,2,193.8,4,B16,U111,1,DK,DK0,DK03,DK031,Maize,Agriculture (excluding fallow land and kitchen gardens)
44643646,Yes,,,,,7.2,7.33,41.3,21.7,11,46.9,2.7,94.5,39,B15,U111,1,DK,DK0,DK01,DK013,Oats,Agriculture (excluding fallow land and kitchen gardens)
44143586,Yes,,,,,6.4,6.59,17.73,18.7,0,25.1,2.2,97.3,50,B13,U111,1,DK,DK0,DK02,DK022,Barley,Agriculture (excluding fallow land and kitchen gardens)
44163626,Yes,,,,,5.9,6.11,22.7,14.2,0,37.5,1.8,157.3,16,B11,U111,2,DK,DK0,DK02,DK022,Common wheat,Agriculture (excluding fallow land and kitchen gardens)
43403558,Yes,,,,,5.4,5.75,14.19,8.7,0,16.8,1.1,92.1,77,B14,U111,1,DK,DK0,DK03,DK031,Rye,Agriculture (excluding fallow land and kitchen gardens)
43483566,Yes,,,,,5.5,5.8,18.55,13.4,0,25.2,1.7,99.9,51,B11,U111,1,DK,DK0,DK03,DK031,Common wheat,Agriculture (excluding fallow land and kitchen gardens)
44083626,Yes,,,,,6.4,6.57,23.1,13.2,0,57.7,1.6,161.1,5,B32,U111,1,DK,DK0,DK02,DK022,Rape and turnip rape,Agriculture (excluding fallow land and kitchen gardens)
44563656,Yes,,,,,5.2,5.52,12.92,19.9,0,34.7,2.3,54.5,18,B11,U111,1,DK,DK0,DK01,DK013,Common wheat,Agriculture (excluding fallow land and kitchen gardens)
44103574,Yes,,,,,6.7,6.85,16.94,11.4,0,31.1,1.5,88.5,22,B11,U111,1,DK,DK0,DK02,DK022,Common wheat,Agriculture (excluding fallow land and kitchen gardens)
44703666,Yes,,,,,6.6,6.78,21.5,16.8,1,38.7,1.6,47.9,19,B32,U111,1,DK,DK0,DK01,DK013,Rape and turnip rape,Agriculture (excluding fallow land and kitchen gardens)
44303572,Yes,,,,,6,6.27,12.03,10.3,0,30.4,1.2,75,2,B13,U111,1,DK,DK0,DK02,DK022,Barley,Agriculture (excluding fallow land and kitchen gardens)
44683628,Yes,,,,,5.5,5.76,22.9,15,0,31.7,1.9,99.7,34,E20,U111,1,DK,DK0,DK01,DK012,Grassland without tree/shrub cover,Agriculture (excluding fallow land and kitchen gardens)
44423616,Yes,,,,,3.8,4.1,26.3,33.8,0,17.8,2.4,42.8,29,C10,U120,1,DK,DK0,DK02,DK021,Broadleaved woodland,FORESTRY
43443572,Yes,,,,,7.1,7.52,19.21,8.8,3,16.7,1.2,106.3,43,B11,U111,1,DK,DK0,DK03,DK031,Common wheat,Agriculture (excluding fallow land and kitchen gardens)
44403592,Yes,,,,,6.7,6.97,23.6,22.4,4,121.2,2.5,685.2,44,E30,U111,2,DK,DK0,DK02,DK022,Spontaneously re-vegetated surfaces,Agriculture (excluding fallow land and kitchen gardens)
44283592,Yes,,,,,5.8,6.14,8.33,14.2,0,36.3,1.8,112.3,41,B11,U111,3,DK,DK0,DK02,DK022,Common wheat,Agriculture (excluding fallow land and kitchen gardens)
43283790,Yes,,,,,5.4,5.81,16.81,16.4,0,30.5,1.7,90.7,22,B16,U111,1,DK,DK0,DK05,DK050,Maize,Agriculture (excluding fallow land and kitchen gardens)
44403654,Yes,,,,,6,6.21,22.1,13.9,0,41.4,1.7,90.1,7,B32,U111,1,DK,DK0,DK01,DK013,Rape and turnip rape,Agriculture (excluding fallow land and kitchen gardens)
44643622,Yes,,,,,5.2,5.48,15.67,14.8,0,27.8,1.9,87.1,33,B11,U111,1,DK,DK0,DK01,DK012,Common wheat,Agriculture (excluding fallow land and kitchen gardens)
44103586,Yes,,,,,6.5,6.71,12.8,10,1,14.8,1.4,75.1,43,B13,U111,1,DK,DK0,DK02,DK022,Barley,Agriculture (excluding fallow land and kitchen gardens)
44283628,Yes,,,,,5.7,5.92,18.84,19.7,0,36.6,2.2,86.5,27,B55,U111,1,DK,DK0,DK02,DK022,Temporary grassland,Agriculture (excluding fallow land and kitchen gardens)
44483636,Yes,,,,,7.3,7.76,18.22,8.1,13,59.7,1.1,150.3,15,B37,U111,1,DK,DK0,DK01,DK013,Other non-permanent industrial crops,Agriculture (excluding fallow land and kitchen gardens)
44443636,Yes,,,,,7.2,7.2,75.2,70,18,62.8,6.2,328.2,16,C10,U420,1,DK,DK0,DK01,DK013,Broadleaved woodland,Semi-natural and natural areas not in use
44603660,Yes,,,,,5.8,5.97,48,59.1,0,74.8,5.2,330.7,23,E20,U111,1,DK,DK0,DK01,DK013,Grassland without tree/shrub cover,Agriculture (excluding fallow land and kitchen gardens)
44543646,Yes,,,,,5.2,5.4,18.46,21.9,0,59.1,2.1,31.7,8,B55,U111,1,DK,DK0,DK01,DK013,Temporary grassland,Agriculture (excluding fallow land and kitchen gardens)
43903626,Yes,,,,,4.3,4.54,20.4,9.4,0,63.1,1.1,91.9,8,B16,U111,1,DK,DK0,DK02,DK022,Maize,Agriculture (excluding fallow land and kitchen gardens)
44783660,Yes,,,,,4.4,4.62,20.9,18,0,20.9,1.6,47.1,33,E20,U111,1,DK,DK0,DK01,DK013,Grassland without tree/shrub cover,Agriculture (excluding fallow land and kitchen gardens)
44403604,Yes,,,,,6,6.23,24.9,25.8,0,34.4,2.7,98.9,66,B32,U111,1,DK,DK0,DK02,DK022,Rape and turnip rape,Agriculture (excluding fallow land and kitchen gardens)
44563620,Yes,,,,,6.7,6.94,14.08,19.4,2,21.5,2.3,86.1,24,B11,U111,1,DK,DK0,DK02,DK021,Common wheat,Agriculture (excluding fallow land and kitchen gardens)
44703576,Yes,,,,,6.6,6.79,18.29,15.1,1,49.5,1.9,153.5,20,B13,U111,1,DK,DK0,DK02,DK022,Barley,Agriculture (excluding fallow land and kitchen gardens)
44443554,Yes,,,,,6.2,6.34,26.6,10.1,0,27.9,1.4,170.7,42,B73,U111,1,DK,DK0,DK02,DK022,Cherry fruit,Agriculture (excluding fallow land and kitchen gardens)
44503514,Yes,,,,,6.5,6.62,3.08,0.4,0,3.9,0,12.4,1,F20,U361,1,DK,DK0,DK02,DK022,SAND,"Amenities, museum, leisure (e.g. parks, botanical gardens)"
44423562,Yes,,,,,5.9,6.04,32,9.9,0,27.4,1.4,86,47,B22,U111,1,DK,DK0,DK02,DK022,Sugar beet,Agriculture (excluding fallow land and kitchen gardens)
44483564,Yes,,,,,6.2,6.41,17.56,10.8,0,21.1,1.5,89.4,27,B32,U111,1,DK,DK0,DK02,DK022,Rape and turnip rape,Agriculture (excluding fallow land and kitchen gardens)
44763646,Yes,,,,,4.6,4.87,20.3,18.6,0,26.3,1.9,160.2,28,E20,U111,1,DK,DK0,DK01,DK013,Grassland without tree/shrub cover,Agriculture (excluding fallow land and kitchen gardens)
42423766,Yes,,,,,7.3,7.66,27.7,17.7,74,48,2.4,187.5,15,B11,U111,2,DK,DK0,DK05,DK050,Common wheat,Agriculture (excluding fallow land and kitchen gardens)
42883694,Yes,,,,,5.1,5.36,23.7,15.3,0,114.2,1.7,153.4,41,B55,U111,1,DK,DK0,DK04,DK042,Temporary grassland,Agriculture (excluding fallow land and kitchen gardens)
42083674,Yes,,,,,3.8,4.11,12.31,41,0,31.6,3.3,63.5,-11,E20,U420,1,DK,DK0,DK04,DK041,Grassland without tree/shrub cover,Semi-natural and natural areas not in use
42663700,Yes,,,,,4.9,5.29,13.81,20.7,0,37.7,1.4,48.8,39,A22,U312,1,DK,DK0,DK04,DK041,Non built-up linear features,Road transport
42443692,Yes,,,,,6,6.06,23.9,23.5,0,65.9,1.5,59.8,24,B14,U111,1,DK,DK0,DK04,DK041,Rye,Agriculture (excluding fallow land and kitchen gardens)
42683702,Yes,,,,,4.6,4.79,45.5,18.1,0,33.9,2,253.8,37,B16,U111,1,DK,DK0,DK04,DK041,Maize,Agriculture (excluding fallow land and kitchen gardens)
42743700,Yes,,,,,5.7,6.1,12.76,22.4,0,39.5,1.6,31.9,40,C10,U370,1,DK,DK0,DK04,DK041,Broadleaved woodland,RESIDENTIAL
42323708,Yes,,,,,5.8,6.1,22.2,15.4,0,59.9,1.9,109.3,32,B11,U111,1,DK,DK0,DK04,DK041,Common wheat,Agriculture (excluding fallow land and kitchen gardens)
42663712,Yes,,,,,5.5,5.84,23.3,27.1,0,93.5,2.5,191.5,14,B16,U111,1,DK,DK0,DK04,DK041,Maize,Agriculture (excluding fallow land and kitchen gardens)
42403692,Yes,,,,,5,5.33,18.33,21.7,0,65.3,1.9,88.2,31,B13,U111,2,DK,DK0,DK04,DK041,Barley,Agriculture (excluding fallow land and kitchen gardens)
42503708,Yes,,,,,4.9,5.11,27.7,17.3,0,25.6,1.9,130,24,B15,U111,2,DK,DK0,DK04,DK041,Oats,Agriculture (excluding fallow land and kitchen gardens)
42723670,Yes,,,,,4.6,4.85,11.94,11.8,0,42.7,0.9,20.6,58,B13,U111,1,DK,DK0,DK04,DK041,Barley,Agriculture (excluding fallow land and kitchen gardens)
42683684,Yes,,,,,4.9,5.28,11.49,24,0,55.6,1.5,8.9,50,B15,U111,1,DK,DK0,DK04,DK041,Oats,Agriculture (excluding fallow land and kitchen gardens)
42583678,Yes,,,,,4.5,4.85,16.17,19.1,0,83.8,1.3,19.1,31,B21,U111,1,DK,DK0,DK04,DK041,Potatoes,Agriculture (excluding fallow land and kitchen gardens)
42543680,Yes,,,,,5.9,6.12,16.84,12.4,0,94.7,1,50.4,24,B13,U111,1,DK,DK0,DK04,DK041,Barley,Agriculture (excluding fallow land and kitchen gardens)
42363680,Yes,,,,,5.2,5.51,19.2,27.5,0,58.1,2,60.7,67,B55,U111,2,DK,DK0,DK04,DK041,Temporary grassland,Agriculture (excluding fallow land and kitchen gardens)
42303712,Yes,,,,,5.2,5.52,22.1,27.4,0,78.2,2.7,84,15,B32,U111,2,DK,DK0,DK04,DK041,Rape and turnip rape,Agriculture (excluding fallow land and kitchen gardens)
43163818,Yes,,,,,5.4,5.65,50.2,21,0,43,2.5,327.8,0,B55,U111,1,DK,DK0,DK05,DK050,Temporary grassland,Agriculture (excluding fallow land and kitchen gardens)
43143784,Yes,,,,,6.6,6.79,22.8,17.1,0,34.9,1.9,100.1,-2,B14,U111,1,DK,DK0,DK05,DK050,Rye,Agriculture (excluding fallow land and kitchen gardens)
42923790,Yes,,,,,4.1,4.64,29.9,44,0,35.9,3,91.5,1,E20,U361,1,DK,DK0,DK05,DK050,Grassland without tree/shrub cover,"Amenities, museum, leisure (e.g. parks, botanical gardens)"
43023784,Yes,,,,,4.2,4.39,22.4,9.6,0,58.7,1.2,30.4,-1,B55,U111,1,DK,DK0,DK05,DK050,Temporary grassland,Agriculture (excluding fallow land and kitchen gardens)
42723778,Yes,,,,,4.3,4.6,28.7,15.3,0,55.7,1.6,58,-3,B55,U111,1,DK,DK0,DK05,DK050,Temporary grassland,Agriculture (excluding fallow land and kitchen gardens)
42583776,Yes,,,,,3.4,4.51,6.84,20.9,0,12.7,0.9,30.1,8,C23,U120,1,DK,DK0,DK05,DK050,Other coniferous woodland,FORESTRY
42763714,Yes,,,,,6.7,6.94,30.1,19.9,2,62,1.9,69.7,29,B13,U111,1,DK,DK0,DK04,DK041,Barley,Agriculture (excluding fallow land and kitchen gardens)
43283808,Yes,,,,,5.2,5.52,16.4,14.3,0,31.6,1.6,49.3,36,B16,U111,1,DK,DK0,DK05,DK050,Maize,Agriculture (excluding fallow land and kitchen gardens)
42103684,Yes,,,,,5.5,5.76,23.6,63.9,0,23.8,5.1,96.8,-6,B11,U111,1,DK,DK0,DK04,DK041,Common wheat,Agriculture (excluding fallow land and kitchen gardens)
43143816,Yes,,,,,5.2,5.72,11.86,18.9,0,23.7,2,172.2,10,E20,U111,1,DK,DK0,DK05,DK050,Grassland without tree/shrub cover,Agriculture (excluding fallow land and kitchen gardens)
43343818,Yes,,,,,4.8,5.08,12.22,8.7,0,47.1,1,53.5,23,B13,U111,1,DK,DK0,DK05,DK050,Barley,Agriculture (excluding fallow land and kitchen gardens)
43263828,Yes,,,,,5.6,6.06,6.64,26.7,0,53.1,1.8,42.1,13,B14,U111,1,DK,DK0,DK05,DK050,Rye,Agriculture (excluding fallow land and kitchen gardens)
43483794,Yes,,,,,4.8,5.27,6.7,16.3,0,14.3,1.3,54.5,36,C10,U120,1,DK,DK0,DK05,DK050,Broadleaved woodland,FORESTRY
42583740,Yes,,,,,5,5.25,28,14.6,0,57.2,1.8,122.4,5,B11,U111,2,DK,DK0,DK04,DK041,Common wheat,Agriculture (excluding fallow land and kitchen gardens)
42563736,Yes,,,,,5.1,5.34,36.9,26,0,64.2,2.6,146.9,8,B32,U111,2,DK,DK0,DK04,DK041,Rape and turnip rape,Agriculture (excluding fallow land and kitchen gardens)
43163800,Yes,,,,,5,5.18,25.2,38,0,52.4,3,74.5,4,B14,U111,1,DK,DK0,DK05,DK050,Rye,Agriculture (excluding fallow land and kitchen gardens)
42843682,Yes,,,,,6.1,6.32,17.69,22,0,24.8,1.8,50.1,72,B55,U111,1,DK,DK0,DK04,DK042,Temporary grassland,Agriculture (excluding fallow land and kitchen gardens)
43043690,Yes,,,,,5.6,5.96,12.68,11.4,0,53.5,1.2,36.9,16,B11,U111,2,DK,DK0,DK04,DK042,Common wheat,Agriculture (excluding fallow land and kitchen gardens)
42943696,Yes,,,,,6.7,6.9,14.65,16.4,0,41.5,1.7,60.8,37,B11,U111,2,DK,DK0,DK04,DK041,Common wheat,Agriculture (excluding fallow land and kitchen gardens)
43123686,Yes,,,,,5.4,5.75,7.58,18.1,0,35.4,2,40.4,59,E20,U420,1,DK,DK0,DK04,DK042,Grassland without tree/shrub cover,Semi-natural and natural areas not in use
43183680,Yes,,,,,3.9,4.42,7.54,29.9,0,18,2.2,35.9,80,C10,U120,1,DK,DK0,DK04,DK042,Broadleaved woodland,FORESTRY
43203700,Yes,,,,,6.1,6.33,8.25,13.5,0,73.7,1.5,141.2,44,B13,U111,2,DK,DK0,DK04,DK042,Barley,Agriculture (excluding fallow land and kitchen gardens)
42243676,Yes,,,,,3.7,4.59,13.56,21.5,0,20.4,1.1,23.5,42,C22,U120,1,DK,DK0,DK04,DK041,Pine dominated coniferous woodland,FORESTRY
42263670,Yes,,,,,5.2,5.67,7.94,28.8,0,112.1,2.3,79.3,28,B15,U111,1,DK,DK0,DK04,DK041,Oats,Agriculture (excluding fallow land and kitchen gardens)
42303694,Yes,,,,,5.3,5.73,6.46,17,0,23.9,1.6,44.7,5,E30,U420,1,DK,DK0,DK04,DK041,Spontaneously re-vegetated surfaces,Semi-natural and natural areas not in use
42323666,Yes,,,,,4.7,5.14,11.01,53.1,0,37.8,3.4,20.2,45,E20,U111,1,DK,DK0,DK04,DK041,Grassland without tree/shrub cover,Agriculture (excluding fallow land and kitchen gardens)
43663692,Yes,,,,,6,6.21,36.7,78,0,66.4,6.5,96.9,0,B32,U111,2,DK,DK0,DK04,DK042,Rape and turnip rape,Agriculture (excluding fallow land and kitchen gardens)
43623698,Yes,,,,,6,6.24,10.73,15,0,60.2,1.7,62.7,10,B11,U111,2,DK,DK0,DK04,DK042,Common wheat,Agriculture (excluding fallow land and kitchen gardens)
43123692,Yes,,,,,6.1,6.36,7.15,14.7,0,31.3,1.6,87.2,82,B11,U111,2,DK,DK0,DK04,DK042,Common wheat,Agriculture (excluding fallow land and kitchen gardens)
43163688,Yes,,,,,5.7,5.95,9.62,17.9,0,25.4,2.1,161.2,66,E20,U111,1,DK,DK0,DK04,DK042,Grassland without tree/shrub cover,Agriculture (excluding fallow land and kitchen gardens)
43223788,Yes,,,,,5.2,6.5,12.74,10.1,0,51.1,1.1,66.1,6,B11,U111,1,DK,DK0,DK05,DK050,Common wheat,Agriculture (excluding fallow land and kitchen gardens)
43223702,Yes,,,,,6.8,7.06,11.17,12.4,0,78.9,1.6,87.1,50,B11,U111,3,DK,DK0,DK04,DK042,Common wheat,Agriculture (excluding fallow land and kitchen gardens)
43283682,Yes,,,,,5.7,6.07,8.55,39.3,0,42.1,2.8,78.2,54,B11,U111,1,DK,DK0,DK04,DK042,Common wheat,Agriculture (excluding fallow land and kitchen gardens)
43363698,Yes,,,,,6,6.31,8.87,13.5,0,76.7,1.6,108.5,14,B13,U111,1,DK,DK0,DK04,DK042,Barley,Agriculture (excluding fallow land and kitchen gardens)
43583708,Yes,,,,,5.7,6.09,8.46,24.1,0,43.9,1.9,91.4,30,B14,U111,3,DK,DK0,DK04,DK042,Rye,Agriculture (excluding fallow land and kitchen gardens)
42943686,Yes,,,,,6.3,6.53,13.44,57.3,0,152.2,4,100.7,50,B11,U111,1,DK,DK0,DK04,DK042,Common wheat,Agriculture (excluding fallow land and kitchen gardens)
43143676,Yes,,,,,6,6.23,7.35,13.5,0,50.7,1.6,71.5,56,B13,U111,2,DK,DK0,DK04,DK042,Barley,Agriculture (excluding fallow land and kitchen gardens)
43103664,Yes,,,,,6.1,6.39,10.88,21.2,0,39.7,2.2,91.4,85,B11,U111,2,DK,DK0,DK04,DK042,Common wheat,Agriculture (excluding fallow land and kitchen gardens)
43903522,Yes,,,,,6.8,7.07,12.03,9.5,0,28,1.3,135.6,-3,B13,U111,1,DK,DK0,DK02,DK022,Barley,Agriculture (excluding fallow land and kitchen gardens)
43123588,Yes,,,,,6.5,6.73,18.36,13.4,0,52.8,1.6,224.9,15,B32,U111,1,DK,DK0,DK03,DK031,Rape and turnip rape,Agriculture (excluding fallow land and kitchen gardens)
43303570,Yes,,,,,5.7,6.02,16.51,10.5,0,63.1,1.3,83.1,50,B11,U111,2,DK,DK0,DK03,DK031,Common wheat,Agriculture (excluding fallow land and kitchen gardens)
44203642,Yes,,,,,6.2,6.43,24.2,18.2,0,27.8,2.2,61.3,14,E30,U420,1,DK,DK0,DK02,DK022,Spontaneously re-vegetated surfaces,Semi-natural and natural areas not in use
42003608,Yes,,,,,4.3,4.93,20.8,18,0,23.2,1.6,58,0,E20,U350,1,DK,DK0,DK03,DK032,Grassland without tree/shrub cover,COMMUNITY SERVICES
42783592,Yes,,,,,6.7,7.01,16.11,11.2,2,28.8,1.2,69.7,33,B16,U111,1,DK,DK0,DK03,DK032,Maize,Agriculture (excluding fallow land and kitchen gardens)
42903702,Yes,,,,,5.4,5.78,16.76,13.4,0,53.5,1.5,148.1,31,B18,U111,1,DK,DK0,DK04,DK041,Triticale,Agriculture (excluding fallow land and kitchen gardens)
