Point_ID,Revisited_point,Coarse,Clay,Sand,Silt,pH(CaCl2),pH(H2O),EC,OC,CaCO3,P,N,K,Elevation,LC1,LU1,Soil_Stones,NUTS_0,NUTS_1,NUTS_2,NUTS_3,LC1_Desc,LU1_Desc
40703338,No,6,5,53,42,3.4,3.66,252,354.6,0,161.5,23.2,352.2,-9,C10,U420,1,NL,NL1,NL12,NL126,Broadleaved woodland,Semi-natural and natural areas not in use
40843338,No,0,4,68,28,4.6,4.93,38.5,54.5,0,84,2.9,63.9,8,E20,U111,1,NL,NL1,NL13,NL131,Grassland without tree/shrub cover,Agriculture (excluding fallow land and kitchen gardens)
40843320,No,4,5,67,28,5.1,5.51,21.7,47.8,0,108,2.7,112.9,3,B13,U111,1,NL,NL1,NL13,NL131,Barley,Agriculture (excluding fallow land and kitchen gardens)
40623316,No,4,6,57,37,4.8,5.15,38.6,40.7,0,98,2.7,164,-12,E20,U362,1,NL,NL1,NL12,NL126,Grassland without tree/shrub cover,Sport
41063342,No,1,5,69,26,4.4,4.69,42.9,41.6,0,126.8,2.6,75.5,-8,B21,U111,1,NL,NL1,NL11,NL113,Potatoes,Agriculture (excluding fallow land and kitchen gardens)
40443366,No,7,19,34,47,6.6,6.88,23.4,11.3,1,81.3,1.4,174.2,-2,B21,U111,1,NL,NL1,NL12,NL124,Potatoes,Agriculture (excluding fallow land and kitchen gardens)
40783372,No,6,34,16,50,7.2,7.5,57.1,12.5,93,61.4,1.8,234.2,-17,B16,U111,1,NL,NL1,NL11,NL113,Maize,Agriculture (excluding fallow land and kitchen gardens)
40343366,No,7,18,19,62,7.4,7.63,374,29.9,143,62.1,3.3,495.8,1,E30,U420,1,NL,NL1,NL12,NL124,Spontaneously re-vegetated surfaces,Semi-natural and natural areas not in use
40943358,No,7,29,15,56,6.9,7.16,23,20.5,6,56.5,2.5,198,-9,E20,U111,1,NL,NL1,NL11,NL113,Grassland without tree/shrub cover,Agriculture (excluding fallow land and kitchen gardens)
41123358,No,9,28,12,60,6,6.2,68.6,75.8,1,108.4,7.2,267.5,0,E20,U111,1,NL,NL1,NL11,NL113,Grassland without tree/shrub cover,Agriculture (excluding fallow land and kitchen gardens)
41043334,No,5,6,63,31,5.5,5.83,87.1,91.4,0,48.2,7.2,360.3,-6,E20,U111,1,NL,NL1,NL13,NL131,Grassland without tree/shrub cover,Agriculture (excluding fallow land and kitchen gardens)
40183352,No,4,24,24,52,7,7.23,34.9,14.9,16,77.6,2.1,238.8,-4,B22,U111,1,NL,NL1,NL12,NL124,Sugar beet,Agriculture (excluding fallow land and kitchen gardens)
39843158,No,1,3,78,20,3.2,3.97,10,29.2,0,16.7,1.4,22.8,20,C22,U120,1,NL,NL4,NL41,NL412,Pine dominated coniferous woodland,FORESTRY
40023148,No,13,5,65,29,5.6,5.91,30.2,26,0,50.2,2,102.7,16,B16,U111,1,NL,NL4,NL41,NL414,Maize,Agriculture (excluding fallow land and kitchen gardens)
40383310,No,4,26,11,63,4.7,4.98,51.7,75.2,0,48.4,6.3,157.2,-11,E20,U111,1,NL,NL1,NL12,NL125,Grassland without tree/shrub cover,Agriculture (excluding fallow land and kitchen gardens)
40243296,No,2,11,60,29,6.9,7.3,30.2,7.7,54,66.1,1.3,153.9,-14,B44,U111,1,NL,NL2,NL23,NL230,Floriculture and ornamental plants,Agriculture (excluding fallow land and kitchen gardens)
40503298,No,7,16,26,58,4.8,5.16,25.8,141.7,1,86.8,12.2,260.8,-12,E20,U111,1,NL,NL2,NL21,NL211,Grassland without tree/shrub cover,Agriculture (excluding fallow land and kitchen gardens)
40663302,No,6,7,64,29,5.3,5.67,14.72,30.8,1,90.4,2.8,38.5,-5,E20,U111,1,NL,NL1,NL13,NL133,Grassland without tree/shrub cover,Agriculture (excluding fallow land and kitchen gardens)
40803304,No,4,1,84,15,3.6,4.57,14.46,22.8,0,15,1.4,23.8,-1,D20,U420,1,NL,NL1,NL13,NL133,Shrubland without tree cover,Semi-natural and natural areas not in use
40743284,No,0,2,85,14,4.8,5.1,23.5,33.6,0,76.7,2.6,34.4,-1,E20,U111,1,NL,NL2,NL21,NL211,Grassland without tree/shrub cover,Agriculture (excluding fallow land and kitchen gardens)
40723262,No,1,5,66,29,4.6,4.9,51.7,35.8,0,97.3,3.1,125.4,5,E20,U111,1,NL,NL2,NL21,NL212,Grassland without tree/shrub cover,Agriculture (excluding fallow land and kitchen gardens)
40363340,No,4,28,15,57,6,6.16,31.7,44.6,1,100,5.1,585,-3,E20,U111,1,NL,NL1,NL12,NL125,Grassland without tree/shrub cover,Agriculture (excluding fallow land and kitchen gardens)
40263330,No,9,38,9,53,5.1,5.28,45,43.6,0,42.8,4.6,288.1,-16,E20,U111,1,NL,NL1,NL12,NL125,Grassland without tree/shrub cover,Agriculture (excluding fallow land and kitchen gardens)
40003262,No,3,17,21,61,7,7.11,66.2,62.9,10,22.1,5.1,380.8,-30,C10,U361,1,NL,NL2,NL23,NL230,Broadleaved woodland,"Amenities, museum, leisure (e.g. parks, botanical gardens)"
40863226,No,2,4,76,20,5.7,6.14,7.07,19.5,0,40.3,1.8,49,6,E20,U111,1,NL,NL2,NL22,NL225,Grassland without tree/shrub cover,Agriculture (excluding fallow land and kitchen gardens)
40243254,No,5,2,80,18,3.2,4.12,12.17,47,1,25.5,2.8,33.2,18,C32,U361,1,NL,NL2,NL22,NL221,Pine dominated mixed woodland,"Amenities, museum, leisure (e.g. parks, botanical gardens)"
39903244,No,9,3,77,20,3.7,3.99,8,37.2,1,33.1,2,14.1,-1,C10,U361,1,NL,NL3,NL32,NL327,Broadleaved woodland,"Amenities, museum, leisure (e.g. parks, botanical gardens)"
40063210,No,1,13,47,40,6.9,7.17,26.6,15.1,32,35.7,2,79.7,-5,B71,U111,1,NL,NL2,NL22,NL224,Apple fruit,Agriculture (excluding fallow land and kitchen gardens)
38823150,No,6,26,32,42,7.5,7.85,32,9.8,163,69.1,1.4,304.9,-5,B23,U111,1,NL,NL3,NL34,NL341,Other root crops,Agriculture (excluding fallow land and kitchen gardens)
38723176,No,5,29,24,47,7.3,7.64,23.1,12.8,55,14.4,1.6,204.5,-9,B11,U111,1,NL,NL3,NL34,NL342,Common wheat,Agriculture (excluding fallow land and kitchen gardens)
40523162,No,0,14,62,24,5.9,6.17,9.8,8.2,1,84.1,1,115.5,8,B16,U111,1,NL,NL4,NL42,NL421,Maize,Agriculture (excluding fallow land and kitchen gardens)
40163140,No,1,5,77,19,5.1,5.46,19.8,18.5,0,110.5,1.6,92.4,17,E20,U111,1,NL,NL4,NL41,NL414,Grassland without tree/shrub cover,Agriculture (excluding fallow land and kitchen gardens)
40143280,No,4,20,33,47,7.2,7.67,32.3,14.3,49,10.1,1.4,135.4,3,C10,U361,1,NL,NL2,NL23,NL230,Broadleaved woodland,"Amenities, museum, leisure (e.g. parks, botanical gardens)"
40463278,No,9,26,17,57,6.4,6.39,69.2,34.2,1,32.6,4.2,149.8,-8,E20,U111,1,NL,NL2,NL21,NL211,Grassland without tree/shrub cover,Agriculture (excluding fallow land and kitchen gardens)
39643304,No,,25,21,54,7.2,7.46,37.6,19.9,39,74.5,2.4,349.5,-9,B16,U111,1,NL,NL3,NL32,NL321,Maize,Agriculture (excluding fallow land and kitchen gardens)
40823328,Yes,,,,,4.7,4.96,29,20.3,0,116.2,1.7,79.5,-5,E30,U420,1,NL,NL1,NL13,NL131,Spontaneously re-vegetated surfaces,Semi-natural and natural areas not in use
40743364,Yes,,,,,6.9,7.11,10.91,8.1,39,75.6,1.3,65.8,-6,B11,U111,1,NL,NL1,NL11,NL113,Common wheat,Agriculture (excluding fallow land and kitchen gardens)
40643300,Yes,,,,,4.7,4.95,29.2,22.1,1,79.3,1.9,37.2,-4,B16,U111,1,NL,NL1,NL13,NL133,Maize,Agriculture (excluding fallow land and kitchen gardens)
40503370,Yes,,,,,7.1,7.24,64.9,11.1,4,84.8,1.4,189.4,-11,B21,U111,1,NL,NL1,NL12,NL124,Potatoes,Agriculture (excluding fallow land and kitchen gardens)
40863370,Yes,,,,,7,7.22,46.9,12.2,4,102.7,1.6,133.7,-8,B21,U111,1,NL,NL1,NL11,NL113,Potatoes,Agriculture (excluding fallow land and kitchen gardens)
40223358,Yes,,,,,7,7.3,26.2,13.2,11,89.2,1.7,167,-12,B23,U111,1,NL,NL1,NL12,NL124,Other root crops,Agriculture (excluding fallow land and kitchen gardens)
40023230,Yes,,,,,3.6,4.49,6.72,18,0,11.7,1,7.2,46,C33,U361,1,NL,NL3,NL31,NL310,Other mixed woodland,"Amenities, museum, leisure (e.g. parks, botanical gardens)"
39543262,Yes,,,,,6.9,7.16,30,17.6,58,39.9,1.9,67.8,2,C10,U361,1,NL,NL3,NL32,NL324,Broadleaved woodland,"Amenities, museum, leisure (e.g. parks, botanical gardens)"
40523234,Yes,,,,,4.4,4.66,21.6,11.7,1,23.1,1.5,12.1,0,E20,U111,1,NL,NL2,NL22,NL221,Grassland without tree/shrub cover,Agriculture (excluding fallow land and kitchen gardens)
40623226,Yes,,,,,6.3,6.37,38.3,45.8,1,33.1,5.5,145,0,E20,U111,1,NL,NL2,NL22,NL225,Grassland without tree/shrub cover,Agriculture (excluding fallow land and kitchen gardens)
40703234,Yes,,,,,6.1,6.34,16.18,17.9,0,58.9,2,288.2,0,E20,U111,1,NL,NL2,NL22,NL225,Grassland without tree/shrub cover,Agriculture (excluding fallow land and kitchen gardens)
40723226,Yes,,,,,5,5.49,11.13,26.7,0,103.6,2.2,29.6,5,E20,U111,1,NL,NL2,NL22,NL225,Grassland without tree/shrub cover,Agriculture (excluding fallow land and kitchen gardens)
39963214,Yes,,,,,5.4,5.51,62.2,29.6,0,71,3.7,160.3,-10,E20,U111,1,NL,NL2,NL22,NL224,Grassland without tree/shrub cover,Agriculture (excluding fallow land and kitchen gardens)
39723214,Yes,,,,,5.7,5.89,22.9,74.6,1,52.7,8.2,179.4,-8,E20,U111,1,NL,NL3,NL33,NL33A,Grassland without tree/shrub cover,Agriculture (excluding fallow land and kitchen gardens)
40123252,Yes,,,,,7.4,7.59,74.6,27.2,58,15.1,2.7,321.4,-16,C10,U120,1,NL,NL2,NL23,NL230,Broadleaved woodland,FORESTRY
40063258,Yes,,,,,7.4,7.8,28.1,19.5,110,55.4,2.5,230.1,-20,B55,U111,1,NL,NL2,NL23,NL230,Temporary grassland,Agriculture (excluding fallow land and kitchen gardens)
40123234,Yes,,,,,3.3,4.05,11.16,16,0,24.7,1,10.5,-4,C33,U361,1,NL,NL3,NL31,NL310,Other mixed woodland,"Amenities, museum, leisure (e.g. parks, botanical gardens)"
40243210,Yes,,,,,4.6,4.8,52.6,49.9,0,29.8,5.9,135.6,4,E20,U111,1,NL,NL2,NL22,NL226,Grassland without tree/shrub cover,Agriculture (excluding fallow land and kitchen gardens)
40423206,Yes,,,,,6.1,6.23,33.7,27.1,0,97.8,3.4,259.9,9,B21,U111,1,NL,NL2,NL22,NL226,Potatoes,Agriculture (excluding fallow land and kitchen gardens)
39083180,Yes,,,,,6.8,7.02,34.8,23.5,12,56.9,2.5,231.2,-5,E20,U111,1,NL,NL3,NL34,NL342,Grassland without tree/shrub cover,Agriculture (excluding fallow land and kitchen gardens)
38923172,Yes,,,,,7.3,7.69,22.6,10.4,25,48,1.3,158.4,-1,B11,U111,1,NL,NL3,NL34,NL342,Common wheat,Agriculture (excluding fallow land and kitchen gardens)
40783224,Yes,,,,,5.5,5.8,26.6,30,1,132.1,2.5,116.9,8,B16,U111,1,NL,NL2,NL22,NL225,Maize,Agriculture (excluding fallow land and kitchen gardens)
40103256,Yes,,,,,7.4,7.79,31.1,18.6,78,46.4,2,151.3,-12,B23,U111,1,NL,NL2,NL23,NL230,Other root crops,Agriculture (excluding fallow land and kitchen gardens)
40783218,Yes,,,,,3.7,4.05,28.1,43.8,1,165,3.6,39.2,11,C10,U361,1,NL,NL2,NL22,NL225,Broadleaved woodland,"Amenities, museum, leisure (e.g. parks, botanical gardens)"
40923374,Yes,,,,,7,7.24,17.85,11.4,21,79,1.4,78.9,-10,B13,U111,1,NL,NL1,NL11,NL113,Barley,Agriculture (excluding fallow land and kitchen gardens)
40303258,Yes,,,,,3.7,3.95,31.4,26,0,161,2.3,77.7,-5,E20,U111,1,NL,NL2,NL22,NL221,Grassland without tree/shrub cover,Agriculture (excluding fallow land and kitchen gardens)
40443258,Yes,,,,,3.8,3.98,11.9,23.4,0,20.2,1.3,8.8,40,C33,U361,1,NL,NL2,NL22,NL221,Other mixed woodland,"Amenities, museum, leisure (e.g. parks, botanical gardens)"
40243246,Yes,,,,,3.3,4.09,19.65,36.4,0,39.6,1.8,14.8,21,C33,U120,1,NL,NL2,NL22,NL221,Other mixed woodland,FORESTRY
40903244,Yes,,,,,5,5.64,15.46,23,0,47.6,1.5,24.6,3,B16,U111,1,NL,NL2,NL21,NL213,Maize,Agriculture (excluding fallow land and kitchen gardens)
39943252,Yes,,,,,3.3,4.19,11.68,33.2,0,71.9,2.1,23,19,C10,U361,1,NL,NL3,NL32,NL327,Broadleaved woodland,"Amenities, museum, leisure (e.g. parks, botanical gardens)"
40483234,Yes,,,,,3.4,4.3,11.8,50.5,0,19.1,2,14.9,15,C33,U361,1,NL,NL2,NL22,NL221,Other mixed woodland,"Amenities, museum, leisure (e.g. parks, botanical gardens)"
40783206,Yes,,,,,4.7,5.03,31.5,25.7,1,130.5,2.4,56,11,E20,U111,1,NL,NL2,NL22,NL225,Grassland without tree/shrub cover,Agriculture (excluding fallow land and kitchen gardens)
38623152,Yes,,,,,7.2,7.53,30.5,18.5,106,95.8,2.4,336.7,1,B11,U111,1,NL,NL3,NL34,NL341,Common wheat,Agriculture (excluding fallow land and kitchen gardens)
40703216,Yes,,,,,6.3,6.55,21.6,21.2,1,130.8,1.8,91.9,12,B55,U111,1,NL,NL2,NL22,NL225,Temporary grassland,Agriculture (excluding fallow land and kitchen gardens)
40783210,Yes,,,,,5.2,5.63,11.95,27.9,1,130,2.1,80.9,13,B16,U111,1,NL,NL2,NL22,NL225,Maize,Agriculture (excluding fallow land and kitchen gardens)
40903214,Yes,,,,,5.3,5.62,33.9,25.6,0,108.8,2.4,127.5,28,E20,U111,1,NL,NL2,NL22,NL225,Grassland without tree/shrub cover,Agriculture (excluding fallow land and kitchen gardens)
40903208,Yes,,,,,4.9,5.2,22,19.2,0,54.2,2.1,45.5,15,E20,U111,1,NL,NL2,NL22,NL225,Grassland without tree/shrub cover,Agriculture (excluding fallow land and kitchen gardens)
40603210,Yes,,,,,5.7,6.06,14.97,15,0,76.2,1.6,157,0,E20,U111,1,NL,NL2,NL22,NL225,Grassland without tree/shrub cover,Agriculture (excluding fallow land and kitchen gardens)
39363226,Yes,,,,,7.2,7.48,22.9,43.2,57,62.4,3.3,185.3,6,C10,U312,1,NL,NL3,NL33,NL333,Broadleaved woodland,Road transport
39683304,Yes,,,,,7.1,7.42,38.2,21.5,65,56.1,2.8,152.8,-5,B44,U111,1,NL,NL3,NL32,NL321,Floriculture and ornamental plants,Agriculture (excluding fallow land and kitchen gardens)
39003172,Yes,,,,,7,7.28,24.7,15.7,1,85.2,2.2,185.5,-8,B21,U111,1,NL,NL3,NL34,NL342,Potatoes,Agriculture (excluding fallow land and kitchen gardens)
40203238,Yes,,,,,7,7.28,11.34,9.8,3,17.9,0.8,10.1,1,E20,U312,1,NL,NL2,NL22,NL221,Grassland without tree/shrub cover,Road transport
40403118,Yes,,,,,6.3,6.57,47.5,16.8,1,142.3,1.9,320.5,30,B21,U111,1,NL,NL4,NL42,NL422,Potatoes,Agriculture (excluding fallow land and kitchen gardens)
39063190,Yes,,,,,7.4,7.65,20.2,12.2,20,94.8,1.5,226.8,-15,B43,U111,1,NL,NL3,NL34,NL342,Other fresh vegetables,Agriculture (excluding fallow land and kitchen gardens)
38643154,Yes,,,,,7.5,7.8,31.8,15.5,129,40.9,2,290.7,-4,B21,U111,1,NL,NL3,NL34,NL341,Potatoes,Agriculture (excluding fallow land and kitchen gardens)
38983156,Yes,,,,,7.5,7.78,26.3,14.3,45,56.7,1.7,168.4,-5,B35,U111,1,NL,NL3,NL34,NL341,Other fibre and oleaginous crops,Agriculture (excluding fallow land and kitchen gardens)
39103154,Yes,,,,,7.5,7.64,38.7,8.1,52,81.6,1.3,119.2,-13,B21,U111,1,NL,NL3,NL34,NL341,Potatoes,Agriculture (excluding fallow land and kitchen gardens)
39243196,Yes,,,,,7.5,7.85,22.7,10.3,52,51.9,1.1,97.7,-10,B21,U111,1,NL,NL3,NL33,NL33C,Potatoes,Agriculture (excluding fallow land and kitchen gardens)
39423200,Yes,,,,,7.6,7.88,20,12.8,53,102.3,1.7,131.8,-2,B23,U111,1,NL,NL3,NL33,NL33C,Other root crops,Agriculture (excluding fallow land and kitchen gardens)
39783208,Yes,,,,,6.5,6.44,64.2,63.8,1,43.7,7.3,261.6,-6,E20,U111,1,NL,NL3,NL33,NL33A,Grassland without tree/shrub cover,Agriculture (excluding fallow land and kitchen gardens)
39103190,Yes,,,,,6.8,6.85,98.1,18.7,5,112.2,2.5,148,-13,B21,U111,1,NL,NL3,NL34,NL342,Potatoes,Agriculture (excluding fallow land and kitchen gardens)
40883222,Yes,,,,,5.2,5.52,25.4,19.4,1,116,2.1,49.7,12,E20,U111,1,NL,NL2,NL22,NL225,Grassland without tree/shrub cover,Agriculture (excluding fallow land and kitchen gardens)
38943176,Yes,,,,,7.5,7.8,21,13.8,66,48.1,1.8,157.4,-4,B11,U111,1,NL,NL3,NL34,NL342,Common wheat,Agriculture (excluding fallow land and kitchen gardens)
38783178,Yes,,,,,6.8,6.92,33.8,14.9,1,80.7,2.1,172.2,-11,B11,U111,1,NL,NL3,NL34,NL342,Common wheat,Agriculture (excluding fallow land and kitchen gardens)
40023184,Yes,,,,,5.3,5.41,100.6,40.1,0,80.5,4.1,262.2,-8,E20,U111,1,NL,NL4,NL41,NL413,Grassland without tree/shrub cover,Agriculture (excluding fallow land and kitchen gardens)
40303180,Yes,,,,,4.9,5.13,35.1,19.4,0,107.2,1.8,121.7,18,B16,U111,1,NL,NL4,NL41,NL413,Maize,Agriculture (excluding fallow land and kitchen gardens)
39903190,Yes,,,,,5.7,5.79,31.9,33.8,0,51.9,3.8,176.1,2,E20,U111,1,NL,NL4,NL41,NL413,Grassland without tree/shrub cover,Agriculture (excluding fallow land and kitchen gardens)
40463138,Yes,,,,,5.3,5.67,10.79,5.8,0,75.8,0.8,45.8,18,B11,U111,1,NL,NL4,NL42,NL421,Common wheat,Agriculture (excluding fallow land and kitchen gardens)
40383202,Yes,,,,,7.5,7.91,14.36,3.5,104,11.4,0.7,45.7,16,E10,U420,1,NL,NL2,NL22,NL226,Grassland with sparse tree/shrub cover,Semi-natural and natural areas not in use
40343302,Yes,,,,,7.4,7.81,17.13,14.7,52,53.5,1.3,241.6,8,B44,U111,1,NL,NL2,NL23,NL230,Floriculture and ornamental plants,Agriculture (excluding fallow land and kitchen gardens)
41223304,Yes,,,,,5.4,6,19.11,80.6,0,93.2,4.6,484,11,E20,U111,1,NL,NL1,NL13,NL132,Grassland without tree/shrub cover,Agriculture (excluding fallow land and kitchen gardens)
41243330,Yes,,,,,4.9,5.17,27.1,18,1,60.8,1.7,52.2,-4,E20,U111,1,NL,NL1,NL11,NL111,Grassland without tree/shrub cover,Agriculture (excluding fallow land and kitchen gardens)
41283320,Yes,,,,,4.2,4.46,23.4,23.2,0,161.7,1.4,59.5,-2,B21,U111,1,NL,NL1,NL11,NL111,Potatoes,Agriculture (excluding fallow land and kitchen gardens)
41243320,Yes,,,,,5.4,5.77,24.9,29.6,1,155.5,2,138.3,8,B22,U111,1,NL,NL1,NL11,NL111,Sugar beet,Agriculture (excluding fallow land and kitchen gardens)
40363308,Yes,,,,,7.3,7.53,35.7,13.6,44,91.9,1.3,65.2,-16,B44,U111,1,NL,NL2,NL23,NL230,Floriculture and ornamental plants,Agriculture (excluding fallow land and kitchen gardens)
40263298,Yes,,,,,7.3,7.9,14.85,9.5,49,64.7,1.1,75.7,-13,B21,U111,1,NL,NL2,NL23,NL230,Potatoes,Agriculture (excluding fallow land and kitchen gardens)
41263334,Yes,,,,,4.7,5,26.6,23.4,0,112.5,2,87.9,-7,B22,U111,1,NL,NL1,NL11,NL111,Sugar beet,Agriculture (excluding fallow land and kitchen gardens)
40323304,Yes,,,,,7.4,7.7,27.1,13.8,49,79.7,1.6,123.4,-4,B11,U111,1,NL,NL2,NL23,NL230,Common wheat,Agriculture (excluding fallow land and kitchen gardens)
41283342,Yes,,,,,7.2,7.41,29.1,20,3,74.8,2.6,272.5,-11,B11,U111,1,NL,NL1,NL11,NL111,Common wheat,Agriculture (excluding fallow land and kitchen gardens)
40303288,Yes,,,,,7.4,7.79,24.9,12,78,148.4,1.5,176.3,-12,B11,U111,1,NL,NL2,NL23,NL230,Common wheat,Agriculture (excluding fallow land and kitchen gardens)
40343288,Yes,,,,,7.5,7.91,29,15.6,92,73.1,1.7,164.3,-11,B21,U111,1,NL,NL2,NL23,NL230,Potatoes,Agriculture (excluding fallow land and kitchen gardens)
41183292,Yes,,,,,4.7,4.96,74.3,110.4,0,148,5.2,341.3,10,B21,U111,1,NL,NL1,NL13,NL132,Potatoes,Agriculture (excluding fallow land and kitchen gardens)
41043298,Yes,,,,,6.9,7.37,21.1,14.4,2,23.5,1,5.8,0,E20,U111,1,NL,NL1,NL13,NL132,Grassland without tree/shrub cover,Agriculture (excluding fallow land and kitchen gardens)
41183296,Yes,,,,,4.3,4.65,22.1,30.3,1,79.2,1.7,26.5,17,C10,U420,1,NL,NL1,NL13,NL132,Broadleaved woodland,Semi-natural and natural areas not in use
40123248,Yes,,,,,4.7,4.94,74.5,89.7,0,92.8,8.9,200,-23,E20,U111,1,NL,NL2,NL22,NL221,Grassland without tree/shrub cover,Agriculture (excluding fallow land and kitchen gardens)
40303302,Yes,,,,,7.4,7.89,26.7,10.5,49,77.8,1.2,172.6,-14,B21,U111,1,NL,NL2,NL23,NL230,Potatoes,Agriculture (excluding fallow land and kitchen gardens)
40223276,Yes,,,,,7.4,7.75,27.3,15,62,76,1.7,215.5,-12,A30,U210,1,NL,NL2,NL23,NL230,OTHER ARTIFICIAL AREAS,ENERGY PRODUCTION
41083370,Yes,,,,,7.3,7.69,13.49,10.2,14,48.7,1.4,84.6,-11,B11,U111,1,NL,NL1,NL11,NL112,Common wheat,Agriculture (excluding fallow land and kitchen gardens)
41103364,Yes,,,,,6.9,7.14,18.96,22.7,8,81.9,2.5,193,-7,E20,U111,1,NL,NL1,NL11,NL112,Grassland without tree/shrub cover,Agriculture (excluding fallow land and kitchen gardens)
41063366,Yes,,,,,7.1,7.28,26.8,10.3,2,61.7,1.5,144,-11,B21,U111,1,NL,NL1,NL11,NL112,Potatoes,Agriculture (excluding fallow land and kitchen gardens)
41223352,Yes,,,,,7.1,7.25,32.3,37.7,15,75.4,4.3,615.1,0,E20,U111,1,NL,NL1,NL11,NL111,Grassland without tree/shrub cover,Agriculture (excluding fallow land and kitchen gardens)
40143344,Yes,,,,,7.3,7.59,35.9,9.2,18,76.8,1.2,128.3,-10,B22,U111,1,NL,NL1,NL12,NL125,Sugar beet,Agriculture (excluding fallow land and kitchen gardens)
41223334,Yes,,,,,4.8,5.04,29.9,39.4,0,141.6,2.5,53.5,-8,B35,U111,1,NL,NL1,NL11,NL111,Other fibre and oleaginous crops,Agriculture (excluding fallow land and kitchen gardens)
40143278,Yes,,,,,6.8,7,41.7,26.5,17,43.9,2.5,164.7,-14,C10,U361,1,NL,NL2,NL23,NL230,Broadleaved woodland,"Amenities, museum, leisure (e.g. parks, botanical gardens)"
41243306,Yes,,,,,5.3,5.62,26.1,56.1,0,114.2,2.9,155.2,4,B21,U111,1,NL,NL1,NL13,NL132,Potatoes,Agriculture (excluding fallow land and kitchen gardens)
40243278,Yes,,,,,7.5,7.77,31,15.8,70,86.5,1.9,193,-15,B21,U111,1,NL,NL2,NL23,NL230,Potatoes,Agriculture (excluding fallow land and kitchen gardens)
40263280,Yes,,,,,7.5,7.8,29.8,14.9,83,83.9,1.8,142.9,-11,B11,U111,1,NL,NL2,NL23,NL230,Common wheat,Agriculture (excluding fallow land and kitchen gardens)
40203266,Yes,,,,,7.4,7.69,50.9,23.1,76,142.8,2.6,703.5,-10,B11,U111,1,NL,NL2,NL23,NL230,Common wheat,Agriculture (excluding fallow land and kitchen gardens)
40363272,Yes,,,,,7.5,7.9,17.25,12.2,83,68.9,1.4,128.9,-8,B41,U111,1,NL,NL2,NL23,NL230,Dry pulses,Agriculture (excluding fallow land and kitchen gardens)
40323280,Yes,,,,,7.5,7.84,26.8,15.2,73,87.1,1.5,210.6,-20,B43,U111,1,NL,NL2,NL23,NL230,Other fresh vegetables,Agriculture (excluding fallow land and kitchen gardens)
41183332,Yes,,,,,4.5,4.72,48.4,96,1,132.1,4.7,96.4,-11,B21,U111,1,NL,NL1,NL11,NL111,Potatoes,Agriculture (excluding fallow land and kitchen gardens)
40263286,Yes,,,,,4,4.51,27.1,42.5,1,28.8,3.4,58.4,-19,C10,U420,1,NL,NL2,NL23,NL230,Broadleaved woodland,Semi-natural and natural areas not in use
39663248,Yes,,,,,4.8,5.01,170.6,161.4,1,59,12.5,183.4,-10,E20,U111,1,NL,NL3,NL32,NL329,Grassland without tree/shrub cover,Agriculture (excluding fallow land and kitchen gardens)
41203302,Yes,,,,,4.8,5.04,48.6,84.9,0,84,6.3,17.3,4,E20,U361,1,NL,NL1,NL13,NL132,Grassland without tree/shrub cover,"Amenities, museum, leisure (e.g. parks, botanical gardens)"
39383202,Yes,,,,,7.3,7.69,27.2,20.2,41,89.1,1.9,220,-6,B11,U111,1,NL,NL3,NL33,NL33C,Common wheat,Agriculture (excluding fallow land and kitchen gardens)
39763194,Yes,,,,,7.5,7.84,21.9,15.6,12,94.5,2.1,176.7,2,B11,U111,1,NL,NL4,NL41,NL412,Common wheat,Agriculture (excluding fallow land and kitchen gardens)
39723168,Yes,,,,,5.2,5.73,8.79,13.8,1,91.6,1.1,66.8,14,B16,U111,1,NL,NL4,NL41,NL412,Maize,Agriculture (excluding fallow land and kitchen gardens)
40243138,Yes,,,,,5.5,5.84,20.2,19.7,0,127.9,1.9,84.4,23,B55,U111,1,NL,NL4,NL42,NL422,Temporary grassland,Agriculture (excluding fallow land and kitchen gardens)
40243170,Yes,,,,,5.1,5.49,21.3,17.2,0,128.2,1.6,92,9,B16,U111,1,NL,NL4,NL41,NL414,Maize,Agriculture (excluding fallow land and kitchen gardens)
40523276,Yes,,,,,5.1,5.38,25.1,14.2,1,80.8,1.6,26.6,-6,E20,U111,1,NL,NL2,NL21,NL211,Grassland without tree/shrub cover,Agriculture (excluding fallow land and kitchen gardens)
39303198,Yes,,,,,7.5,7.83,15.93,12.5,91,46.3,1.6,188.5,-13,B11,U111,1,NL,NL3,NL33,NL33C,Common wheat,Agriculture (excluding fallow land and kitchen gardens)
40163342,Yes,,,,,7.2,7.54,26.4,9.8,31,102.2,1.5,143.3,-7,B16,U111,1,NL,NL1,NL12,NL125,Maize,Agriculture (excluding fallow land and kitchen gardens)
40883258,Yes,,,,,7,7.14,87,26,47,57,2.8,331,6,A30,U319,1,NL,NL2,NL21,NL213,OTHER ARTIFICIAL AREAS," Electricity, gas and thermal power distribution"
40023260,Yes,,,,,7.5,7.82,28.7,20.7,68,78.3,2,333.7,-12,B21,U111,1,NL,NL2,NL23,NL230,Potatoes,Agriculture (excluding fallow land and kitchen gardens)
40843248,Yes,,,,,7.4,7.84,20.3,15,52,80.3,1.7,269,16,C23,U361,1,NL,NL2,NL21,NL213,Other coniferous woodland,"Amenities, museum, leisure (e.g. parks, botanical gardens)"
39743282,Yes,,,,,6.9,7.05,44.7,41.1,16,243.2,4.7,350.1,-3,E20,U370,1,NL,NL3,NL32,NL329,Grassland without tree/shrub cover,RESIDENTIAL
40823260,Yes,,,,,7,7.1,113.8,62,32,71.9,5.8,530.5,7,B55,U111,1,NL,NL2,NL21,NL213,Temporary grassland,Agriculture (excluding fallow land and kitchen gardens)
40803258,Yes,,,,,5,5.5,4.12,15.9,1,51.5,1.4,38.1,11,C23,U120,1,NL,NL2,NL21,NL213,Other coniferous woodland,FORESTRY
39783196,Yes,,,,,6,6.02,71.6,81.5,1,58.4,9,233.6,-4,E20,U111,1,NL,NL4,NL41,NL412,Grassland without tree/shrub cover,Agriculture (excluding fallow land and kitchen gardens)
40963282,Yes,,,,,5,5.32,17.32,11.9,0,106.5,1.4,81,2,B16,U111,1,NL,NL2,NL21,NL211,Maize,Agriculture (excluding fallow land and kitchen gardens)
40423294,Yes,,,,,7.4,7.88,16.06,8,103,76,1.4,276.5,-7,B21,U111,1,NL,NL2,NL23,NL230,Potatoes,Agriculture (excluding fallow land and kitchen gardens)
40403298,Yes,,,,,7.4,7.75,18.65,20.6,62,71,1.9,177.4,-13,B21,U111,1,NL,NL2,NL23,NL230,Potatoes,Agriculture (excluding fallow land and kitchen gardens)
40963314,Yes,,,,,5,5.62,7.38,25.7,1,133.3,1.9,104.8,9,B16,U111,1,NL,NL1,NL13,NL131,Maize,Agriculture (excluding fallow land and kitchen gardens)
41103310,Yes,,,,,5,5.66,1.59,2.4,1,7.5,0.2,4.2,18,F20,U420,1,NL,NL1,NL13,NL132,SAND,Semi-natural and natural areas not in use
41103324,Yes,,,,,5.6,6.03,9.76,51.9,1,164.5,3,171.4,-6,B11,U111,1,NL,NL1,NL13,NL131,Common wheat,Agriculture (excluding fallow land and kitchen gardens)
40623294,Yes,,,,,5.4,5.75,4.8,18.4,1,19.6,1.5,7.9,-2,E20,U317,1,NL,NL1,NL13,NL133,Grassland without tree/shrub cover,Logistics and storage
38943144,Yes,,,,,7.4,7.75,46.9,11.4,52,65.1,1.6,308.2,-3,B16,U111,1,NL,NL3,NL34,NL341,Maize,Agriculture (excluding fallow land and kitchen gardens)
40963290,Yes,,,,,4.2,4.39,69,59.5,0,100,3.4,49.1,4,E20,U111,1,NL,NL1,NL13,NL132,Grassland without tree/shrub cover,Agriculture (excluding fallow land and kitchen gardens)
40383360,Yes,,,,,6.8,7,17.09,8.7,1,68.2,1.3,57.4,-13,B21,U111,1,NL,NL1,NL12,NL124,Potatoes,Agriculture (excluding fallow land and kitchen gardens)
40803286,Yes,,,,,4.2,4.44,51.2,34.4,0,71.5,2.4,26.9,-3,E20,U111,1,NL,NL1,NL13,NL133,Grassland without tree/shrub cover,Agriculture (excluding fallow land and kitchen gardens)
40983280,Yes,,,,,5.1,5.33,35.7,20.9,0,90.1,2.2,55.6,5,B21,U111,1,NL,NL2,NL21,NL211,Potatoes,Agriculture (excluding fallow land and kitchen gardens)
40783272,Yes,,,,,3.2,4.17,11.87,49.5,0,33.4,2.5,15.5,3,C10,U361,1,NL,NL2,NL21,NL211,Broadleaved woodland,"Amenities, museum, leisure (e.g. parks, botanical gardens)"
40703266,Yes,,,,,4.5,4.96,14.81,21.3,0,61.4,1.6,21.4,2,C10,U312,1,NL,NL2,NL21,NL211,Broadleaved woodland,Road transport
40743266,Yes,,,,,5.2,5.5,37.5,26.7,0,116.2,2.2,68,8,E20,U111,1,NL,NL2,NL21,NL211,Grassland without tree/shrub cover,Agriculture (excluding fallow land and kitchen gardens)
40183316,Yes,,,,,4.6,4.87,57.9,23,1,93.6,2.5,179.9,-9,E20,U111,1,NL,NL1,NL12,NL125,Grassland without tree/shrub cover,Agriculture (excluding fallow land and kitchen gardens)
40563284,Yes,,,,,6,6.06,26.6,55.1,1,91.5,5.8,55.9,-9,E20,U313,1,NL,NL2,NL21,NL211,Grassland without tree/shrub cover,Water transport
41023338,Yes,,,,,4.4,4.67,167,247,0,57.3,19.5,259.8,-7,E20,U111,1,NL,NL1,NL13,NL131,Grassland without tree/shrub cover,Agriculture (excluding fallow land and kitchen gardens)
41183328,Yes,,,,,4.2,4.51,67.6,60.2,0,89.3,3.1,78.5,-10,B21,U111,1,NL,NL1,NL11,NL111,Potatoes,Agriculture (excluding fallow land and kitchen gardens)
40443286,Yes,,,,,6.9,7.05,79.4,53.3,22,38.7,5.5,74.3,-6,H11,U420,1,NL,NL2,NL21,NL211,Inland marshes,Semi-natural and natural areas not in use
39583216,Yes,,,,,5,5.17,209,221.9,0,104.9,20.7,171.7,-7,E20,U111,1,NL,NL3,NL33,NL33B,Grassland without tree/shrub cover,Agriculture (excluding fallow land and kitchen gardens)
39603208,Yes,,,,,4.9,5.15,117.3,148.8,0,78.4,15.6,306.4,-5,E20,U111,1,NL,NL3,NL33,NL33A,Grassland without tree/shrub cover,Agriculture (excluding fallow land and kitchen gardens)
41043236,Yes,,,,,4.8,5.22,5.45,0.8,0,0,0,15.7,26,H11,U420,1,NL,NL2,NL21,NL213,Inland marshes,Semi-natural and natural areas not in use
41163298,Yes,,,,,4.5,4.92,14.82,45.5,0,119.7,2.5,62,24,B21,U111,1,NL,NL1,NL13,NL132,Potatoes,Agriculture (excluding fallow land and kitchen gardens)
39803204,Yes,,,,,6.3,6.45,95,77,2,160.1,8.3,1842.1,-6,E20,U111,1,NL,NL2,NL22,NL224,Grassland without tree/shrub cover,Agriculture (excluding fallow land and kitchen gardens)
40563266,Yes,,,,,6.9,7.15,49.8,24.6,20,79,2.8,210.1,-5,B16,U111,1,NL,NL2,NL22,NL221,Maize,Agriculture (excluding fallow land and kitchen gardens)
39723232,Yes,,,,,7.4,7.97,19.94,3.6,39,4.7,0.3,19.4,4,E30,U410,1,NL,NL3,NL31,NL310,Spontaneously re-vegetated surfaces,Abandoned areas
40063260,Yes,,,,,7.5,7.78,31.5,23.6,61,44.5,2.2,266.9,-1,B43,U111,1,NL,NL2,NL23,NL230,Other fresh vegetables,Agriculture (excluding fallow land and kitchen gardens)
