Point_ID,Revisited_point,Coarse,Clay,Sand,Silt,pH(CaCl2),pH(H2O),EC,OC,CaCO3,P,N,K,Elevation,LC1,LU1,Soil_Stones,NUTS_0,NUTS_1,NUTS_2,NUTS_3,LC1_Desc,LU1_Desc
49722502,No,7,30,6,64,4.6,4.95,12.73,10.8,1,58,1.5,141.5,131,B11,U111,1,HR,HR0,HR04,HR04B,Common wheat,Agriculture (excluding fallow land and kitchen gardens)
50262488,No,10,31,7,62,5.5,5.89,13.08,9.8,0,24.4,1.4,167.8,85,E30,U111,1,HR,HR0,HR04,HR04C,Spontaneously re-vegetated surfaces,Agriculture (excluding fallow land and kitchen gardens)
50322468,No,13,32,8,59,6.5,6.85,12.72,15.4,1,199,1.6,410.5,82,B33,U111,1,HR,HR0,HR04,HR04C,Soya,Agriculture (excluding fallow land and kitchen gardens)
47822524,No,5,23,14,62,4,4.48,5.65,15.5,0,0,1.4,31.1,193,C10,U120,1,HR,HR0,HR04,HR041,Broadleaved woodland,FORESTRY
47442436,No,5,31,19,50,7.2,7.43,18.73,64.8,89,0,3.6,229.3,664,C33,U420,1,HR,HR0,HR03,HR032,Other mixed woodland,Semi-natural and natural areas not in use
48622294,No,5,32,17,51,7.2,7.33,24.4,55.8,44,5.7,4.8,234.2,548,C10,U420,2,HR,HR0,HR03,HR035,Broadleaved woodland,Semi-natural and natural areas not in use
48522306,No,5,37,12,51,6.5,6.76,7.96,43,1,0,3.3,176.6,380,D10,U420,1,HR,HR0,HR03,HR035,Shrubland with sparse tree cover,Semi-natural and natural areas not in use
48942280,No,1,41,11,48,5.9,6.12,7.95,33.3,2,0,2.9,187.5,458,D10,U420,1,HR,HR0,HR03,HR035,Shrubland with sparse tree cover,Semi-natural and natural areas not in use
48822296,No,1,24,30,46,6.5,6.64,21,61.9,12,8.5,4.4,199.8,639,C33,U420,1,HR,HR0,HR03,HR035,Other mixed woodland,Semi-natural and natural areas not in use
48882292,No,3,36,17,47,6.8,6.84,22.9,49.3,14,5.7,3.4,81.3,658,C22,U420,1,HR,HR0,HR03,HR035,Pine dominated coniferous woodland,Semi-natural and natural areas not in use
48882296,No,3,31,21,48,6.8,6.87,26.5,69.4,13,10.1,6,69.5,665,C10,U420,1,HR,HR0,HR03,HR035,Broadleaved woodland,Semi-natural and natural areas not in use
48922292,No,4,34,23,43,7.2,7.3,23.6,51.3,163,7.1,3.8,225.9,675,D10,U420,1,HR,HR0,HR03,HR035,Shrubland with sparse tree cover,Semi-natural and natural areas not in use
48642268,No,1,32,11,57,6.8,7.03,18.76,68.8,4,0,5.2,90.4,513,D10,U420,1,HR,HR0,HR03,HR035,Shrubland with sparse tree cover,Semi-natural and natural areas not in use
48462300,No,0,35,14,51,6.3,6.47,10.29,31.6,5,0,3,162.6,341,D10,U420,1,HR,HR0,HR03,HR035,Shrubland with sparse tree cover,Semi-natural and natural areas not in use
48102288,No,0,49,5,46,6.7,6.91,10.36,20,4,0,1.8,182.2,68,C33,U420,1,HR,HR0,HR03,HR034,Other mixed woodland,Semi-natural and natural areas not in use
47262412,No,3,34,10,56,6.6,6.78,28.4,65.8,16,6.8,4.5,94.8,1032,C33,U120,1,HR,HR0,HR03,HR032,Other mixed woodland,FORESTRY
48142358,No,0,27,11,62,7.3,7.4,17.83,25.8,28,6.7,2.6,344.1,392,E30,U112,1,HR,HR0,HR03,HR034,Spontaneously re-vegetated surfaces,Fallow land
48482316,No,3,31,24,45,6.5,6.7,20.3,61.3,7,8.8,4.5,78.3,928,C22,U420,1,HR,HR0,HR03,HR035,Pine dominated coniferous woodland,Semi-natural and natural areas not in use
47702398,No,1,31,13,55,6.5,6.63,30.7,82.9,9,13,6.1,145.4,802,C10,U420,1,HR,HR0,HR03,HR032,Broadleaved woodland,Semi-natural and natural areas not in use
47682402,No,4,34,12,54,7.1,7.27,22.7,68.8,23,5.7,5.2,143,731,C10,U420,1,HR,HR0,HR03,HR032,Broadleaved woodland,Semi-natural and natural areas not in use
47722316,No,8,13,48,39,7.4,7.85,18.25,83,357,0,2,153.4,84,D20,U420,2,HR,HR0,HR03,HR034,Shrubland without tree cover,Semi-natural and natural areas not in use
48922522,No,0,26,11,63,7.3,7.34,23.6,21.7,21,5.9,2.5,113.7,274,C21,U120,1,HR,HR0,HR04,HR047,Spruce dominated coniferous woodland,FORESTRY
48642254,No,3,39,23,38,7.2,7.57,19.7,21.4,16,56.9,2.1,152.7,21,B81,U111,1,HR,HR0,HR03,HR035,Olive groves,Agriculture (excluding fallow land and kitchen gardens)
47642424,No,5,31,8,60,4.8,5.23,11.29,68.3,1,0,5.7,110.8,771,E20,U111,1,HR,HR0,HR03,HR032,Grassland without tree/shrub cover,Agriculture (excluding fallow land and kitchen gardens)
48102304,No,2,28,18,54,6.6,6.78,15.91,52.2,4,6.7,3.7,240.3,114,D20,U420,1,HR,HR0,HR03,HR034,Shrubland without tree cover,Semi-natural and natural areas not in use
47942316,No,10,21,36,43,7.1,7.51,23.8,46.8,430,0,2.7,191,80,C22,U420,1,HR,HR0,HR03,HR034,Pine dominated coniferous woodland,Semi-natural and natural areas not in use
48142314,No,2,34,13,53,6.9,7.09,21.9,51.1,14,6,4.7,448.2,290,C10,U420,1,HR,HR0,HR03,HR034,Broadleaved woodland,Semi-natural and natural areas not in use
48322288,No,8,30,24,46,7.2,7.71,22.7,40.4,249,6.5,3.2,377.5,39,C22,U420,1,HR,HR0,HR03,HR035,Pine dominated coniferous woodland,Semi-natural and natural areas not in use
47802318,No,2,37,10,54,7,7.4,19.33,52.8,8,5.7,4.1,548.3,20,C10,U420,4,HR,HR0,HR03,HR034,Broadleaved woodland,Semi-natural and natural areas not in use
48402298,No,4,39,12,49,7,7.34,16.64,38.4,8,0,3.4,223.2,368,C10,U410,2,HR,HR0,HR03,HR035,Broadleaved woodland,Abandoned areas
47102412,No,8,25,23,52,6.9,7.1,27.8,55.5,149,6.8,4.1,254.9,84,C10,U420,2,HR,HR0,HR03,HR032,Broadleaved woodland,Semi-natural and natural areas not in use
47622390,No,1,25,14,61,6,6.18,16.87,61.8,2,7,4.7,263.4,586,E30,U420,1,HR,HR0,HR03,HR032,Spontaneously re-vegetated surfaces,Semi-natural and natural areas not in use
47722388,No,1,28,12,59,6.4,6.63,13.53,33.1,5,10.4,3.2,172.5,619,C10,U410,1,HR,HR0,HR03,HR032,Broadleaved woodland,Abandoned areas
48602288,No,7,18,27,55,6.7,7,89.5,90,44,15.8,8,243.9,343,D10,U420,2,HR,HR0,HR03,HR035,Shrubland with sparse tree cover,Semi-natural and natural areas not in use
47742422,No,2,34,8,58,5.9,6.16,12.15,64.1,5,0,5.9,139.9,655,E10,U420,1,HR,HR0,HR03,HR032,Grassland with sparse tree/shrub cover,Semi-natural and natural areas not in use
47522440,No,0,11,39,50,7,7.15,61.6,144.7,108,9.1,5.9,64.9,896,C33,U120,1,HR,HR0,HR03,HR032,Other mixed woodland,FORESTRY
47702416,No,1,35,12,53,6,6.19,12.68,48.4,1,0,3.4,226.7,699,C10,U420,1,HR,HR0,HR03,HR032,Broadleaved woodland,Semi-natural and natural areas not in use
47662432,No,2,22,16,62,5.1,5.56,14.9,76.1,2,10.5,5.1,72.6,637,C10,U420,1,HR,HR0,HR03,HR032,Broadleaved woodland,Semi-natural and natural areas not in use
47522416,No,0,31,15,54,5.7,5.94,15.74,72.4,2,6.8,5,247.2,723,C10,U420,1,HR,HR0,HR03,HR032,Broadleaved woodland,Semi-natural and natural areas not in use
47882408,No,1,18,25,57,6.4,6.53,37.7,133.1,7,18.1,8.6,224.1,1088,C10,U120,1,HR,HR0,HR03,HR032,Broadleaved woodland,FORESTRY
47322438,No,1,37,6,57,5.7,6.03,9.35,32.1,0,0,3.1,276.9,469,E20,U420,1,HR,HR0,HR03,HR032,Grassland without tree/shrub cover,Semi-natural and natural areas not in use
47422412,No,0,27,12,61,5.3,5.68,12.76,49.1,4,6.4,3.3,76.2,649,C10,U420,1,HR,HR0,HR03,HR032,Broadleaved woodland,Semi-natural and natural areas not in use
47362402,No,0,30,14,56,6.8,7.03,24.8,45.4,2,9,3.9,111.2,615,C10,U120,1,HR,HR0,HR03,HR032,Broadleaved woodland,FORESTRY
47302400,No,6,14,20,66,6.4,6.67,32.3,164.3,28,15.6,16.2,283.1,1123,D10,U420,1,HR,HR0,HR03,HR032,Shrubland with sparse tree cover,Semi-natural and natural areas not in use
47742418,No,1,37,8,55,6.3,6.56,13.82,56.7,3,0,5,257,728,D10,U111,1,HR,HR0,HR03,HR032,Shrubland with sparse tree cover,Agriculture (excluding fallow land and kitchen gardens)
47282424,No,1,28,9,63,4.5,4.89,12.06,62.1,2,8.5,4.2,95.6,751,C33,U120,1,HR,HR0,HR03,HR032,Other mixed woodland,FORESTRY
48842482,No,0,35,12,53,5.1,5.37,16.52,29.7,0,6.6,3.1,84.9,92,E30,U112,1,HR,HR0,HR04,HR04A,Spontaneously re-vegetated surfaces,Fallow land
48702512,No,1,27,10,64,5.9,6.1,31.3,9.4,0,38.4,1.3,153.2,133,B16,U111,1,HR,HR0,HR04,HR049,Maize,Agriculture (excluding fallow land and kitchen gardens)
47442486,No,0,35,10,55,4.3,4.76,6.48,26.7,1,0,2.3,61.4,188,C10,U120,1,HR,HR0,HR04,HR04D,Broadleaved woodland,FORESTRY
47362482,No,1,31,9,60,4.5,4.95,11.24,37,0,0,3.1,88.3,242,C21,U120,1,HR,HR0,HR04,HR04D,Spruce dominated coniferous woodland,FORESTRY
48302536,No,0,22,11,67,4.1,4.38,24.8,31.9,1,28,3,70,134,C10,U120,1,HR,HR0,HR04,HR047,Broadleaved woodland,FORESTRY
49902530,No,0,33,5,62,7.4,7.99,17.55,10.7,5,73.1,1.4,237.8,92,B16,U111,1,HR,HR0,HR04,HR04B,Maize,Agriculture (excluding fallow land and kitchen gardens)
48582502,No,0,22,13,65,4.8,5.28,7.84,9.7,1,49.3,1.2,89.6,105,B33,U111,1,HR,HR0,HR04,HR04E,Soya,Agriculture (excluding fallow land and kitchen gardens)
48402510,No,0,42,8,50,4.8,5.02,45.4,44.2,1,18.1,5,191.9,99,E20,U420,1,HR,HR0,HR04,HR04E,Grassland without tree/shrub cover,Semi-natural and natural areas not in use
48282506,No,1,46,5,49,7,7.48,17.05,24.6,24,24.3,2.4,109.9,101,E20,U420,1,HR,HR0,HR04,HR04E,Grassland without tree/shrub cover,Semi-natural and natural areas not in use
46362444,No,1,37,6,57,5.7,6.11,10.16,21.1,1,0,1.9,254.1,254,C10,U410,1,HR,HR0,HR03,HR036,Broadleaved woodland,Abandoned areas
47582496,No,0,20,32,48,4.4,4.63,27.8,23.6,0,17,2.5,119.6,130,E30,U420,1,HR,HR0,HR04,HR04D,Spontaneously re-vegetated surfaces,Semi-natural and natural areas not in use
46202440,No,1,31,11,57,6.7,7.19,12.73,29.1,2,6.3,2.6,192.3,80,D10,U420,2,HR,HR0,HR03,HR036,Shrubland with sparse tree cover,Semi-natural and natural areas not in use
46282448,No,1,40,10,49,5.9,6.42,6.18,17.1,1,5.7,1.8,113.5,300,C10,U420,1,HR,HR0,HR03,HR036,Broadleaved woodland,Semi-natural and natural areas not in use
47982342,No,1,38,10,52,6.9,7.29,21.1,48.2,19,0,4.7,308.9,252,D10,U420,1,HR,HR0,HR03,HR034,Shrubland with sparse tree cover,Semi-natural and natural areas not in use
49062544,No,1,24,14,62,4.5,4.72,23.5,14.4,1,6,1.8,57.7,178,E30,U420,1,HR,HR0,HR04,HR048,Spontaneously re-vegetated surfaces,Semi-natural and natural areas not in use
49182520,No,1,19,14,67,5.4,5.65,68.1,57.6,1,33,5.5,87.3,747,C10,U120,1,HR,HR0,HR04,HR048,Broadleaved woodland,FORESTRY
49342528,No,0,25,6,69,4.4,4.69,31.4,16.8,1,16.2,1.9,73.8,151,C10,U120,1,HR,HR0,HR04,HR048,Broadleaved woodland,FORESTRY
49502504,No,1,36,7,57,6.2,6.3,35.2,35.3,1,18.6,3.5,169.9,143,C10,U120,1,HR,HR0,HR04,HR049,Broadleaved woodland,FORESTRY
49862516,No,1,31,9,60,5.5,5.8,20.2,10.2,1,48.6,1.4,152.7,92,B16,U111,1,HR,HR0,HR04,HR04B,Maize,Agriculture (excluding fallow land and kitchen gardens)
47442502,No,1,34,9,57,4,4.2,18.94,20.6,0,6.4,1.9,190,240,C10,U120,1,HR,HR0,HR04,HR04D,Broadleaved woodland,FORESTRY
48202472,No,0,27,29,44,6.2,6.46,11.06,21.2,1,6.1,2.1,243.3,263,E30,U420,1,HR,HR0,HR04,HR04E,Spontaneously re-vegetated surfaces,Semi-natural and natural areas not in use
47462514,No,2,25,26,48,4.1,4.43,15.94,18.5,0,7.1,1.5,129,298,C10,U120,1,HR,HR0,HR04,HR04D,Broadleaved woodland,FORESTRY
49002534,No,0,24,10,65,4.1,4.38,21.6,18.5,1,7.7,2.1,90.3,263,C10,U120,1,HR,HR0,HR04,HR047,Broadleaved woodland,FORESTRY
47222468,No,0,26,10,64,5.8,5.97,42.1,73.3,1,8,5.4,130.1,690,C10,U120,1,HR,HR0,HR04,HR04D,Broadleaved woodland,FORESTRY
48142494,No,0,30,8,62,5.2,5.54,19.81,21.5,1,4.2,2.2,74.3,287,C10,U120,1,HR,HR0,HR04,HR04E,Broadleaved woodland,FORESTRY
47742484,No,1,26,10,65,3.7,4.03,6.54,32.1,1,0,1.8,231.4,327,C10,U120,1,HR,HR0,HR04,HR04D,Broadleaved woodland,FORESTRY
47682460,No,0,30,12,58,5,5.5,5.78,26.5,1,0,2.2,36.3,324,E10,U420,1,HR,HR0,HR04,HR04D,Grassland with sparse tree/shrub cover,Semi-natural and natural areas not in use
47662444,No,0,30,6,65,5.3,5.69,14.67,48.5,1,0,3.5,102.5,422,D20,U420,1,HR,HR0,HR04,HR04D,Shrubland without tree cover,Semi-natural and natural areas not in use
47542482,No,0,34,12,54,6.1,6.42,6.46,33.6,0,0,2.9,54.9,197,E10,U420,1,HR,HR0,HR04,HR04D,Grassland with sparse tree/shrub cover,Semi-natural and natural areas not in use
48922552,No,2,17,31,52,6.9,7.22,22.2,15.2,2,32.9,1.8,107.1,139,E20,U111,1,HR,HR0,HR04,HR048,Grassland without tree/shrub cover,Agriculture (excluding fallow land and kitchen gardens)
49162492,No,1,21,11,68,5.8,6.09,31.2,23.5,0,84.9,2.9,37.1,250,C10,U120,1,HR,HR0,HR04,HR04A,Broadleaved woodland,FORESTRY
47902478,No,2,19,27,53,4.2,4.45,30.4,24.4,1,7.7,2.2,197.9,155,C10,U120,1,HR,HR0,HR04,HR04E,Broadleaved woodland,FORESTRY
48262564,No,1,23,11,66,4.9,5.33,10.12,7.6,0,22.6,1,71.4,131,B16,U111,1,HR,HR0,HR04,HR045,Maize,Agriculture (excluding fallow land and kitchen gardens)
48102606,No,1,37,10,53,5.1,5.53,7.5,29.8,1,0,3.4,63.9,169,E10,U410,1,HR,HR0,HR04,HR046,Grassland with sparse tree/shrub cover,Abandoned areas
48702570,No,1,23,15,61,4.9,5.38,8.32,12.6,1,35.2,1.6,97.4,122,E30,U112,1,HR,HR0,HR04,HR045,Spontaneously re-vegetated surfaces,Fallow land
47942590,No,0,23,8,69,5.2,5.56,11.01,28.9,1,11.5,3.2,93.1,208,E30,U420,1,HR,HR0,HR04,HR044,Spontaneously re-vegetated surfaces,Semi-natural and natural areas not in use
47982580,No,2,40,9,50,7,7.31,21.1,30.5,216,6,3.6,253.8,249,E20,U111,1,HR,HR0,HR04,HR043,Grassland without tree/shrub cover,Agriculture (excluding fallow land and kitchen gardens)
47482522,No,0,33,8,58,7.3,7.62,26.5,30.2,85,9.7,2.4,151.4,197,B43,U111,1,HR,HR0,HR04,HR042,Other fresh vegetables,Agriculture (excluding fallow land and kitchen gardens)
48162584,No,2,38,9,54,7.1,7.37,25.2,33.6,77,0,3.5,378.4,401,C10,U120,1,HR,HR0,HR04,HR044,Broadleaved woodland,FORESTRY
48122582,No,1,38,8,54,7.3,7.7,20.2,18.1,194,23.3,2.2,244.5,251,B74,U111,1,HR,HR0,HR04,HR044,Nuts trees,Agriculture (excluding fallow land and kitchen gardens)
47702576,No,1,38,5,56,7.2,7.55,27.5,31.1,77,13.5,3.5,184.2,165,E20,U111,1,HR,HR0,HR04,HR043,Grassland without tree/shrub cover,Agriculture (excluding fallow land and kitchen gardens)
47602574,No,3,29,6,65,6.2,6.44,10.92,23.6,0,29.6,2.5,112.3,267,C10,U120,1,HR,HR0,HR04,HR043,Broadleaved woodland,FORESTRY
48082564,No,1,28,12,60,7.2,7.7,26.4,17.5,4,28.5,2.1,98.1,135,B16,U111,1,HR,HR0,HR04,HR042,Maize,Agriculture (excluding fallow land and kitchen gardens)
47742548,No,0,25,13,61,5.6,5.9,10.85,26.1,2,10.9,2.9,59.8,138,E20,U111,1,HR,HR0,HR04,HR042,Grassland without tree/shrub cover,Agriculture (excluding fallow land and kitchen gardens)
47822550,No,15,15,27,58,4.5,4.83,22.3,37.4,1,11.5,3.1,45.5,902,C10,U120,1,HR,HR0,HR04,HR042,Broadleaved woodland,FORESTRY
48322566,No,1,20,20,60,4.2,4.67,6.59,11,1,5.8,1.2,79.7,208,C10,U120,1,HR,HR0,HR04,HR045,Broadleaved woodland,FORESTRY
47942554,No,0,41,8,51,7.1,7.54,20.2,17.7,163,10.8,2.2,326.7,322,D20,U420,1,HR,HR0,HR04,HR041,Shrubland without tree cover,Semi-natural and natural areas not in use
47902564,No,1,20,20,60,4.2,4.66,6.37,10.7,0,0,1.1,46.2,195,C10,U120,1,HR,HR0,HR04,HR043,Broadleaved woodland,FORESTRY
48142596,No,0,37,8,55,5.7,6.09,7.91,18.3,0,22.6,2.3,62.9,164,E30,U111,1,HR,HR0,HR04,HR044,Spontaneously re-vegetated surfaces,Agriculture (excluding fallow land and kitchen gardens)
48062614,No,0,28,10,63,4,4.54,5.68,11.6,0,0,1.3,64.9,237,C10,U120,1,HR,HR0,HR04,HR046,Broadleaved woodland,FORESTRY
47722586,No,0,18,51,31,4.3,4.85,5.14,6.9,1,0,0.8,34.3,246,C33,U120,1,HR,HR0,HR04,HR043,Other mixed woodland,FORESTRY
47222420,No,0,14,35,51,5.2,5.48,26.4,202.7,12,26.9,11.1,157.1,1390,C21,U120,1,HR,HR0,HR03,HR032,Spruce dominated coniferous woodland,FORESTRY
47842580,No,0,38,10,52,6.9,7.2,33.9,39.5,253,10.9,3.1,240.1,442,C10,U120,1,HR,HR0,HR04,HR043,Broadleaved woodland,FORESTRY
46922466,No,4,31,17,52,7.1,7.49,26,33.2,54,0,3.2,212,207,C10,U420,3,HR,HR0,HR03,HR031,Broadleaved woodland,Semi-natural and natural areas not in use
46542468,No,11,39,9,52,6.3,6.57,15.69,18.1,4,0,2,88.2,469,D10,U420,1,HR,HR0,HR03,HR031,Shrubland with sparse tree cover,Semi-natural and natural areas not in use
48302612,No,3,23,21,56,5.7,5.96,13.85,31.2,1,9.5,3.5,47.2,142,E20,U111,1,HR,HR0,HR04,HR046,Grassland without tree/shrub cover,Agriculture (excluding fallow land and kitchen gardens)
46882468,No,2,26,27,48,7.2,7.6,23,17.8,139,0,2.3,112.8,66,E10,U318,2,HR,HR0,HR03,HR031,Grassland with sparse tree/shrub cover,Protection infrastructures
47862592,No,4,35,8,57,6.9,7.15,21.6,39.6,11,0,3.1,95.7,390,C10,U120,1,HR,HR0,HR04,HR044,Broadleaved woodland,FORESTRY
46882494,No,5,19,13,68,6.8,7.07,84.1,116.2,44,13.7,8.7,131.9,934,C23,U120,3,HR,HR0,HR03,HR031,Other coniferous woodland,FORESTRY
46862506,No,0,17,33,50,4.4,4.83,21,42.3,2,10.3,3.3,42.6,607,C10,U120,2,HR,HR0,HR03,HR031,Broadleaved woodland,FORESTRY
46622488,No,1,40,8,52,5.2,5.54,16.09,43.5,1,0,3.8,99.1,460,C10,U120,1,HR,HR0,HR03,HR031,Broadleaved woodland,FORESTRY
46382484,No,4,40,9,51,6.7,6.96,23.3,29.4,41,0,2.8,163.8,249,E20,U420,1,HR,HR0,HR03,HR036,Grassland without tree/shrub cover,Semi-natural and natural areas not in use
48142560,No,1,24,16,60,6.1,6.39,17.04,11.9,1,8.6,1.4,58.3,152,B16,U111,1,HR,HR0,HR04,HR042,Maize,Agriculture (excluding fallow land and kitchen gardens)
48042546,No,1,43,5,52,6.2,6.4,27.9,32.8,1,11.8,4,181.2,119,E20,U111,1,HR,HR0,HR04,HR041,Grassland without tree/shrub cover,Agriculture (excluding fallow land and kitchen gardens)
48402592,No,0,26,11,64,6.5,6.67,15.86,17.5,1,0,2.1,45.9,142,E20,U111,1,HR,HR0,HR04,HR045,Grassland without tree/shrub cover,Agriculture (excluding fallow land and kitchen gardens)
48282584,No,3,18,31,50,3.8,4.3,6.2,21.3,1,0,1.3,59.7,275,C10,U120,1,HR,HR0,HR04,HR045,Broadleaved woodland,FORESTRY
47542532,No,1,31,7,62,6.2,6.52,15.01,46.1,5,9,3.5,102.3,503,C10,U120,1,HR,HR0,HR04,HR042,Broadleaved woodland,FORESTRY
47182438,No,1,23,10,67,6.5,6.74,26,78.4,23,8.3,6,127.3,1107,C33,U120,1,HR,HR0,HR03,HR032,Other mixed woodland,FORESTRY
