Point_ID,Revisited_point,Coarse,Clay,Sand,Silt,pH(CaCl2),pH(H2O),EC,OC,CaCO3,P,N,K,Elevation,LC1,LU1,Soil_Stones,NUTS_0,NUTS_1,NUTS_2,NUTS_3,LC1_Desc,LU1_Desc
51502870,No,11,37,12,51,7.2,7.58,21.2,16.1,8,32.7,2.2,437.6,174,B32,U111,1,HU,HU3,HU31,HU311,Rape and turnip rape,Agriculture (excluding fallow land and kitchen gardens)
51902856,No,36,44,6,50,6.3,6.62,17.44,20.5,1,15.1,2.4,247.8,103,C10,U120,1,HU,HU3,HU32,HU323,Broadleaved woodland,FORESTRY
50282694,No,7,27,32,41,7.7,8.21,30,26.4,358,22.8,2.7,367.2,107,B43,U111,1,HU,HU3,HU33,HU331,Other fresh vegetables,Agriculture (excluding fallow land and kitchen gardens)
49962670,No,15,29,19,52,7.5,7.93,19.26,17.7,107,7.8,1.9,157.9,164,F40,U111,1,HU,HU2,HU23,HU233,OTHER BARE SOIL,Agriculture (excluding fallow land and kitchen gardens)
50282626,No,2,10,70,20,7.2,7.77,9.6,6.6,53,21.9,1,82,151,B11,U111,1,HU,HU3,HU33,HU331,Common wheat,Agriculture (excluding fallow land and kitchen gardens)
51882704,No,42,43,5,52,6.4,6.68,16.55,23.9,0,9.3,2.6,312.4,95,C10,U120,1,HU,HU3,HU33,HU332,Broadleaved woodland,FORESTRY
51322672,No,7,31,22,47,7.4,7.84,19.3,21.3,21,8.6,2.2,222.9,95,B13,U111,1,HU,HU3,HU33,HU332,Barley,Agriculture (excluding fallow land and kitchen gardens)
48702624,No,38,25,19,56,6.2,6.3,48.5,61.1,1,29.3,6.1,160.8,127,E20,U420,1,HU,HU2,HU22,HU223,Grassland without tree/shrub cover,Semi-natural and natural areas not in use
50642640,No,1,2,90,8,7,7.88,9.02,6,47,3.9,0.6,48.6,128,E30,U111,1,HU,HU3,HU33,HU331,Spontaneously re-vegetated surfaces,Agriculture (excluding fallow land and kitchen gardens)
51142618,No,43,37,13,50,6.4,7.16,10.01,19.4,0,25.6,2,386.6,90,B31,U111,1,HU,HU3,HU33,HU333,Sunflower,Agriculture (excluding fallow land and kitchen gardens)
49682560,No,14,24,27,49,7.1,7.43,15.48,14.4,5,22.3,1.6,143.1,109,B11,U111,1,HU,HU2,HU23,HU231,Common wheat,Agriculture (excluding fallow land and kitchen gardens)
51242758,No,7,21,37,41,6.6,6.88,12.77,18.1,1,38.2,1.9,554.8,100,C10,U120,1,HU,HU3,HU32,HU322,Broadleaved woodland,FORESTRY
50342776,No,15,33,11,56,6,6.23,6.66,18.4,1,30.6,1.9,202.7,210,B12,U111,1,HU,HU1,HU12,HU120,Durum wheat,Agriculture (excluding fallow land and kitchen gardens)
51682754,No,32,33,11,56,7.3,7.86,19.37,17.9,54,26.7,1.9,506.3,97,E20,U420,1,HU,HU3,HU32,HU321,Grassland without tree/shrub cover,Semi-natural and natural areas not in use
50622704,No,5,21,33,46,7.4,7.97,17.77,14.9,80,15.8,1.5,126.4,129,B16,U111,1,HU,HU1,HU12,HU120,Maize,Agriculture (excluding fallow land and kitchen gardens)
48782686,Yes,,,,,6.4,6.65,15.48,109.3,1,24.6,12.1,344.9,184,E20,U111,1,HU,HU2,HU21,HU213,Grassland without tree/shrub cover,Agriculture (excluding fallow land and kitchen gardens)
49422714,Yes,,,,,6.9,7.15,19.56,114.6,6,18.8,11.8,269.5,333,E20,U420,2,HU,HU2,HU21,HU211,Grassland without tree/shrub cover,Semi-natural and natural areas not in use
48842662,Yes,,,,,6.8,6.91,127.2,104.4,4,37.3,10.8,139.9,117,H11,U420,1,HU,HU2,HU21,HU213,Inland marshes,Semi-natural and natural areas not in use
49322704,Yes,,,,,6.9,7.06,82.3,98,6,16.1,10.6,228.4,191,E20,U111,2,HU,HU2,HU21,HU213,Grassland without tree/shrub cover,Agriculture (excluding fallow land and kitchen gardens)
51542716,Yes,,,,,6.4,6.55,10.07,23.7,3,11.9,2.5,271.7,91,B31,U111,1,HU,HU3,HU33,HU332,Sunflower,Agriculture (excluding fallow land and kitchen gardens)
50722698,Yes,,,,,7.8,8.01,12.47,15.2,15,6.7,1.6,110.3,118,B16,U111,1,HU,HU3,HU33,HU331,Maize,Agriculture (excluding fallow land and kitchen gardens)
49882694,Yes,,,,,7.8,8.04,22.9,12.8,65,34,1.3,159.5,143,B16,U111,1,HU,HU2,HU21,HU211,Maize,Agriculture (excluding fallow land and kitchen gardens)
50422708,Yes,,,,,7.8,8.02,14.04,17.2,86,12.8,1.9,137.7,144,B13,U111,1,HU,HU3,HU33,HU331,Barley,Agriculture (excluding fallow land and kitchen gardens)
50442704,Yes,,,,,7.3,7.51,13.35,7.9,23,54.6,0.8,49.5,145,B16,U111,1,HU,HU3,HU33,HU331,Maize,Agriculture (excluding fallow land and kitchen gardens)
50542698,Yes,,,,,7.6,7.84,13.17,16.3,13,30,1.7,275.5,136,B16,U111,1,HU,HU3,HU33,HU331,Maize,Agriculture (excluding fallow land and kitchen gardens)
50602694,Yes,,,,,7.6,7.86,28,25.6,65,6.7,2.6,183.1,121,E20,U111,1,HU,HU3,HU33,HU331,Grassland without tree/shrub cover,Agriculture (excluding fallow land and kitchen gardens)
50662674,Yes,,,,,7.9,8.13,14.81,21.7,136,60.8,2.2,178.1,117,B11,U111,1,HU,HU3,HU33,HU331,Common wheat,Agriculture (excluding fallow land and kitchen gardens)
50402656,Yes,,,,,7.8,8.16,12.89,9.2,72,15.2,0.9,97.4,121,B82,U111,1,HU,HU3,HU33,HU331,Vineyards,Agriculture (excluding fallow land and kitchen gardens)
50722684,Yes,,,,,7.8,8.16,13.63,6.6,134,36.1,0.8,90.7,112,B16,U111,2,HU,HU3,HU33,HU331,Maize,Agriculture (excluding fallow land and kitchen gardens)
50382658,Yes,,,,,7.4,7.31,13.5,6.6,105,8.3,0.8,36.7,125,E30,U112,1,HU,HU3,HU33,HU331,Spontaneously re-vegetated surfaces,Fallow land
50782664,Yes,,,,,7.6,7.74,9.96,6,3,9.1,0.7,69.4,104,B16,U111,1,HU,HU3,HU33,HU331,Maize,Agriculture (excluding fallow land and kitchen gardens)
50782672,Yes,,,,,7.6,7.67,29.5,53.3,125,45.2,4.2,241,96,E30,U410,1,HU,HU3,HU33,HU331,Spontaneously re-vegetated surfaces,Abandoned areas
50202816,Yes,,,,,6.2,6.12,9.63,8.7,2,23.9,1.1,106,177,B16,U111,1,HU,HU3,HU31,HU313,Maize,Agriculture (excluding fallow land and kitchen gardens)
50222794,Yes,,,,,7.5,7.79,27,18.1,38,66.1,2,702.7,191,B11,U111,1,HU,HU3,HU31,HU313,Common wheat,Agriculture (excluding fallow land and kitchen gardens)
49782648,Yes,,,,,7.8,8.03,14.03,19.6,81,6.8,1.8,118.3,115,F40,U111,1,HU,HU2,HU23,HU233,OTHER BARE SOIL,Agriculture (excluding fallow land and kitchen gardens)
51802860,Yes,,,,,6.2,6.4,18.91,27.5,0,32.3,3.2,277.9,105,B18,U111,1,HU,HU3,HU31,HU311,Triticale,Agriculture (excluding fallow land and kitchen gardens)
50682696,Yes,,,,,7.8,8,20.8,20.1,96,56,2.1,272.7,118,B11,U111,1,HU,HU3,HU33,HU331,Common wheat,Agriculture (excluding fallow land and kitchen gardens)
50162704,Yes,,,,,7.6,8.21,22.8,16.4,84,4.8,2.1,178.1,106,E20,U111,1,HU,HU3,HU33,HU331,Grassland without tree/shrub cover,Agriculture (excluding fallow land and kitchen gardens)
51862862,Yes,,,,,4.7,4.9,26.3,58.5,0,18.2,5.8,272.3,101,B31,U111,1,HU,HU3,HU31,HU311,Sunflower,Agriculture (excluding fallow land and kitchen gardens)
50322756,Yes,,,,,5.7,5.95,12.57,40.6,1,12.7,3.3,99.5,198,A22,U120,1,HU,HU1,HU12,HU120,Non built-up linear features,FORESTRY
50322774,Yes,,,,,6.3,5.32,9.77,16.2,0,13,1.8,157.8,209,B11,U111,1,HU,HU1,HU12,HU120,Common wheat,Agriculture (excluding fallow land and kitchen gardens)
50042692,Yes,,,,,7.6,7.94,16.77,23.1,131,25.5,1.9,498.9,111,B11,U111,1,HU,HU3,HU33,HU331,Common wheat,Agriculture (excluding fallow land and kitchen gardens)
50062694,Yes,,,,,7.6,8.12,17.98,17.6,129,6.4,1.5,90.5,106,B11,U111,1,HU,HU3,HU33,HU331,Common wheat,Agriculture (excluding fallow land and kitchen gardens)
50882704,Yes,,,,,7,7.91,14.81,5.5,3,13.2,0.6,46.3,110,B19,U111,1,HU,HU3,HU33,HU331,Other cereals,Agriculture (excluding fallow land and kitchen gardens)
50162668,Yes,,,,,7.9,8.27,16.53,10.5,207,10,1.3,111.3,102,B31,U111,1,HU,HU3,HU33,HU331,Sunflower,Agriculture (excluding fallow land and kitchen gardens)
49902614,Yes,,,,,7.8,8.02,12.04,18,30,6.8,1.8,292.5,104,B16,U111,1,HU,HU2,HU23,HU233,Maize,Agriculture (excluding fallow land and kitchen gardens)
50202690,Yes,,,,,7.8,8.11,15.98,19.4,143,11.7,1.9,165.6,108,B11,U111,1,HU,HU3,HU33,HU331,Common wheat,Agriculture (excluding fallow land and kitchen gardens)
50242658,Yes,,,,,7.1,7.2,46.6,113.6,189,33.7,10.2,110.2,103,E20,U111,1,HU,HU3,HU33,HU331,Grassland without tree/shrub cover,Agriculture (excluding fallow land and kitchen gardens)
50282640,Yes,,,,,7.1,7.19,13.86,24.6,28,10.8,2.3,65.3,126,C10,U120,1,HU,HU3,HU33,HU331,Broadleaved woodland,FORESTRY
50282690,Yes,,,,,7.5,7.79,8.62,10.6,37,4.2,1.2,32.9,109,E10,U420,1,HU,HU3,HU33,HU331,Grassland with sparse tree/shrub cover,Semi-natural and natural areas not in use
50322648,Yes,,,,,7.8,8.1,21.6,14.9,27,20.9,1.6,266,112,B82,U111,1,HU,HU3,HU33,HU331,Vineyards,Agriculture (excluding fallow land and kitchen gardens)
50782700,Yes,,,,,7.7,7.82,27.1,47.2,131,11.2,5.1,143.8,103,E20,U111,1,HU,HU3,HU33,HU331,Grassland without tree/shrub cover,Agriculture (excluding fallow land and kitchen gardens)
50142706,Yes,,,,,7.6,8.13,19.18,16.9,41,5.3,1.8,94,108,E20,U111,1,HU,HU3,HU33,HU331,Grassland without tree/shrub cover,Agriculture (excluding fallow land and kitchen gardens)
51542680,Yes,,,,,7.7,7.91,18.62,26.1,37,25.5,2.8,331.5,101,B18,U111,1,HU,HU3,HU33,HU332,Triticale,Agriculture (excluding fallow land and kitchen gardens)
49822626,Yes,,,,,7.8,7.92,17.2,22.4,39,6.8,2.2,133.1,171,B16,U111,1,HU,HU2,HU23,HU233,Maize,Agriculture (excluding fallow land and kitchen gardens)
50062808,Yes,,,,,7.2,7.25,37,42.5,9,57,4.3,403.4,205,D20,U350,1,HU,HU3,HU31,HU313,Shrubland without tree cover,COMMUNITY SERVICES
50142760,Yes,,,,,7,7.13,15.02,12.3,6,19.1,1.4,125.2,240,E10,U420,2,HU,HU1,HU12,HU120,Grassland with sparse tree/shrub cover,Semi-natural and natural areas not in use
49722596,Yes,,,,,7.7,7.82,40.6,9.7,189,11.2,1.6,219.9,219,B18,U111,1,HU,HU2,HU23,HU231,Triticale,Agriculture (excluding fallow land and kitchen gardens)
51442662,Yes,,,,,7.8,7.96,17.19,26.4,53,14.5,2.9,308.3,101,B16,U111,1,HU,HU3,HU33,HU332,Maize,Agriculture (excluding fallow land and kitchen gardens)
51502654,Yes,,,,,7.5,7.59,23.9,39.6,80,105.4,4.1,739.1,105,D10,U370,1,HU,HU3,HU33,HU332,Shrubland with sparse tree cover,RESIDENTIAL
50302620,Yes,,,,,7.6,8.06,10.27,7.2,77,0,0.5,56.6,154,C10,U120,1,HU,HU3,HU33,HU331,Broadleaved woodland,FORESTRY
50422622,Yes,,,,,7.6,7.99,9.38,11.8,9,12.7,1.2,61.2,157,F40,U111,1,HU,HU3,HU33,HU331,OTHER BARE SOIL,Agriculture (excluding fallow land and kitchen gardens)
51622644,Yes,,,,,5.9,5.95,14.45,26.8,1,23.5,2.7,490.2,108,B16,U111,1,HU,HU3,HU33,HU332,Maize,Agriculture (excluding fallow land and kitchen gardens)
51722640,Yes,,,,,7.6,7.79,15.36,24.2,11,17.5,2.6,483.6,111,B11,U111,1,HU,HU3,HU33,HU332,Common wheat,Agriculture (excluding fallow land and kitchen gardens)
51762666,Yes,,,,,7.6,7.82,16.55,24.3,26,12.6,2.7,384,99,B11,U111,1,HU,HU3,HU33,HU332,Common wheat,Agriculture (excluding fallow land and kitchen gardens)
51782650,Yes,,,,,6.2,6.35,8.8,16.9,1,8.6,1.9,168.3,105,B16,U111,1,HU,HU3,HU33,HU332,Maize,Agriculture (excluding fallow land and kitchen gardens)
51802666,Yes,,,,,6.5,6.65,10.71,16.2,1,101.2,2,549,99,B52,U111,1,HU,HU3,HU33,HU332,Lucerne,Agriculture (excluding fallow land and kitchen gardens)
50022600,Yes,,,,,7.4,7.67,15.3,31.1,156,5.6,2,76.1,116,C10,U120,1,HU,HU2,HU23,HU233,Broadleaved woodland,FORESTRY
49922626,Yes,,,,,7.4,7.61,12.78,12.4,3,12.1,1.6,224,106,E30,U111,1,HU,HU2,HU23,HU233,Spontaneously re-vegetated surfaces,Agriculture (excluding fallow land and kitchen gardens)
49942602,Yes,,,,,7.7,7.85,13.53,22.1,157,6.8,2,69.3,97,B11,U111,1,HU,HU2,HU23,HU233,Common wheat,Agriculture (excluding fallow land and kitchen gardens)
49962634,Yes,,,,,6.7,6.79,9.97,6.2,2,20.2,0.8,72.7,113,B16,U111,1,HU,HU2,HU23,HU233,Maize,Agriculture (excluding fallow land and kitchen gardens)
50362630,Yes,,,,,7.5,7.58,11.96,18.5,72,7.5,1.4,56.1,145,C10,U420,1,HU,HU3,HU33,HU331,Broadleaved woodland,Semi-natural and natural areas not in use
49962684,Yes,,,,,7.8,8.07,18.24,16.3,78,21.9,1.5,185.8,129,B16,U111,1,HU,HU2,HU21,HU211,Maize,Agriculture (excluding fallow land and kitchen gardens)
49982656,Yes,,,,,7.8,8.08,15.15,15.3,42,52.4,1.5,353,191,B82,U111,1,HU,HU2,HU23,HU233,Vineyards,Agriculture (excluding fallow land and kitchen gardens)
50502616,Yes,,,,,7.8,8.12,15.22,20.1,99,10.1,2,152.9,141,B31,U111,1,HU,HU3,HU33,HU331,Sunflower,Agriculture (excluding fallow land and kitchen gardens)
51782848,Yes,,,,,5.4,5.63,6.39,11.2,0,16.7,1.3,193.4,114,B31,U111,1,HU,HU3,HU32,HU323,Sunflower,Agriculture (excluding fallow land and kitchen gardens)
50022636,Yes,,,,,7.7,7.84,30.4,28.1,105,7.6,2.4,144.5,103,B16,U111,1,HU,HU2,HU23,HU233,Maize,Agriculture (excluding fallow land and kitchen gardens)
50022658,Yes,,,,,7.9,8.22,15.24,17.5,313,8.4,2.2,159.1,104,B31,U111,1,HU,HU2,HU23,HU233,Sunflower,Agriculture (excluding fallow land and kitchen gardens)
50102604,Yes,,,,,7.8,8.03,17.48,16.6,236,6,1.9,118.6,90,B31,U111,1,HU,HU3,HU33,HU331,Sunflower,Agriculture (excluding fallow land and kitchen gardens)
50102618,Yes,,,,,7.9,8.16,16.07,10.2,376,10.9,1.7,167.7,101,B31,U111,1,HU,HU3,HU33,HU331,Sunflower,Agriculture (excluding fallow land and kitchen gardens)
50222584,Yes,,,,,7.9,8.15,16.03,18.3,183,5.6,1.8,147.3,103,B16,U111,1,HU,HU3,HU33,HU331,Maize,Agriculture (excluding fallow land and kitchen gardens)
50242604,Yes,,,,,7.8,8.01,15.62,23.6,42,20.1,2.4,198.7,144,F40,U111,1,HU,HU3,HU33,HU331,OTHER BARE SOIL,Agriculture (excluding fallow land and kitchen gardens)
50002608,Yes,,,,,7.7,8.17,16.9,31.5,60,17.2,2.9,154.8,96,B16,U111,1,HU,HU2,HU23,HU233,Maize,Agriculture (excluding fallow land and kitchen gardens)
51002766,Yes,,,,,6.8,7.55,31.4,17.8,1,11.1,1.8,151.5,97,E20,U111,1,HU,HU3,HU31,HU312,Grassland without tree/shrub cover,Agriculture (excluding fallow land and kitchen gardens)
51962812,Yes,,,,,6.1,6.39,27,9.2,0,6.5,1.2,123.9,127,B16,U111,1,HU,HU3,HU32,HU323,Maize,Agriculture (excluding fallow land and kitchen gardens)
50602780,Yes,,,,,5.7,5.99,11.4,19.1,0,42.1,1.9,216.6,128,B31,U111,1,HU,HU3,HU31,HU312,Sunflower,Agriculture (excluding fallow land and kitchen gardens)
50662800,Yes,,,,,4.8,4.36,22.2,51.4,1,29.9,4.7,243.5,340,C10,U120,2,HU,HU3,HU31,HU312,Broadleaved woodland,FORESTRY
50702782,Yes,,,,,6.9,6.92,41.4,24,1,73.9,2.3,433.5,104,F40,U111,1,HU,HU3,HU31,HU312,OTHER BARE SOIL,Agriculture (excluding fallow land and kitchen gardens)
50722774,Yes,,,,,6.1,6.33,24,17.1,1,33.1,2,307.8,105,F40,U111,1,HU,HU3,HU31,HU312,OTHER BARE SOIL,Agriculture (excluding fallow land and kitchen gardens)
50742820,Yes,,,,,6.4,6.58,19.72,15,0,8.6,1.9,248.3,188,E20,U111,1,HU,HU3,HU31,HU312,Grassland without tree/shrub cover,Agriculture (excluding fallow land and kitchen gardens)
50462784,Yes,,,,,5,5.31,18.13,6.1,0,54.5,0.8,195.2,132,E20,U410,1,HU,HU3,HU31,HU312,Grassland without tree/shrub cover,Abandoned areas
50962762,Yes,,,,,5.5,6.44,8.52,20,1,59.9,2,317.4,92,B11,U111,1,HU,HU3,HU31,HU312,Common wheat,Agriculture (excluding fallow land and kitchen gardens)
50342794,Yes,,,,,4.8,5.21,13.31,12.8,0,8,1.4,96.6,212,E20,U111,1,HU,HU3,HU31,HU313,Grassland without tree/shrub cover,Agriculture (excluding fallow land and kitchen gardens)
51082770,Yes,,,,,6.7,7.23,17.7,28.4,1,32.8,2.6,460.6,90,B31,U111,1,HU,HU3,HU31,HU312,Sunflower,Agriculture (excluding fallow land and kitchen gardens)
52102818,Yes,,,,,5.1,5.61,10.82,9.8,0,14.5,1.1,120.7,146,B16,U111,1,HU,HU3,HU32,HU323,Maize,Agriculture (excluding fallow land and kitchen gardens)
52262824,Yes,,,,,4.6,5.49,5.39,7.2,0,60.7,0.8,154.8,154,B16,U111,1,HU,HU3,HU32,HU323,Maize,Agriculture (excluding fallow land and kitchen gardens)
52302814,Yes,,,,,4,4.53,3.75,4.2,0,34.9,0.6,58.7,157,C10,U120,1,HU,HU3,HU32,HU323,Broadleaved woodland,FORESTRY
51862838,Yes,,,,,4.1,4.35,11.29,16.9,0,26.8,1.9,108.2,114,C10,U120,1,HU,HU3,HU32,HU323,Broadleaved woodland,FORESTRY
50762776,Yes,,,,,5.9,6.39,20.1,17.1,1,13.3,2.2,315.3,104,B31,U111,1,HU,HU3,HU31,HU312,Sunflower,Agriculture (excluding fallow land and kitchen gardens)
50502828,Yes,,,,,4.9,5.48,11.15,22.2,0,21.4,2.2,120.1,340,C10,U120,1,HU,HU3,HU31,HU313,Broadleaved woodland,FORESTRY
51962830,Yes,,,,,5.4,5.74,14.03,7.9,0,9.3,1.1,113.3,124,B31,U111,1,HU,HU3,HU32,HU323,Sunflower,Agriculture (excluding fallow land and kitchen gardens)
50422798,Yes,,,,,6.5,6.72,14.74,16.8,2,53.3,1.8,241.3,167,C10,U120,1,HU,HU3,HU31,HU313,Broadleaved woodland,FORESTRY
50362788,Yes,,,,,6.9,7.01,37.2,15.8,1,32.1,1.8,329.7,156,B32,U111,1,HU,HU3,HU31,HU313,Rape and turnip rape,Agriculture (excluding fallow land and kitchen gardens)
51362852,Yes,,,,,6.4,6.56,21.6,16.2,1,17.8,2.1,172.8,129,B16,U111,1,HU,HU3,HU31,HU311,Maize,Agriculture (excluding fallow land and kitchen gardens)
52542834,Yes,,,,,5.8,6.15,10.92,22.9,0,19.7,2.5,186.6,120,B75,U111,1,HU,HU3,HU32,HU323,Other fruit trees and berries,Agriculture (excluding fallow land and kitchen gardens)
52402856,Yes,,,,,5.3,5.6,27.5,41,0,11.9,5,255.8,116,E30,U420,1,HU,HU3,HU32,HU323,Spontaneously re-vegetated surfaces,Semi-natural and natural areas not in use
52442852,Yes,,,,,5.9,6.01,11.07,14.5,0,23,1.8,307.6,116,E20,U111,1,HU,HU3,HU32,HU323,Grassland without tree/shrub cover,Agriculture (excluding fallow land and kitchen gardens)
52442860,Yes,,,,,5.1,5.85,14.55,38.2,0,15.7,3.8,177.8,110,E20,U111,1,HU,HU3,HU32,HU323,Grassland without tree/shrub cover,Agriculture (excluding fallow land and kitchen gardens)
52482850,Yes,,,,,4.8,5.06,11.76,16.4,0,21.8,2.2,102.9,123,B18,U111,1,HU,HU3,HU32,HU323,Triticale,Agriculture (excluding fallow land and kitchen gardens)
50342764,Yes,,,,,7.7,8.08,14.06,12.2,193,17,1.1,87.3,192,B11,U111,1,HU,HU1,HU12,HU120,Common wheat,Agriculture (excluding fallow land and kitchen gardens)
52382854,Yes,,,,,5.3,5.61,14.38,13.8,1,19.7,1.9,94.5,106,B16,U111,1,HU,HU3,HU32,HU323,Maize,Agriculture (excluding fallow land and kitchen gardens)
51302872,Yes,,,,,5.5,5.69,12.31,22.1,1,8.8,2.4,210.4,282,E30,U112,1,HU,HU3,HU31,HU311,Spontaneously re-vegetated surfaces,Fallow land
52342860,Yes,,,,,7,7.07,28.9,28.8,7,28.3,3.3,286.9,115,C10,U120,1,HU,HU3,HU32,HU323,Broadleaved woodland,FORESTRY
51542842,Yes,,,,,5.2,5.4,24,53.1,0,58.1,5.7,379.9,102,E20,U111,1,HU,HU3,HU31,HU311,Grassland without tree/shrub cover,Agriculture (excluding fallow land and kitchen gardens)
51882830,Yes,,,,,7.6,7.95,23,13.5,52,7.3,1.8,109.7,114,B16,U111,1,HU,HU3,HU32,HU323,Maize,Agriculture (excluding fallow land and kitchen gardens)
51602826,Yes,,,,,6.9,7.19,24.7,33.8,1,20.3,3.2,232,102,B16,U111,1,HU,HU3,HU32,HU323,Maize,Agriculture (excluding fallow land and kitchen gardens)
51922818,Yes,,,,,5.6,5.97,8.54,8.5,1,20.7,1,178.3,-1,B16,U111,1,HU,HU3,HU32,HU323,Maize,Agriculture (excluding fallow land and kitchen gardens)
51682826,Yes,,,,,5.3,5.67,10.91,18.6,1,34,2.1,392.3,105,B16,U111,1,HU,HU3,HU32,HU323,Maize,Agriculture (excluding fallow land and kitchen gardens)
51762864,Yes,,,,,5.2,5.39,26.4,21,1,37.9,2.6,253.2,105,B18,U111,1,HU,HU3,HU31,HU311,Triticale,Agriculture (excluding fallow land and kitchen gardens)
50362756,Yes,,,,,6.4,6.57,10.54,8.9,3,15.9,1,100.4,180,B16,U111,1,HU,HU1,HU12,HU120,Maize,Agriculture (excluding fallow land and kitchen gardens)
52142848,Yes,,,,,6.6,6.72,24.8,12.2,0,14.5,1.4,193.8,118,C10,U120,1,HU,HU3,HU32,HU323,Broadleaved woodland,FORESTRY
52622852,Yes,,,,,6.3,6.43,9.19,11.6,0,29,1.5,188.5,111,A22,U312,1,HU,HU3,HU32,HU323,Non built-up linear features,Road transport
51982864,Yes,,,,,6.1,6.4,8.45,17.2,0,32.5,2.1,195.4,108,B15,U111,1,HU,HU3,HU31,HU311,Oats,Agriculture (excluding fallow land and kitchen gardens)
52182816,Yes,,,,,4,4.48,4.06,4.6,0,13,0.6,23.7,173,C10,U120,1,HU,HU3,HU32,HU323,Broadleaved woodland,FORESTRY
52002838,Yes,,,,,5.5,5.82,9.79,9.2,0,6.2,1.1,112.3,110,B31,U111,1,HU,HU3,HU32,HU323,Sunflower,Agriculture (excluding fallow land and kitchen gardens)
52042834,Yes,,,,,6,6.3,7.43,5.4,1,24.5,0.7,171.2,122,E30,U420,1,HU,HU3,HU32,HU323,Spontaneously re-vegetated surfaces,Semi-natural and natural areas not in use
52402838,Yes,,,,,5.3,5.51,9.89,15.6,1,24,1.9,133.1,122,B31,U111,1,HU,HU3,HU32,HU323,Sunflower,Agriculture (excluding fallow land and kitchen gardens)
52102872,Yes,,,,,7.4,7.61,42.6,19.3,13,31.2,2.3,150.1,105,C10,U120,1,HU,HU3,HU31,HU311,Broadleaved woodland,FORESTRY
52142854,Yes,,,,,7.4,7.76,29.3,19.9,125,36,2.8,293.4,108,B16,U111,1,HU,HU3,HU32,HU323,Maize,Agriculture (excluding fallow land and kitchen gardens)
52182852,Yes,,,,,7,7.38,18.11,11.5,3,5.8,1.5,179.5,116,B16,U111,1,HU,HU3,HU32,HU323,Maize,Agriculture (excluding fallow land and kitchen gardens)
52202866,Yes,,,,,5.3,5.76,8.2,8.1,1,58.3,0.9,198.5,119,E20,U410,1,HU,HU3,HU32,HU323,Grassland without tree/shrub cover,Abandoned areas
52222852,Yes,,,,,4,4.32,10.79,3,1,28.3,0.4,48.9,132,C10,U120,1,HU,HU3,HU32,HU323,Broadleaved woodland,FORESTRY
52242866,Yes,,,,,4,4.44,9,8.1,0,27.9,1,69.4,125,C10,U120,1,HU,HU3,HU32,HU323,Broadleaved woodland,FORESTRY
52262878,Yes,,,,,7.2,7.22,44.4,24.7,4,22.3,2.9,301.4,121,C10,U120,1,HU,HU3,HU32,HU323,Broadleaved woodland,FORESTRY
52082870,Yes,,,,,5.4,5.65,23.7,19.4,0,35.5,2.5,315.3,108,B75,U111,1,HU,HU3,HU32,HU323,Other fruit trees and berries,Agriculture (excluding fallow land and kitchen gardens)
51602692,Yes,,,,,7.6,7.83,14.49,21.8,15,51.7,2.3,636.4,102,B18,U111,1,HU,HU3,HU33,HU332,Triticale,Agriculture (excluding fallow land and kitchen gardens)
49622620,Yes,,,,,6.5,6.51,13.1,9.7,1,40,1.4,161.1,243,B16,U111,1,HU,HU2,HU23,HU231,Maize,Agriculture (excluding fallow land and kitchen gardens)
49922582,Yes,,,,,7.4,7.7,30.1,31.3,53,47.2,3.1,544.4,106,C10,U420,1,HU,HU2,HU23,HU231,Broadleaved woodland,Semi-natural and natural areas not in use
51302638,Yes,,,,,7.6,8.01,22.6,27.4,90,71.6,2.5,1070.1,95,B11,U111,1,HU,HU3,HU33,HU333,Common wheat,Agriculture (excluding fallow land and kitchen gardens)
49802596,Yes,,,,,7.7,8.05,18.46,13.4,146,14.3,1,145.8,279,B11,U111,1,HU,HU2,HU23,HU231,Common wheat,Agriculture (excluding fallow land and kitchen gardens)
51362622,Yes,,,,,7.8,8.74,41.5,15.7,8,26,1.7,327.5,92,F40,U111,1,HU,HU3,HU33,HU333,OTHER BARE SOIL,Agriculture (excluding fallow land and kitchen gardens)
49822572,Yes,,,,,6.9,7.05,9.82,13.8,1,35.9,1.7,227.8,139,B11,U111,1,HU,HU2,HU23,HU231,Common wheat,Agriculture (excluding fallow land and kitchen gardens)
49882592,Yes,,,,,7.6,8,18.75,17.7,115,13.8,1.6,122.3,144,B16,U111,1,HU,HU2,HU23,HU231,Maize,Agriculture (excluding fallow land and kitchen gardens)
51062638,Yes,,,,,7.1,7.35,14.5,19.3,2,34.7,2.1,308.1,91,B16,U111,1,HU,HU3,HU33,HU333,Maize,Agriculture (excluding fallow land and kitchen gardens)
51122656,Yes,,,,,6.5,6.58,9.62,21.6,1,18.2,2.2,403.7,95,B11,U111,1,HU,HU3,HU33,HU333,Common wheat,Agriculture (excluding fallow land and kitchen gardens)
51122668,Yes,,,,,7,7.24,19.98,31.9,11,154.8,3.2,1462.1,93,E20,U111,1,HU,HU3,HU33,HU333,Grassland without tree/shrub cover,Agriculture (excluding fallow land and kitchen gardens)
51142628,Yes,,,,,6.9,7.07,11.39,19.7,1,37.5,2.3,472.2,85,B31,U111,1,HU,HU3,HU33,HU333,Sunflower,Agriculture (excluding fallow land and kitchen gardens)
51142636,Yes,,,,,6.6,6.72,8.89,15.3,0,67.1,1.8,464.5,87,B11,U111,1,HU,HU3,HU33,HU333,Common wheat,Agriculture (excluding fallow land and kitchen gardens)
51182618,Yes,,,,,7.5,7.77,18.54,20.5,12,21.2,2.5,443.2,88,B13,U111,1,HU,HU3,HU33,HU333,Barley,Agriculture (excluding fallow land and kitchen gardens)
51222660,Yes,,,,,7.6,7.93,15.85,27.6,25,22.2,2.7,544.4,98,B12,U111,1,HU,HU3,HU33,HU333,Durum wheat,Agriculture (excluding fallow land and kitchen gardens)
49882564,Yes,,,,,6.1,6.16,12.09,14.3,1,91.5,1.8,281.8,118,B22,U111,1,HU,HU2,HU23,HU231,Sugar beet,Agriculture (excluding fallow land and kitchen gardens)
51022620,Yes,,,,,6.7,6.81,11.15,20.9,2,26.5,2.2,372.1,90,B11,U111,1,HU,HU3,HU33,HU333,Common wheat,Agriculture (excluding fallow land and kitchen gardens)
50902644,Yes,,,,,7.5,7.97,18.02,9.4,26,19.5,1.1,89.6,94,B18,U111,1,HU,HU3,HU33,HU333,Triticale,Agriculture (excluding fallow land and kitchen gardens)
51422638,Yes,,,,,7.6,8.31,34.7,25.9,20,37,2.7,437.4,103,E30,U112,1,HU,HU3,HU33,HU333,Spontaneously re-vegetated surfaces,Fallow land
49462554,Yes,,,,,7.6,8,19.88,16.8,65,5.7,1.6,71.8,104,B33,U111,1,HU,HU2,HU23,HU231,Soya,Agriculture (excluding fallow land and kitchen gardens)
49462572,Yes,,,,,5.9,5.97,9.63,17.4,2,13.2,1.8,106.8,171,C10,U120,1,HU,HU2,HU23,HU231,Broadleaved woodland,FORESTRY
49482568,Yes,,,,,6.2,6.28,15.42,12,1,30.1,1.5,185.8,115,B11,U111,1,HU,HU2,HU23,HU231,Common wheat,Agriculture (excluding fallow land and kitchen gardens)
50682720,Yes,,,,,7.7,8.12,32.7,8.4,3,49.3,1.1,512.6,110,E30,U111,1,HU,HU1,HU12,HU120,Spontaneously re-vegetated surfaces,Agriculture (excluding fallow land and kitchen gardens)
50982686,Yes,,,,,6.5,6.61,10.77,22.2,2,30.7,2.6,336.8,89,B31,U111,1,HU,HU3,HU32,HU322,Sunflower,Agriculture (excluding fallow land and kitchen gardens)
50642744,Yes,,,,,7.2,7.47,13.41,10.3,72,9.3,1,100.1,109,B13,U111,1,HU,HU1,HU12,HU120,Barley,Agriculture (excluding fallow land and kitchen gardens)
51022656,Yes,,,,,7.6,7.98,19.4,18.6,26,7.7,2.2,492.4,92,B16,U111,1,HU,HU3,HU33,HU333,Maize,Agriculture (excluding fallow land and kitchen gardens)
51022674,Yes,,,,,7,7.24,9.89,15.6,1,26,1.8,233.2,92,B16,U111,1,HU,HU3,HU33,HU333,Maize,Agriculture (excluding fallow land and kitchen gardens)
49742582,Yes,,,,,6.9,7.06,12.36,10.1,0,11.3,1.4,140,176,B16,U111,1,HU,HU2,HU23,HU231,Maize,Agriculture (excluding fallow land and kitchen gardens)
51082662,Yes,,,,,7.6,7.9,16.62,27.6,17,14.3,2.8,505.4,88,B31,U111,1,HU,HU3,HU33,HU333,Sunflower,Agriculture (excluding fallow land and kitchen gardens)
51062628,Yes,,,,,7.5,7.88,27.6,22.3,25,29.4,2.4,374.2,84,B16,U111,1,HU,HU3,HU33,HU333,Maize,Agriculture (excluding fallow land and kitchen gardens)
49342736,Yes,,,,,6.3,6.32,7.47,6.1,3,21.7,0.8,95.2,240,B18,U111,1,HU,HU2,HU21,HU211,Triticale,Agriculture (excluding fallow land and kitchen gardens)
49602580,Yes,,,,,7.5,7.75,20,12.6,9,11.3,1.6,178.6,223,F40,U111,1,HU,HU2,HU23,HU231,OTHER BARE SOIL,Agriculture (excluding fallow land and kitchen gardens)
51042732,Yes,,,,,5.7,5.83,11.19,21.8,1,68.3,2.8,543.4,90,B11,U111,1,HU,HU3,HU32,HU322,Common wheat,Agriculture (excluding fallow land and kitchen gardens)
50642712,Yes,,,,,7.3,7.6,5.97,2.3,1,14.5,0.3,68.2,118,C10,U120,1,HU,HU1,HU12,HU120,Broadleaved woodland,FORESTRY
50622776,Yes,,,,,5.7,5.97,7.41,26.4,0,14.3,2.5,243.6,113,B18,U111,1,HU,HU3,HU32,HU322,Triticale,Agriculture (excluding fallow land and kitchen gardens)
50642752,Yes,,,,,7,7.15,8.32,9.8,39,6.7,0.9,75.4,115,C10,U120,1,HU,HU3,HU32,HU322,Broadleaved woodland,FORESTRY
50642762,Yes,,,,,7.7,8.03,17.37,19,159,17.8,2.3,246,101,B32,U111,1,HU,HU3,HU32,HU322,Rape and turnip rape,Agriculture (excluding fallow land and kitchen gardens)
50882746,Yes,,,,,7.5,7.87,13.73,25.2,5,47.5,2.6,913.4,93,B22,U111,1,HU,HU3,HU32,HU322,Sugar beet,Agriculture (excluding fallow land and kitchen gardens)
50922712,Yes,,,,,6.8,6.94,13,25,1,34.6,2.7,565.9,91,B31,U111,1,HU,HU3,HU32,HU322,Sunflower,Agriculture (excluding fallow land and kitchen gardens)
50522764,Yes,,,,,6.3,6.43,7.46,11.5,1,18.5,1.4,185.4,119,B52,U111,1,HU,HU3,HU32,HU322,Lucerne,Agriculture (excluding fallow land and kitchen gardens)
51022728,Yes,,,,,6.6,6.73,20.2,16.2,0,36.6,1.9,612.8,97,F40,U112,1,HU,HU3,HU32,HU322,OTHER BARE SOIL,Fallow land
51402742,Yes,,,,,6.4,6.9,26.4,18.9,0,26.9,2,320.1,92,B13,U111,1,HU,HU3,HU32,HU322,Barley,Agriculture (excluding fallow land and kitchen gardens)
51082720,Yes,,,,,7.4,7.6,20.5,31.2,3,45,3.2,1324.9,97,B16,U111,1,HU,HU3,HU32,HU322,Maize,Agriculture (excluding fallow land and kitchen gardens)
51142736,Yes,,,,,5.6,5.72,15.61,17.7,0,77.9,2.3,362.6,96,B16,U111,1,HU,HU3,HU32,HU322,Maize,Agriculture (excluding fallow land and kitchen gardens)
51142754,Yes,,,,,7.4,7.77,14.98,18.4,26,10.8,1.8,267.7,97,B13,U111,1,HU,HU3,HU32,HU322,Barley,Agriculture (excluding fallow land and kitchen gardens)
51342740,Yes,,,,,6.9,6.93,14.72,21.3,0,15,2.2,432,94,B11,U111,1,HU,HU3,HU32,HU322,Common wheat,Agriculture (excluding fallow land and kitchen gardens)
51382746,Yes,,,,,6,6.26,7.94,22.8,0,20.2,2.4,239.8,95,B11,U111,1,HU,HU3,HU32,HU322,Common wheat,Agriculture (excluding fallow land and kitchen gardens)
50582704,Yes,,,,,6.7,6.81,6.11,2.6,0,14.1,0.3,90.3,145,C10,U120,1,HU,HU1,HU12,HU120,Broadleaved woodland,FORESTRY
50962748,Yes,,,,,7.4,7.71,13.8,16.7,17,35.1,1.8,477.9,93,E30,U112,1,HU,HU3,HU32,HU322,Spontaneously re-vegetated surfaces,Fallow land
49642738,Yes,,,,,7,7.18,22.3,38.8,3,47.6,4.3,431.8,161,E20,U420,1,HU,HU2,HU21,HU211,Grassland without tree/shrub cover,Semi-natural and natural areas not in use
50882638,Yes,,,,,8.3,9.98,24.1,3.7,134,0,0.3,54.4,99,E20,U111,1,HU,HU3,HU33,HU333,Grassland without tree/shrub cover,Agriculture (excluding fallow land and kitchen gardens)
49422720,Yes,,,,,5.1,5.37,7.73,24,1,17.6,2.3,158.1,212,C10,U120,1,HU,HU2,HU21,HU211,Broadleaved woodland,FORESTRY
49442722,Yes,,,,,7.3,7.59,12.49,9.9,6,11.3,1.1,94.9,166,B31,U111,1,HU,HU2,HU21,HU211,Sunflower,Agriculture (excluding fallow land and kitchen gardens)
49502704,Yes,,,,,7.6,7.93,15.62,21.1,17,13.9,2.4,138.3,200,B16,U111,1,HU,HU2,HU21,HU211,Maize,Agriculture (excluding fallow land and kitchen gardens)
49502732,Yes,,,,,5.4,5.49,15.48,81.8,2,20.4,6.6,108.4,334,C10,U120,1,HU,HU2,HU21,HU211,Broadleaved woodland,FORESTRY
49542746,Yes,,,,,5.2,5.29,11.55,23.7,0,11.3,2.3,108.2,282,C10,U120,1,HU,HU2,HU21,HU212,Broadleaved woodland,FORESTRY
50582764,Yes,,,,,6.1,6.33,5.4,20.6,0,19.6,2,162,118,B52,U111,1,HU,HU3,HU32,HU322,Lucerne,Agriculture (excluding fallow land and kitchen gardens)
49642720,Yes,,,,,7.6,8.03,18.7,13.8,59,12.4,1.5,139.4,158,B16,U111,1,HU,HU2,HU21,HU211,Maize,Agriculture (excluding fallow land and kitchen gardens)
50642734,Yes,,,,,7.7,8.12,17.53,26.6,96,20.4,2.5,357.9,100,B16,U111,1,HU,HU1,HU12,HU120,Maize,Agriculture (excluding fallow land and kitchen gardens)
49782732,Yes,,,,,7.6,8,15.47,17.6,26,15.6,1.8,171.8,200,B18,U111,1,HU,HU2,HU21,HU211,Triticale,Agriculture (excluding fallow land and kitchen gardens)
49822698,Yes,,,,,7.6,8,16.8,15.8,21,32.3,1.7,234.1,130,B16,U111,1,HU,HU2,HU21,HU211,Maize,Agriculture (excluding fallow land and kitchen gardens)
49842726,Yes,,,,,7.6,7.98,14.2,24.4,18,18.4,2.7,142.1,149,B15,U111,1,HU,HU2,HU21,HU211,Oats,Agriculture (excluding fallow land and kitchen gardens)
49862710,Yes,,,,,7.6,7.94,24.2,30.6,37,19.9,3.2,188.7,111,B16,U111,1,HU,HU2,HU21,HU211,Maize,Agriculture (excluding fallow land and kitchen gardens)
49882700,Yes,,,,,7.7,8.1,13.97,24.2,42,7.7,2.2,140.4,143,B11,U111,1,HU,HU2,HU21,HU211,Common wheat,Agriculture (excluding fallow land and kitchen gardens)
49922748,Yes,,,,,7.4,7.61,15.34,26.5,7,6.3,2.6,211.8,23,E20,U111,1,HU,HU1,HU12,HU120,Grassland without tree/shrub cover,Agriculture (excluding fallow land and kitchen gardens)
49602720,Yes,,,,,7.7,8.07,17.29,13.4,107,7.9,1.5,117.5,162,B31,U111,1,HU,HU2,HU21,HU211,Sunflower,Agriculture (excluding fallow land and kitchen gardens)
51482728,Yes,,,,,6.5,6.73,14.16,16.6,1,27.8,1.8,319.1,95,B19,U111,1,HU,HU3,HU33,HU332,Other cereals,Agriculture (excluding fallow land and kitchen gardens)
48982640,Yes,,,,,5.4,5.53,11.22,5.6,0,33.8,0.7,64.2,139,E30,U112,1,HU,HU2,HU23,HU232,Spontaneously re-vegetated surfaces,Fallow land
51342722,Yes,,,,,7.5,7.77,12.83,15.8,4,39.6,1.8,447.4,96,B16,U111,1,HU,HU3,HU32,HU322,Maize,Agriculture (excluding fallow land and kitchen gardens)
51482704,Yes,,,,,7.4,7.79,19.42,24.7,23,54,2.7,765.6,94,E20,U111,1,HU,HU3,HU33,HU332,Grassland without tree/shrub cover,Agriculture (excluding fallow land and kitchen gardens)
51382692,Yes,,,,,7.7,7.96,17.92,25.3,21,17.6,2.7,300,96,F40,U111,1,HU,HU3,HU33,HU332,OTHER BARE SOIL,Agriculture (excluding fallow land and kitchen gardens)
51402678,Yes,,,,,7.7,8.07,14.05,18.8,127,13.5,2.8,288,98,B41,U111,1,HU,HU3,HU33,HU332,Dry pulses,Agriculture (excluding fallow land and kitchen gardens)
51422674,Yes,,,,,7,7.05,11.72,17.9,2,10.6,1.9,183.3,100,B16,U111,1,HU,HU3,HU33,HU332,Maize,Agriculture (excluding fallow land and kitchen gardens)
51282676,Yes,,,,,7.7,7.94,26.2,20.2,39,29.6,2.4,463.2,94,B52,U111,1,HU,HU3,HU33,HU332,Lucerne,Agriculture (excluding fallow land and kitchen gardens)
51442720,Yes,,,,,5.3,6.01,10.94,24.9,1,15.2,2.6,114.2,99,E20,U111,1,HU,HU3,HU33,HU332,Grassland without tree/shrub cover,Agriculture (excluding fallow land and kitchen gardens)
51262716,Yes,,,,,7.4,7.56,21.2,21,3,104.2,2.3,552.4,94,B31,U111,1,HU,HU3,HU32,HU322,Sunflower,Agriculture (excluding fallow land and kitchen gardens)
50782712,Yes,,,,,6.6,6.69,14,6.1,0,15.3,0.6,78.5,98,C10,U120,1,HU,HU1,HU12,HU120,Broadleaved woodland,FORESTRY
50822716,Yes,,,,,7.2,8.16,54.6,27,5,14.2,2.8,148.1,93,E20,U111,1,HU,HU1,HU12,HU120,Grassland without tree/shrub cover,Agriculture (excluding fallow land and kitchen gardens)
49342622,Yes,,,,,6.4,6.36,51.1,29.2,2,17,3.4,215.1,153,C10,U120,1,HU,HU2,HU23,HU232,Broadleaved woodland,FORESTRY
49282626,Yes,,,,,7.6,7.89,19.18,12.1,17,63.1,1.5,285.8,172,B11,U111,1,HU,HU2,HU23,HU232,Common wheat,Agriculture (excluding fallow land and kitchen gardens)
49242634,Yes,,,,,7.6,7.93,13.83,9.2,8,18.6,1.4,115.1,211,B19,U111,1,HU,HU2,HU23,HU232,Other cereals,Agriculture (excluding fallow land and kitchen gardens)
50902630,Yes,,,,,7.3,7.85,8.36,6.2,6,5.1,0.8,40.8,92,B13,U111,1,HU,HU3,HU33,HU333,Barley,Agriculture (excluding fallow land and kitchen gardens)
51422722,Yes,,,,,7.1,7.59,19.4,20,1,10.6,2,217.2,98,E20,U111,1,HU,HU3,HU32,HU322,Grassland without tree/shrub cover,Agriculture (excluding fallow land and kitchen gardens)
49382622,Yes,,,,,7.4,7.7,18.16,36.5,93,10.2,3.2,124.2,134,C10,U120,1,HU,HU2,HU23,HU233,Broadleaved woodland,FORESTRY
51602704,Yes,,,,,7.2,7.39,12.69,19.2,2,120.7,2.3,527.7,98,B31,U111,1,HU,HU3,HU33,HU332,Sunflower,Agriculture (excluding fallow land and kitchen gardens)
51682690,Yes,,,,,7.4,7.63,13.03,15.8,10,29.9,1.8,236.6,91,B18,U111,1,HU,HU3,HU33,HU332,Triticale,Agriculture (excluding fallow land and kitchen gardens)
51682726,Yes,,,,,6.5,6.83,13.38,30.5,0,21.8,3,99.4,99,E20,U111,1,HU,HU3,HU33,HU332,Grassland without tree/shrub cover,Agriculture (excluding fallow land and kitchen gardens)
51722712,Yes,,,,,7.3,7.35,27.5,24.7,21,66.6,2.7,451.1,95,C10,U120,1,HU,HU3,HU33,HU332,Broadleaved woodland,FORESTRY
51762706,Yes,,,,,6.2,6.3,7.75,29,1,61,3,651.6,93,E20,U111,1,HU,HU3,HU33,HU332,Grassland without tree/shrub cover,Agriculture (excluding fallow land and kitchen gardens)
51902712,Yes,,,,,6.6,6.53,16.55,17.3,1,11.9,2.1,183.7,94,B16,U111,1,HU,HU3,HU33,HU332,Maize,Agriculture (excluding fallow land and kitchen gardens)
51282726,Yes,,,,,7.6,7.9,19.81,22.2,7,45,2.5,444.7,97,B16,U111,1,HU,HU3,HU32,HU322,Maize,Agriculture (excluding fallow land and kitchen gardens)
49822810,Yes,,,,,6.3,6.39,8.16,14.2,2,27.9,1.7,193.5,192,B75,U111,1,HU,HU1,HU12,HU120,Other fruit trees and berries,Agriculture (excluding fallow land and kitchen gardens)
48402618,Yes,,,,,4.7,4.74,13.13,10,0,14.6,1.4,93.9,251,B11,U111,1,HU,HU2,HU22,HU223,Common wheat,Agriculture (excluding fallow land and kitchen gardens)
49442620,Yes,,,,,6.6,6.67,13.12,14.2,2,18.6,1.7,208,151,B16,U111,1,HU,HU2,HU23,HU233,Maize,Agriculture (excluding fallow land and kitchen gardens)
49442656,Yes,,,,,7.4,7.75,19.14,31.1,183,9.4,2.6,117.1,175,C10,U120,1,HU,HU2,HU23,HU233,Broadleaved woodland,FORESTRY
51102708,Yes,,,,,6.9,6.92,22.5,31,2,70.7,3.1,627.8,93,B31,U111,1,HU,HU3,HU32,HU322,Sunflower,Agriculture (excluding fallow land and kitchen gardens)
51102712,Yes,,,,,6.7,6.71,23.3,30.2,1,51.7,3,610.2,98,B16,U111,1,HU,HU3,HU32,HU322,Maize,Agriculture (excluding fallow land and kitchen gardens)
51162704,Yes,,,,,6.4,6.58,22.2,22.4,0,13.8,2.4,265.5,87,B31,U111,1,HU,HU3,HU32,HU322,Sunflower,Agriculture (excluding fallow land and kitchen gardens)
51242704,Yes,,,,,6.4,6.48,7.87,18.8,1,19.7,2.2,248.1,97,B11,U111,1,HU,HU3,HU32,HU322,Common wheat,Agriculture (excluding fallow land and kitchen gardens)
51942696,Yes,,,,,7.7,8.09,25,15,7,101.4,1.6,674.2,99,B32,U111,1,HU,HU3,HU33,HU332,Rape and turnip rape,Agriculture (excluding fallow land and kitchen gardens)
49262574,Yes,,,,,6.2,6.13,29.8,30.2,2,31.7,3.5,142.3,128,C10,U120,1,HU,HU2,HU23,HU231,Broadleaved woodland,FORESTRY
49242630,Yes,,,,,6.7,6.78,11.24,11.3,1,0,1.5,204.2,189,B16,U111,1,HU,HU2,HU23,HU232,Maize,Agriculture (excluding fallow land and kitchen gardens)
50382636,Yes,,,,,7.4,8.2,16.39,7.5,42,0,0.6,31.4,142,C22,U120,1,HU,HU3,HU33,HU331,Pine dominated coniferous woodland,FORESTRY
50542644,Yes,,,,,7.8,8.2,9.43,24,104,8.8,2.2,79.1,139,E20,U111,1,HU,HU3,HU33,HU331,Grassland without tree/shrub cover,Agriculture (excluding fallow land and kitchen gardens)
50642626,Yes,,,,,7.6,8.33,8.68,5.3,34,0,0.4,26.5,137,C22,U120,1,HU,HU3,HU33,HU331,Pine dominated coniferous woodland,FORESTRY
50702650,Yes,,,,,7.7,8.32,13.03,8.4,41,12,0.9,65.7,113,B11,U111,1,HU,HU3,HU33,HU331,Common wheat,Agriculture (excluding fallow land and kitchen gardens)
50682732,Yes,,,,,7.7,8.05,14.56,14.9,52,29.4,1.5,159.5,102,B31,U111,1,HU,HU1,HU12,HU120,Sunflower,Agriculture (excluding fallow land and kitchen gardens)
49142578,Yes,,,,,5.4,5.69,6.25,9.2,0,60.9,1.2,272.7,140,B12,U111,1,HU,HU2,HU23,HU231,Durum wheat,Agriculture (excluding fallow land and kitchen gardens)
49242562,Yes,,,,,7.1,7.2,33.9,21.1,6,22.4,2.7,92.5,114,E20,U111,1,HU,HU2,HU23,HU231,Grassland without tree/shrub cover,Agriculture (excluding fallow land and kitchen gardens)
49122568,Yes,,,,,6,6.08,12.17,20.2,1,24.9,2.3,142.9,119,C10,U120,1,HU,HU2,HU23,HU232,Broadleaved woodland,FORESTRY
49262584,Yes,,,,,6.2,6.41,6.03,10.3,1,8.8,1.3,124.6,150,B33,U111,1,HU,HU2,HU23,HU231,Soya,Agriculture (excluding fallow land and kitchen gardens)
49442584,Yes,,,,,7.7,8.04,14.3,10.1,18,24.3,1.4,156.1,165,B22,U111,1,HU,HU2,HU23,HU231,Sugar beet,Agriculture (excluding fallow land and kitchen gardens)
50762614,Yes,,,,,7.6,8.13,15.5,11.6,52,8.5,1.4,70.1,121,B52,U111,1,HU,HU3,HU33,HU333,Lucerne,Agriculture (excluding fallow land and kitchen gardens)
50762656,Yes,,,,,7.8,8.3,74.2,36.4,459,10.2,4.3,69.5,97,E20,U111,1,HU,HU3,HU33,HU333,Grassland without tree/shrub cover,Agriculture (excluding fallow land and kitchen gardens)
50822626,Yes,,,,,7.8,8.27,11.58,9.6,7,22.9,1.1,67.7,110,E20,U111,1,HU,HU3,HU33,HU333,Grassland without tree/shrub cover,Agriculture (excluding fallow land and kitchen gardens)
48762694,Yes,,,,,5.1,5.11,49.7,13.1,0,31.7,1.7,106,172,C10,U120,1,HU,HU2,HU21,HU213,Broadleaved woodland,FORESTRY
50722734,Yes,,,,,7.8,8.16,18.37,22.9,157,22.6,2.1,340.2,101,B11,U111,1,HU,HU1,HU12,HU120,Common wheat,Agriculture (excluding fallow land and kitchen gardens)
49062606,Yes,,,,,4.6,4.8,7.52,9.3,0,51.8,1.1,58.3,188,E30,U420,1,HU,HU2,HU23,HU232,Spontaneously re-vegetated surfaces,Semi-natural and natural areas not in use
48482618,Yes,,,,,6.1,6.17,12.01,10.8,1,65.9,1.5,210,179,B32,U111,1,HU,HU2,HU22,HU223,Rape and turnip rape,Agriculture (excluding fallow land and kitchen gardens)
48742590,Yes,,,,,6.9,6.98,24.5,16.2,1,36.4,2.2,116,125,B16,U111,1,HU,HU2,HU23,HU232,Maize,Agriculture (excluding fallow land and kitchen gardens)
48802592,Yes,,,,,4.2,4.38,10.33,13.7,1,39.7,1.3,29.7,162,C10,U120,1,HU,HU2,HU23,HU232,Broadleaved woodland,FORESTRY
48802600,Yes,,,,,4.1,4.28,4.29,8.6,0,36.3,0.9,19.3,160,C10,U120,1,HU,HU2,HU23,HU232,Broadleaved woodland,FORESTRY
48862602,Yes,,,,,6.1,6.24,11.54,6.1,0,39,0.8,90.6,171,B11,U111,1,HU,HU2,HU23,HU232,Common wheat,Agriculture (excluding fallow land and kitchen gardens)
48882594,Yes,,,,,7.5,7.85,15.37,14.5,33,20.9,1.5,132.9,139,B16,U111,1,HU,HU2,HU23,HU232,Maize,Agriculture (excluding fallow land and kitchen gardens)
50022582,Yes,,,,,7.6,7.94,22.5,28.3,127,12.5,2.1,101.3,97,B31,U111,1,HU,HU2,HU23,HU231,Sunflower,Agriculture (excluding fallow land and kitchen gardens)
48702630,Yes,,,,,7,7,63.4,43.4,11,16.6,5.4,65.7,122,E20,U111,1,HU,HU2,HU22,HU223,Grassland without tree/shrub cover,Agriculture (excluding fallow land and kitchen gardens)
50882656,Yes,,,,,7.3,8.07,9.67,5.4,14,9.5,0.6,99.1,98,B16,U111,1,HU,HU3,HU33,HU333,Maize,Agriculture (excluding fallow land and kitchen gardens)
49102594,Yes,,,,,4.5,4.46,21.9,8.8,0,36.6,1.1,114.3,188,B11,U111,1,HU,HU2,HU23,HU232,Common wheat,Agriculture (excluding fallow land and kitchen gardens)
48922608,Yes,,,,,5.4,5.45,15.77,9.3,0,19.3,1.3,103,150,B31,U111,1,HU,HU2,HU23,HU232,Sunflower,Agriculture (excluding fallow land and kitchen gardens)
50742712,Yes,,,,,7.5,7.93,75.2,31,52,103.2,3,163.7,99,C10,U120,1,HU,HU1,HU12,HU120,Broadleaved woodland,FORESTRY
50762728,Yes,,,,,7.6,8,13.37,18.2,14,16.8,1.8,143.9,100,B16,U111,1,HU,HU1,HU12,HU120,Maize,Agriculture (excluding fallow land and kitchen gardens)
48882576,Yes,,,,,5.7,5.79,16.95,9,1,39.8,1.1,121,135,C10,U120,1,HU,HU2,HU23,HU232,Broadleaved woodland,FORESTRY
49082574,Yes,,,,,4.6,4.85,3.17,5.3,1,16.7,0.5,18.2,150,C31,U120,1,HU,HU2,HU23,HU232,Spruce dominated mixed woodland,FORESTRY
48702612,Yes,,,,,5.9,5.98,36.6,9.1,1,27.5,1.3,121.6,173,B11,U111,1,HU,HU2,HU23,HU232,Common wheat,Agriculture (excluding fallow land and kitchen gardens)
50562748,Yes,,,,,7.8,8.19,19.75,14.6,210,49.9,1.6,488.3,115,B16,U111,1,HU,HU1,HU12,HU120,Maize,Agriculture (excluding fallow land and kitchen gardens)
52102746,Yes,,,,,7.6,7.99,16.51,14.9,15,14.9,1.7,225.6,108,B31,U111,1,HU,HU3,HU32,HU321,Sunflower,Agriculture (excluding fallow land and kitchen gardens)
51542784,Yes,,,,,6,6.63,33.7,24.9,1,19.8,2.3,110.2,97,E20,U111,1,HU,HU3,HU32,HU321,Grassland without tree/shrub cover,Agriculture (excluding fallow land and kitchen gardens)
51542798,Yes,,,,,5.8,6.02,24.9,44,1,163.2,4.6,844.1,8,E20,U111,1,HU,HU3,HU32,HU321,Grassland without tree/shrub cover,Agriculture (excluding fallow land and kitchen gardens)
51542802,Yes,,,,,5,5.18,9.53,37.8,1,24.5,3.5,171.5,92,B16,U111,1,HU,HU3,HU32,HU321,Maize,Agriculture (excluding fallow land and kitchen gardens)
51622770,Yes,,,,,6.2,6.42,9.23,28.7,1,98.9,2.7,518,98,B16,U111,1,HU,HU3,HU32,HU321,Maize,Agriculture (excluding fallow land and kitchen gardens)
51622792,Yes,,,,,6.2,6.52,12.46,23.1,0,13.7,2.3,192,95,E20,U111,1,HU,HU3,HU32,HU321,Grassland without tree/shrub cover,Agriculture (excluding fallow land and kitchen gardens)
51482740,Yes,,,,,7.7,8.11,17.1,9.4,91,44.5,1.5,354.4,95,E20,U111,1,HU,HU3,HU32,HU322,Grassland without tree/shrub cover,Agriculture (excluding fallow land and kitchen gardens)
50562708,Yes,,,,,7,7.35,11.64,8.1,3,6.7,0.7,29,144,C22,U120,1,HU,HU1,HU12,HU120,Pine dominated coniferous woodland,FORESTRY
51422818,Yes,,,,,6.8,6.87,13.49,23,0,8.5,2.3,197.8,101,B31,U111,1,HU,HU3,HU31,HU311,Sunflower,Agriculture (excluding fallow land and kitchen gardens)
51602740,Yes,,,,,7.5,7.77,23.8,20,9,26.7,2.2,290.1,89,B32,U111,1,HU,HU3,HU32,HU321,Rape and turnip rape,Agriculture (excluding fallow land and kitchen gardens)
51622806,Yes,,,,,7.6,7.73,41.7,22.5,12,27.2,2.3,275.7,99,B16,U111,1,HU,HU3,HU32,HU321,Maize,Agriculture (excluding fallow land and kitchen gardens)
51642748,Yes,,,,,7.6,7.96,16.06,25.8,13,27.5,2.6,233,97,B31,U111,1,HU,HU3,HU32,HU321,Sunflower,Agriculture (excluding fallow land and kitchen gardens)
51642780,Yes,,,,,7.5,8.72,64.6,16.7,15,6.5,1.5,246.9,96,E20,U111,1,HU,HU3,HU32,HU321,Grassland without tree/shrub cover,Agriculture (excluding fallow land and kitchen gardens)
51662758,Yes,,,,,6.5,6.72,16.3,24.5,2,16.3,2.6,287.8,88,B31,U111,1,HU,HU3,HU32,HU321,Sunflower,Agriculture (excluding fallow land and kitchen gardens)
51122830,Yes,,,,,4.1,4.37,6.04,29.1,0,55.3,1.8,83.4,644,C10,U120,2,HU,HU3,HU31,HU311,Broadleaved woodland,FORESTRY
51762786,Yes,,,,,7.6,7.97,14.85,34.3,11,39.8,3.4,716.8,113,A30,U319,1,HU,HU3,HU32,HU321,OTHER ARTIFICIAL AREAS," Electricity, gas and thermal power distribution"
51262842,Yes,,,,,6.1,6.24,9.95,26.3,0,64.3,2.5,604.4,143,B82,U111,1,HU,HU3,HU31,HU311,Vineyards,Agriculture (excluding fallow land and kitchen gardens)
48862692,Yes,,,,,5.5,5.75,6.31,9.5,0,59.2,1.1,108.3,203,B11,U111,3,HU,HU2,HU21,HU213,Common wheat,Agriculture (excluding fallow land and kitchen gardens)
51142790,Yes,,,,,7.3,7.99,16.08,11.1,7,8.1,1.3,195.3,104,B31,U111,1,HU,HU3,HU31,HU311,Sunflower,Agriculture (excluding fallow land and kitchen gardens)
51242812,Yes,,,,,6,6.16,10.53,21.2,0,21.2,2.2,236.1,123,A30,U319,1,HU,HU3,HU31,HU311,OTHER ARTIFICIAL AREAS," Electricity, gas and thermal power distribution"
51302836,Yes,,,,,7.5,8.17,21.5,19.2,45,17.6,2.1,334.8,122,B16,U111,1,HU,HU3,HU31,HU311,Maize,Agriculture (excluding fallow land and kitchen gardens)
51342800,Yes,,,,,6.5,6.87,21,23.6,1,14.5,2.7,126.3,101,E20,U111,1,HU,HU3,HU31,HU311,Grassland without tree/shrub cover,Agriculture (excluding fallow land and kitchen gardens)
51362806,Yes,,,,,6.2,6.83,5.6,6.2,0,22.9,0.7,111.6,109,E30,U112,1,HU,HU3,HU31,HU311,Spontaneously re-vegetated surfaces,Fallow land
51502744,Yes,,,,,6.8,6.78,15.34,32.9,2,37.7,3.4,599.6,92,E30,U112,1,HU,HU3,HU32,HU322,Spontaneously re-vegetated surfaces,Fallow land
51242884,Yes,,,,,5.4,6.16,5,13.1,0,5.6,1.5,100.3,221,E30,U112,1,HU,HU3,HU31,HU311,Spontaneously re-vegetated surfaces,Fallow land
51722744,Yes,,,,,7.5,7.69,23.8,21.4,5,20.6,2.3,251.3,98,B16,U111,1,HU,HU3,HU32,HU321,Maize,Agriculture (excluding fallow land and kitchen gardens)
51262860,Yes,,,,,7,7.3,9.39,9.4,1,7.6,1.3,154.2,189,B31,U111,1,HU,HU3,HU31,HU311,Sunflower,Agriculture (excluding fallow land and kitchen gardens)
51762822,Yes,,,,,7.4,7.75,16.72,27.9,2,48.7,2.9,765.3,106,B11,U111,1,HU,HU3,HU32,HU321,Common wheat,Agriculture (excluding fallow land and kitchen gardens)
51802810,Yes,,,,,7.3,7.63,14.37,18.2,3,6.8,2,137.6,114,B31,U111,1,HU,HU3,HU32,HU321,Sunflower,Agriculture (excluding fallow land and kitchen gardens)
51382764,Yes,,,,,6.8,7.04,8.61,18.5,1,55.9,2,340.2,101,B11,U111,1,HU,HU3,HU32,HU322,Common wheat,Agriculture (excluding fallow land and kitchen gardens)
51422794,Yes,,,,,5.8,6,8.97,21,0,19.8,2.7,269,96,B52,U111,1,HU,HU3,HU32,HU321,Lucerne,Agriculture (excluding fallow land and kitchen gardens)
51382836,Yes,,,,,5.6,5.86,11.37,19.7,0,16.7,2,167.4,141,B32,U111,1,HU,HU3,HU31,HU311,Rape and turnip rape,Agriculture (excluding fallow land and kitchen gardens)
50282744,Yes,,,,,7.7,8.09,15.21,6.5,52,16.1,0.9,97.2,165,B83,U120,1,HU,HU1,HU12,HU120,Nurseries,FORESTRY
51702740,Yes,,,,,6.6,6.75,8.86,19.6,1,22,2,347.6,93,B11,U111,1,HU,HU3,HU32,HU321,Common wheat,Agriculture (excluding fallow land and kitchen gardens)
50502738,Yes,,,,,7.5,7.89,12.83,18,9,6.6,1.8,135.6,189,B11,U111,1,HU,HU1,HU12,HU120,Common wheat,Agriculture (excluding fallow land and kitchen gardens)
50062712,Yes,,,,,7.8,8.16,23.2,13.7,229,16.7,1.8,176.4,104,B31,U111,1,HU,HU1,HU12,HU120,Sunflower,Agriculture (excluding fallow land and kitchen gardens)
50102730,Yes,,,,,7.8,8.19,18.33,13.6,483,31.2,2.5,118.2,109,B16,U111,1,HU,HU1,HU12,HU120,Maize,Agriculture (excluding fallow land and kitchen gardens)
50102734,Yes,,,,,7.6,8.12,13.88,12.1,104,40.7,1.5,68.4,107,B11,U111,1,HU,HU1,HU12,HU120,Common wheat,Agriculture (excluding fallow land and kitchen gardens)
50242736,Yes,,,,,7.3,8.02,9.21,2.7,21,6.2,0.4,34.6,137,C10,U120,1,HU,HU1,HU12,HU120,Broadleaved woodland,FORESTRY
52062776,Yes,,,,,4.6,5.13,2.34,5.1,1,14.4,0.6,54,122,C10,U120,1,HU,HU3,HU32,HU321,Broadleaved woodland,FORESTRY
50282716,Yes,,,,,7.4,7.97,9.82,7.5,78,6.7,0.8,61.4,121,D20,U420,1,HU,HU1,HU12,HU120,Shrubland without tree cover,Semi-natural and natural areas not in use
52042798,Yes,,,,,4.8,5.16,3.96,4.7,0,23.8,0.6,34.8,149,B14,U111,1,HU,HU3,HU32,HU321,Rye,Agriculture (excluding fallow land and kitchen gardens)
50362720,Yes,,,,,4.9,5.37,5.32,4.6,2,7,0.6,23.6,135,C22,U120,1,HU,HU1,HU12,HU120,Pine dominated coniferous woodland,FORESTRY
50462726,Yes,,,,,7.2,7.82,12.06,8.6,11,19.8,1,69,142,B16,U111,1,HU,HU1,HU12,HU120,Maize,Agriculture (excluding fallow land and kitchen gardens)
50262740,Yes,,,,,7.6,7.93,13.82,19.7,18,16.6,2,135.9,129,B16,U111,1,HU,HU1,HU12,HU120,Maize,Agriculture (excluding fallow land and kitchen gardens)
51882740,Yes,,,,,5.2,5.67,25.1,10.9,0,10,1.4,91.7,98,E20,U111,1,HU,HU3,HU32,HU321,Grassland without tree/shrub cover,Agriculture (excluding fallow land and kitchen gardens)
51722766,Yes,,,,,7.5,7.72,15.8,26.1,2,41.2,2.5,355.6,97,B31,U111,1,HU,HU3,HU32,HU321,Sunflower,Agriculture (excluding fallow land and kitchen gardens)
51782754,Yes,,,,,7.7,8.03,16.4,22.1,43,33.3,2.3,252.6,96,B11,U111,1,HU,HU3,HU32,HU321,Common wheat,Agriculture (excluding fallow land and kitchen gardens)
51802752,Yes,,,,,6.8,6.9,12.05,36.4,2,37.2,4,330.9,99,E20,U111,1,HU,HU3,HU32,HU321,Grassland without tree/shrub cover,Agriculture (excluding fallow land and kitchen gardens)
52142764,Yes,,,,,5.9,5.92,20.5,14.6,1,21.4,1.7,163,117,B16,U111,1,HU,HU3,HU32,HU321,Maize,Agriculture (excluding fallow land and kitchen gardens)
51802774,Yes,,,,,6.1,6.25,9.9,19.5,0,20.8,2,184.7,109,B11,U111,1,HU,HU3,HU32,HU321,Common wheat,Agriculture (excluding fallow land and kitchen gardens)
51802792,Yes,,,,,7.2,7.38,9.68,19.4,1,13.1,2,156.2,119,B16,U111,1,HU,HU3,HU32,HU321,Maize,Agriculture (excluding fallow land and kitchen gardens)
50502724,Yes,,,,,7,7.06,17.18,13.8,6,8.9,1.2,23.9,131,C32,U120,1,HU,HU1,HU12,HU120,Pine dominated mixed woodland,FORESTRY
51862780,Yes,,,,,5.8,5.93,8.84,17.1,1,17.7,1.8,170.9,118,B16,U111,1,HU,HU3,HU32,HU321,Maize,Agriculture (excluding fallow land and kitchen gardens)
51082806,Yes,,,,,6,6.17,13.4,19.6,0,37.8,1.9,301.7,162,B11,U111,1,HU,HU3,HU31,HU311,Common wheat,Agriculture (excluding fallow land and kitchen gardens)
51882794,Yes,,,,,4.3,4.55,3.78,4.7,1,10.5,0.5,40.5,171,C10,U120,1,HU,HU3,HU32,HU321,Broadleaved woodland,FORESTRY
51942720,Yes,,,,,5.8,5.98,11.72,22,1,14.4,2.5,206.2,98,B16,U111,1,HU,HU3,HU32,HU321,Maize,Agriculture (excluding fallow land and kitchen gardens)
51942732,Yes,,,,,5.6,6.26,15.78,30.4,1,10.8,2.9,232.2,96,E20,U420,1,HU,HU3,HU32,HU321,Grassland without tree/shrub cover,Semi-natural and natural areas not in use
51942742,Yes,,,,,4.8,5.51,9.63,15.4,1,22,1.8,73.9,96,E20,U111,1,HU,HU3,HU32,HU321,Grassland without tree/shrub cover,Agriculture (excluding fallow land and kitchen gardens)
51982734,Yes,,,,,7.4,7.64,10.85,14.5,2,9,1.7,416.7,99,B31,U111,1,HU,HU3,HU32,HU321,Sunflower,Agriculture (excluding fallow land and kitchen gardens)
52002798,Yes,,,,,7.1,7.3,15.04,17.1,3,29.9,1.8,322.8,146,C10,U420,1,HU,HU3,HU32,HU321,Broadleaved woodland,Semi-natural and natural areas not in use
51842758,Yes,,,,,6.5,6.7,9.29,23.3,1,24.6,2.3,219.5,94,B16,U111,2,HU,HU3,HU32,HU321,Maize,Agriculture (excluding fallow land and kitchen gardens)
48362668,Yes,,,,,6.2,6.37,7.6,9.9,1,28.1,1.4,110.7,283,B16,U111,1,HU,HU2,HU22,HU223,Maize,Agriculture (excluding fallow land and kitchen gardens)
49682686,Yes,,,,,7.4,7.6,57.4,79.2,275,22,7.4,81.9,108,E20,U111,1,HU,HU2,HU21,HU211,Grassland without tree/shrub cover,Agriculture (excluding fallow land and kitchen gardens)
48542650,Yes,,,,,7.3,7.31,124.7,86.9,61,42.4,8.1,256.1,194,E20,U111,1,HU,HU2,HU22,HU223,Grassland without tree/shrub cover,Agriculture (excluding fallow land and kitchen gardens)
48462686,Yes,,,,,3.6,3.82,13.61,68.9,1,42.8,5.2,57.7,233,C22,U120,3,HU,HU2,HU22,HU222,Pine dominated coniferous woodland,FORESTRY
48442676,Yes,,,,,4,4.07,28.5,23.3,0,46,2.4,76.4,225,C10,U120,1,HU,HU2,HU22,HU222,Broadleaved woodland,FORESTRY
48362656,Yes,,,,,4.9,5.15,12.76,11.6,0,10.4,1.5,124.9,304,E30,U112,1,HU,HU2,HU22,HU223,Spontaneously re-vegetated surfaces,Fallow land
48282632,Yes,,,,,4.9,5,19.06,9.4,0,35.1,1.3,65.3,209,B16,U111,1,HU,HU2,HU22,HU223,Maize,Agriculture (excluding fallow land and kitchen gardens)
48482644,Yes,,,,,6,6.11,6.31,11.6,0,24.2,1.5,169.3,266,B13,U111,1,HU,HU2,HU22,HU223,Barley,Agriculture (excluding fallow land and kitchen gardens)
48342670,Yes,,,,,6.3,6.48,9.48,9.2,0,47.2,1.2,125.4,298,B31,U111,1,HU,HU2,HU22,HU222,Sunflower,Agriculture (excluding fallow land and kitchen gardens)
48482672,Yes,,,,,6.3,6.4,5.85,11.1,1,40.7,1.4,155.1,233,B12,U111,1,HU,HU2,HU22,HU223,Durum wheat,Agriculture (excluding fallow land and kitchen gardens)
48162652,Yes,,,,,4.3,4.42,21.2,40.6,0,31.3,3.5,104.4,272,C22,U120,1,HU,HU2,HU22,HU223,Pine dominated coniferous woodland,FORESTRY
49742708,Yes,,,,,7.2,7.69,14.73,14.3,11,18.5,1.6,119.5,139,B11,U111,1,HU,HU2,HU21,HU211,Common wheat,Agriculture (excluding fallow land and kitchen gardens)
49782688,Yes,,,,,7.6,8.02,21.8,24,141,12.4,2.4,133.9,148,B11,U111,1,HU,HU2,HU21,HU211,Common wheat,Agriculture (excluding fallow land and kitchen gardens)
49702694,Yes,,,,,7.6,8.11,16.97,14.7,104,30.9,1.7,167.8,114,B31,U111,1,HU,HU2,HU21,HU211,Sunflower,Agriculture (excluding fallow land and kitchen gardens)
49782666,Yes,,,,,7.6,7.61,0.45,121.9,499,24.5,11.9,281,105,B16,U111,1,HU,HU2,HU21,HU211,Maize,Agriculture (excluding fallow land and kitchen gardens)
51142816,Yes,,,,,4.8,5.38,10.07,19.1,0,12.3,2.1,200,179,B11,U111,1,HU,HU3,HU31,HU311,Common wheat,Agriculture (excluding fallow land and kitchen gardens)
48162678,Yes,,,,,6.6,6.53,61.1,18,1,114,2.5,413,249,E20,U312,1,HU,HU2,HU22,HU222,Grassland without tree/shrub cover,Road transport
49302672,Yes,,,,,6.2,6.34,9.17,12,1,8.3,1.5,144.6,153,B31,U111,1,HU,HU2,HU23,HU232,Sunflower,Agriculture (excluding fallow land and kitchen gardens)
48702706,Yes,,,,,6.2,6.38,7.76,7.6,1,56.7,1.1,126.3,155,B31,U111,1,HU,HU2,HU21,HU213,Sunflower,Agriculture (excluding fallow land and kitchen gardens)
49062684,Yes,,,,,7.5,7.66,46.7,25.4,160,72.7,3.2,399.3,282,B11,U111,4,HU,HU2,HU21,HU213,Common wheat,Agriculture (excluding fallow land and kitchen gardens)
49162664,Yes,,,,,7,7.14,25.9,13.9,2,53.7,1.8,274.4,128,B16,U111,1,HU,HU2,HU23,HU232,Maize,Agriculture (excluding fallow land and kitchen gardens)
49042656,Yes,,,,,6.8,6.96,20.5,10.3,1,12.9,1.4,174.6,137,B16,U111,1,HU,HU2,HU23,HU232,Maize,Agriculture (excluding fallow land and kitchen gardens)
49062642,Yes,,,,,7.3,7.44,51.9,24.5,30,35.3,2.9,321,164,C10,U420,1,HU,HU2,HU23,HU232,Broadleaved woodland,Semi-natural and natural areas not in use
48422650,Yes,,,,,4.9,5.12,6.78,8.9,0,25.9,1.1,89.7,276,B31,U111,1,HU,HU2,HU22,HU223,Sunflower,Agriculture (excluding fallow land and kitchen gardens)
49402656,Yes,,,,,6.8,6.77,30,45,2,19.9,5,154.9,265,C10,U120,1,HU,HU2,HU23,HU232,Broadleaved woodland,FORESTRY
48202716,Yes,,,,,7,7.1,19.52,10.8,5,14.8,1.4,120.7,2074,B11,U111,1,HU,HU2,HU22,HU222,Common wheat,Agriculture (excluding fallow land and kitchen gardens)
49382676,Yes,,,,,7.4,7.83,9,20.2,84,34.2,1.2,92.8,113,B43,U111,1,HU,HU2,HU23,HU232,Other fresh vegetables,Agriculture (excluding fallow land and kitchen gardens)
49502668,Yes,,,,,7.4,7.84,17.69,19.6,12,26.8,2.1,385.5,142,B11,U111,1,HU,HU2,HU21,HU211,Common wheat,Agriculture (excluding fallow land and kitchen gardens)
48322710,Yes,,,,,6.5,6.62,12.23,13.5,2,0,1.8,239.6,209,B32,U111,2,HU,HU2,HU22,HU222,Rape and turnip rape,Agriculture (excluding fallow land and kitchen gardens)
48622676,Yes,,,,,5.8,6.07,5.7,8.1,1,12.3,1.2,83.5,193,B12,U111,1,HU,HU2,HU22,HU223,Durum wheat,Agriculture (excluding fallow land and kitchen gardens)
48622646,Yes,,,,,7.3,7.36,33.1,29.5,87,19.5,3.7,136.9,175,C10,U120,1,HU,HU2,HU22,HU223,Broadleaved woodland,FORESTRY
48622654,Yes,,,,,6.8,7.02,9.59,19.4,2,45.5,2.4,472.2,266,E20,U111,1,HU,HU2,HU22,HU223,Grassland without tree/shrub cover,Agriculture (excluding fallow land and kitchen gardens)
48142656,Yes,,,,,6.2,6.34,9.12,18.6,2,11.9,2.1,82.6,283,E20,U111,1,HU,HU2,HU22,HU222,Grassland without tree/shrub cover,Agriculture (excluding fallow land and kitchen gardens)
48302690,Yes,,,,,6.8,6.93,21.8,11.7,2,31.7,1.4,143.9,235,B52,U111,1,HU,HU2,HU22,HU222,Lucerne,Agriculture (excluding fallow land and kitchen gardens)
49782670,Yes,,,,,7.4,7.61,32.3,46.2,232,16.6,4.7,156.3,108,E20,U111,1,HU,HU2,HU21,HU211,Grassland without tree/shrub cover,Agriculture (excluding fallow land and kitchen gardens)
48582780,Yes,,,,,7.4,7.62,31,29.2,41,25.3,3,414.1,118,E10,U111,1,HU,HU2,HU22,HU221,Grassland with sparse tree/shrub cover,Agriculture (excluding fallow land and kitchen gardens)
48602776,Yes,,,,,6.6,6.75,10.4,20.2,2,32.3,2,248.1,125,B32,U111,1,HU,HU2,HU22,HU221,Rape and turnip rape,Agriculture (excluding fallow land and kitchen gardens)
48542772,Yes,,,,,7.6,7.81,21,25.4,17,36.5,2.6,268.5,121,B12,U111,1,HU,HU2,HU22,HU221,Durum wheat,Agriculture (excluding fallow land and kitchen gardens)
48702724,Yes,,,,,6.6,6.77,15.63,10.7,0,39.1,1.3,157.7,128,B16,U111,1,HU,HU2,HU21,HU213,Maize,Agriculture (excluding fallow land and kitchen gardens)
48602728,Yes,,,,,5.9,6.11,11.87,14.2,0,19,1.7,89.2,134,B16,U111,1,HU,HU2,HU22,HU222,Maize,Agriculture (excluding fallow land and kitchen gardens)
48662762,Yes,,,,,7.4,7.47,96.1,75.8,14,11.4,6.4,86.2,118,C10,U120,1,HU,HU2,HU22,HU221,Broadleaved woodland,FORESTRY
48622694,Yes,,,,,6.9,6.95,13.35,13.1,1,38.3,1.6,193.4,187,B18,U111,1,HU,HU2,HU22,HU222,Triticale,Agriculture (excluding fallow land and kitchen gardens)
48802772,Yes,,,,,7.7,8.02,27.2,28.6,199,14.5,2,156.4,123,B11,U111,1,HU,HU2,HU22,HU221,Common wheat,Agriculture (excluding fallow land and kitchen gardens)
48542692,Yes,,,,,6.4,6.59,10.42,9.6,1,17.7,1.3,163.8,204,B32,U111,1,HU,HU2,HU22,HU222,Rape and turnip rape,Agriculture (excluding fallow land and kitchen gardens)
48402694,Yes,,,,,5.3,5.49,10.73,11.6,0,56.5,1.5,255.5,217,B33,U111,1,HU,HU2,HU22,HU222,Soya,Agriculture (excluding fallow land and kitchen gardens)
50742834,Yes,,,,,7.1,7.2,21.8,28.9,15,23.2,3.1,167.5,276,E10,U120,1,HU,HU3,HU31,HU311,Grassland with sparse tree/shrub cover,FORESTRY
50802830,Yes,,,,,5.4,5.63,6.02,17.6,0,10.3,1.8,150,294,E20,U111,1,HU,HU3,HU31,HU311,Grassland without tree/shrub cover,Agriculture (excluding fallow land and kitchen gardens)
50902792,Yes,,,,,6.1,6.31,6.5,15.9,0,12.3,1.6,169.8,134,B16,U111,1,HU,HU3,HU31,HU312,Maize,Agriculture (excluding fallow land and kitchen gardens)
51002852,Yes,,,,,5.3,5.57,6.04,16.9,0,93.3,2,221.4,146,B31,U111,1,HU,HU3,HU31,HU311,Sunflower,Agriculture (excluding fallow land and kitchen gardens)
48582726,Yes,,,,,5.2,5.4,16.02,16.8,0,13.1,2.1,92.9,139,B31,U111,1,HU,HU2,HU22,HU222,Sunflower,Agriculture (excluding fallow land and kitchen gardens)
48222726,Yes,,,,,7.7,7.97,26.1,8.6,27,14.1,1.2,145,262,B32,U111,1,HU,HU2,HU22,HU221,Rape and turnip rape,Agriculture (excluding fallow land and kitchen gardens)
48362718,Yes,,,,,7.4,7.63,16.24,17.3,4,37.1,2,229.7,170,B11,U111,1,HU,HU2,HU22,HU222,Common wheat,Agriculture (excluding fallow land and kitchen gardens)
48342720,Yes,,,,,6.7,6.84,13.68,14.2,0,19.2,1.8,209.7,181,B11,U111,1,HU,HU2,HU22,HU222,Common wheat,Agriculture (excluding fallow land and kitchen gardens)
48482748,Yes,,,,,6.5,6.6,47.9,26.3,1,77.7,3.2,228.2,119,B31,U111,1,HU,HU2,HU22,HU221,Sunflower,Agriculture (excluding fallow land and kitchen gardens)
48362746,Yes,,,,,6.3,6.42,10.09,10.1,0,29.5,1.2,91,135,B16,U111,1,HU,HU2,HU22,HU221,Maize,Agriculture (excluding fallow land and kitchen gardens)
48262744,Yes,,,,,7.4,7.6,21.9,25.2,8,14,3.1,297.6,154,B13,U111,1,HU,HU2,HU22,HU221,Barley,Agriculture (excluding fallow land and kitchen gardens)
49062756,Yes,,,,,7.7,8.03,42.2,25.8,43,11.3,2.9,265.5,126,B16,U111,1,HU,HU2,HU22,HU221,Maize,Agriculture (excluding fallow land and kitchen gardens)
48722746,Yes,,,,,6.7,6.87,11.56,16.8,1,9,1.9,106,116,B16,U111,1,HU,HU2,HU22,HU221,Maize,Agriculture (excluding fallow land and kitchen gardens)
48602740,Yes,,,,,5.9,6.19,15.55,14.7,0,20.2,1.8,120.8,124,B11,U111,1,HU,HU2,HU22,HU221,Common wheat,Agriculture (excluding fallow land and kitchen gardens)
48882688,Yes,,,,,5.1,5.56,7.96,6.4,0,29.8,0.8,75.5,225,B33,U111,1,HU,HU2,HU21,HU213,Soya,Agriculture (excluding fallow land and kitchen gardens)
48982754,Yes,,,,,7.7,8.13,29.7,37.6,581,7.1,3.9,106.2,126,E10,U410,1,HU,HU2,HU22,HU221,Grassland with sparse tree/shrub cover,Abandoned areas
49102752,Yes,,,,,7.6,7.95,35.7,22.4,87,22.4,2.6,291.5,132,B32,U111,1,HU,HU2,HU22,HU221,Rape and turnip rape,Agriculture (excluding fallow land and kitchen gardens)
48882742,Yes,,,,,6.6,6.73,7.87,4.7,1,28.8,0.6,102.8,143,B11,U111,1,HU,HU2,HU22,HU221,Common wheat,Agriculture (excluding fallow land and kitchen gardens)
48702742,Yes,,,,,7.1,7.35,11.64,15,1,30.6,1.7,96.9,127,B31,U111,1,HU,HU2,HU22,HU221,Sunflower,Agriculture (excluding fallow land and kitchen gardens)
48902764,Yes,,,,,7.6,8.05,22,25.1,221,11.4,2,137.1,110,B12,U111,1,HU,HU2,HU22,HU221,Durum wheat,Agriculture (excluding fallow land and kitchen gardens)
48922770,Yes,,,,,7.7,8.04,34.4,18.7,267,13.2,2,95.1,122,B31,U111,1,HU,HU2,HU22,HU221,Sunflower,Agriculture (excluding fallow land and kitchen gardens)
48702732,Yes,,,,,6.2,6.32,30.9,21.1,1,133.3,2.6,386.6,135,B16,U111,1,HU,HU2,HU22,HU221,Maize,Agriculture (excluding fallow land and kitchen gardens)
50382730,Yes,,,,,7.2,7.62,13.24,13.7,13,24.4,1.3,147.8,147,B11,U111,1,HU,HU1,HU12,HU120,Common wheat,Agriculture (excluding fallow land and kitchen gardens)
52142866,Yes,,,,,4.1,4.47,10.6,7.9,0,32.1,1.1,130.4,110,B16,U111,1,HU,HU3,HU32,HU323,Maize,Agriculture (excluding fallow land and kitchen gardens)
52062866,Yes,,,,,5,5.31,27.3,45.2,0,57.9,4.6,766.4,106,D10,U410,1,HU,HU3,HU32,HU323,Shrubland with sparse tree cover,Abandoned areas
50282676,Yes,,,,,7.1,7.54,18.35,19.1,78,8,2,113.8,108,E30,U420,1,HU,HU3,HU33,HU331,Spontaneously re-vegetated surfaces,Semi-natural and natural areas not in use
49982668,Yes,,,,,7.5,7.97,14.87,15.4,53,4.5,1.4,148.7,171,B16,U111,1,HU,HU2,HU23,HU233,Maize,Agriculture (excluding fallow land and kitchen gardens)
51582652,Yes,,,,,7.4,7.76,26.98,23.6,64,19.2,2.3,372,107,B16,U111,1,HU,HU3,HU33,HU332,Maize,Agriculture (excluding fallow land and kitchen gardens)
49502560,Yes,,,,,4.6,5.04,7.62,9.6,0,31,1.1,123,106,B33,U111,1,HU,HU2,HU23,HU231,Soya,Agriculture (excluding fallow land and kitchen gardens)
49862704,Yes,,,,,7.4,7.79,22.7,20.8,115,23.1,1.9,277.5,143,F40,U111,1,HU,HU2,HU21,HU211,OTHER BARE SOIL,Agriculture (excluding fallow land and kitchen gardens)
51442734,Yes,,,,,6.2,6.51,13.34,22.2,1,33,2.3,529.3,92,B16,U111,1,HU,HU3,HU32,HU322,Maize,Agriculture (excluding fallow land and kitchen gardens)
48402676,Yes,,,,,5,5.36,8.09,10.7,0,19.6,1.3,93.7,204,B11,U111,1,HU,HU2,HU22,HU222,Common wheat,Agriculture (excluding fallow land and kitchen gardens)
48622690,Yes,,,,,4.8,5.2,7,5.4,0,16,0.7,139.8,204,E30,U112,3,HU,HU2,HU22,HU222,Spontaneously re-vegetated surfaces,Fallow land
51582792,Yes,,,,,5.1,5.51,5.97,31.3,0,5.4,3,218.6,94,E20,U111,1,HU,HU3,HU32,HU321,Grassland without tree/shrub cover,Agriculture (excluding fallow land and kitchen gardens)
49862560,Yes,,,,,6.1,6.3,9.85,15.7,1,84.4,1.8,187.7,107,B11,U111,1,HU,HU2,HU23,HU231,Common wheat,Agriculture (excluding fallow land and kitchen gardens)
