Point_ID,Revisited_point,Coarse,Clay,Sand,Silt,pH(CaCl2),pH(H2O),EC,OC,CaCO3,P,N,K,Elevation,LC1,LU1,Soil_Stones,NUTS_0,NUTS_1,NUTS_2,NUTS_3,LC1_Desc,LU1_Desc
52781828,No,,,,,7.2,7.67,25.3,41.2,255,31.9,3.4,361.7,0,H11,U420,1,EL,EL6,EL63,EL631,Inland marshes,Semi-natural and natural areas not in use
53841794,No,50,24,31,46,7,7.18,4.87,8.5,1,0,1.3,91.4,1068,D10,U111,3,EL,EL6,EL64,EL645,Shrubland with sparse tree cover,Agriculture (excluding fallow land and kitchen gardens)
53961798,No,22,38,13,49,6.9,7.11,50.4,53.1,22,9.1,5.7,711.1,1091,E10,U111,1,EL,EL6,EL64,EL645,Grassland with sparse tree/shrub cover,Agriculture (excluding fallow land and kitchen gardens)
54601798,No,14,30,39,31,7.6,8.1,13.51,9.3,137,9.5,1.2,158,140,B34,U111,2,EL,EL6,EL64,EL641,Cotton,Agriculture (excluding fallow land and kitchen gardens)
53921802,No,30,30,18,53,7.3,7.6,20.5,52.9,99,60.3,5.4,690.2,1070,E20,U111,3,EL,EL6,EL64,EL645,Grassland without tree/shrub cover,Agriculture (excluding fallow land and kitchen gardens)
53941810,No,31,20,34,46,7.2,7.38,64.3,80,239,22.7,6.1,369.1,1510,C21,U120,2,EL,EL6,EL64,EL645,Spruce dominated coniferous woodland,FORESTRY
54421790,No,21,25,35,41,7.2,7.54,13.87,32.4,39,11.2,3.3,265.2,930,E10,U111,2,EL,EL6,EL64,EL641,Grassland with sparse tree/shrub cover,Agriculture (excluding fallow land and kitchen gardens)
54421794,No,13,41,14,45,5.7,6.21,9.19,27.4,1,8.7,2.8,665.9,870,E10,U111,1,EL,EL6,EL64,EL641,Grassland with sparse tree/shrub cover,Agriculture (excluding fallow land and kitchen gardens)
53701812,No,9,18,40,42,6.6,6.78,10.61,45,3,8.9,4.3,274,1523,D10,U111,2,EL,EL6,EL64,EL645,Shrubland with sparse tree cover,Agriculture (excluding fallow land and kitchen gardens)
53801808,No,30,26,32,43,7.1,7.29,9.25,21.9,3,6.4,2.7,241,838,D10,U420,3,EL,EL6,EL64,EL645,Shrubland with sparse tree cover,Semi-natural and natural areas not in use
54101748,No,31,28,35,37,7.4,7.72,13.5,18.2,93,0,1.4,143.5,1387,C21,U120,2,EL,EL6,EL65,EL652,Spruce dominated coniferous woodland,FORESTRY
53881820,No,28,31,17,52,7.1,7.54,5.88,5.3,0,5.4,0.8,101.7,1216,C21,U120,1,EL,EL6,EL64,EL645,Spruce dominated coniferous woodland,FORESTRY
54021736,No,26,33,13,54,7.2,7.48,12.38,31.6,22,0,2.5,204.5,1255,C21,U120,2,EL,EL6,EL65,EL652,Spruce dominated coniferous woodland,FORESTRY
54261836,No,30,24,44,32,6.8,7.05,20.7,14.6,1,11.2,1.7,434.3,141,B81,U111,2,EL,EL6,EL64,EL644,Olive groves,Agriculture (excluding fallow land and kitchen gardens)
53941804,No,16,38,13,49,6,6.18,32.1,40.6,1,8.2,4.3,301.9,1355,E10,U111,1,EL,EL6,EL64,EL645,Grassland with sparse tree/shrub cover,Agriculture (excluding fallow land and kitchen gardens)
56981490,No,20,38,9,53,7.4,7.85,22.9,18.1,411,13.7,2.4,462.3,260,B81,U111,1,EL,EL4,EL43,EL431,Olive groves,Agriculture (excluding fallow land and kitchen gardens)
57081466,No,18,23,41,37,7.3,7.6,26.6,10.8,2,60.4,1.4,237.4,226,F40,U111,1,EL,EL4,EL43,EL431,OTHER BARE SOIL,Agriculture (excluding fallow land and kitchen gardens)
52481814,No,11,3,85,11,7.5,8.17,10.87,109.5,160,6.8,0.6,35.8,202,C23,U420,3,EL,EL6,EL62,EL624,Other coniferous woodland,Semi-natural and natural areas not in use
53581998,No,27,9,64,28,6.1,6.44,5.84,15.2,1,14.2,1.1,107,11890,C32,U120,3,EL,EL5,EL52,EL521,Pine dominated mixed woodland,FORESTRY
53582008,No,29,25,25,50,7.4,7.9,21.7,11.5,393,6.1,1.3,133.6,485,C10,U420,2,EL,EL5,EL52,EL521,Broadleaved woodland,Semi-natural and natural areas not in use
53802042,No,6,15,42,42,7.3,7.85,19.08,8.1,3,9.3,1,218.4,12,B34,U111,1,EL,EL5,EL52,EL522,Cotton,Agriculture (excluding fallow land and kitchen gardens)
53861822,No,28,17,30,53,5.4,5.79,7.32,30.3,0,10.3,2.4,178,1080,C31,U120,1,EL,EL6,EL64,EL645,Spruce dominated mixed woodland,FORESTRY
57461486,No,30,43,14,43,7.5,7.98,14.37,24.7,182,0,2.6,412.8,1265,D10,U420,2,EL,EL4,EL43,EL432,Shrubland with sparse tree cover,Semi-natural and natural areas not in use
54041732,No,25,39,14,47,7.5,7.94,12.55,50.7,284,0,2.6,150.5,735,E30,U112,3,EL,EL6,EL65,EL652,Spontaneously re-vegetated surfaces,Fallow land
55021804,No,24,52,16,32,7.6,8.05,18.89,13.3,251,11.9,1.3,515.3,230,B55,U111,1,EL,EL6,EL64,EL641,Temporary grassland,Agriculture (excluding fallow land and kitchen gardens)
55901478,No,17,18,39,43,6.4,6.65,9.09,11.8,1,0,1.3,127.3,1062,D20,U111,1,EL,EL4,EL43,EL434,Shrubland without tree cover,Agriculture (excluding fallow land and kitchen gardens)
55741498,No,11,29,20,50,7.4,8.01,15.69,9.3,378,0,1.3,227.3,75,B81,U111,1,EL,EL4,EL43,EL434,Olive groves,Agriculture (excluding fallow land and kitchen gardens)
55721490,No,24,28,27,45,7.4,7.77,15.56,21.5,54,16.6,2.4,174.4,216,B81,U111,1,EL,EL4,EL43,EL434,Olive groves,Agriculture (excluding fallow land and kitchen gardens)
55681470,No,31,33,19,47,7.2,7.53,17.63,27.5,38,48.7,3.2,482.5,273,B81,U111,1,EL,EL4,EL43,EL434,Olive groves,Agriculture (excluding fallow land and kitchen gardens)
54881764,No,20,16,45,39,7.2,7.72,15.4,21,422,5.6,1.4,254.9,219,C22,U420,2,EL,EL3,EL30,EL306,Pine dominated coniferous woodland,Semi-natural and natural areas not in use
57361504,No,15,39,20,42,7.2,7.62,22.7,34.7,22,0,4.1,683.6,37,D10,U420,2,EL,EL4,EL43,EL432,Shrubland with sparse tree cover,Semi-natural and natural areas not in use
54821766,No,31,34,23,43,7.6,7.95,25.6,35.3,434,36.9,2.6,571.6,147,B81,U111,2,EL,EL3,EL30,EL306,Olive groves,Agriculture (excluding fallow land and kitchen gardens)
54021790,No,20,44,11,44,7.2,7.52,22.8,40.2,17,0,4.5,355.6,196,D20,U111,3,EL,EL6,EL64,EL645,Shrubland without tree cover,Agriculture (excluding fallow land and kitchen gardens)
57641480,No,14,24,40,36,7.4,7.92,18.41,18,162,8.2,1.4,354.9,29,B81,U111,2,EL,EL4,EL43,EL432,Olive groves,Agriculture (excluding fallow land and kitchen gardens)
53582034,No,31,52,4,43,7.7,8.02,23.1,19.6,106,21.7,2.3,256.9,49,B16,U111,1,EL,EL5,EL52,EL521,Maize,Agriculture (excluding fallow land and kitchen gardens)
52641966,No,33,31,10,60,7.6,8.14,13.3,6.5,185,0,0.7,112.8,1059,F40,U420,2,EL,EL5,EL53,EL531,OTHER BARE SOIL,Semi-natural and natural areas not in use
54961780,No,25,43,19,38,7.5,7.88,16.65,17.1,234,6.2,1.8,404.7,379,F40,U111,1,EL,EL3,EL30,EL306,OTHER BARE SOIL,Agriculture (excluding fallow land and kitchen gardens)
54681618,No,17,28,45,27,6.9,7.14,12.51,9.3,2,24.1,1.2,190.4,35,E10,U111,3,EL,EL6,EL65,EL653,Grassland with sparse tree/shrub cover,Agriculture (excluding fallow land and kitchen gardens)
54141644,No,25,12,58,30,7.5,7.93,20.4,6.5,156,11.4,0.7,80.4,1054,C32,U420,1,EL,EL6,EL65,EL653,Pine dominated mixed woodland,Semi-natural and natural areas not in use
54281680,No,25,31,23,46,7.3,7.74,14.68,23.7,163,71,3.1,425.1,1073,E30,U111,2,EL,EL6,EL65,EL651,Spontaneously re-vegetated surfaces,Agriculture (excluding fallow land and kitchen gardens)
54421632,No,18,13,37,50,6.9,6.27,11.29,12.7,1,5.2,1.2,61.7,320,B81,U111,2,EL,EL6,EL65,EL653,Olive groves,Agriculture (excluding fallow land and kitchen gardens)
54421668,No,9,7,55,38,7.3,7.55,15.87,40.9,428,14.9,2.9,71.6,1432,C22,U120,2,EL,EL6,EL65,EL653,Pine dominated coniferous woodland,FORESTRY
54421730,No,22,31,23,46,7.3,7.66,25.3,20.3,619,37.3,3,598.7,349,B81,U111,1,EL,EL6,EL65,EL652,Olive groves,Agriculture (excluding fallow land and kitchen gardens)
54301756,No,8,33,18,49,7.4,7.82,28,22,550,7.9,2.5,199.6,63,B81,U111,1,EL,EL6,EL65,EL652,Olive groves,Agriculture (excluding fallow land and kitchen gardens)
55261786,No,30,15,41,44,6.5,6.78,16.84,100.7,6,15.2,5.5,259.7,1136,C21,U120,2,EL,EL3,EL30,EL305,Spruce dominated coniferous woodland,FORESTRY
53742036,No,38,41,9,50,7.4,7.67,38.9,20.6,83,17.3,2.9,863.1,6,B34,U111,1,EL,EL5,EL52,EL521,Cotton,Agriculture (excluding fallow land and kitchen gardens)
54001706,No,36,25,21,54,7.2,7.35,42.1,41.6,39,15,3.4,263.2,1060,C21,U120,2,EL,EL6,EL65,EL651,Spruce dominated coniferous woodland,FORESTRY
52901866,No,42,22,28,50,5.2,5.66,6.52,27.8,0,5,2.1,133.2,600,C10,U120,1,EL,EL5,EL54,EL541,Broadleaved woodland,FORESTRY
54142086,No,11,25,18,57,7.5,7.83,35.1,16.1,109,5.8,2.1,317.7,433,E10,U111,3,EL,EL5,EL52,EL523,Grassland with sparse tree/shrub cover,Agriculture (excluding fallow land and kitchen gardens)
53121854,No,23,26,21,53,6.6,6.9,7.04,12.7,2,5,1.5,121.2,275,F10,U420,3,EL,EL6,EL64,EL643,ROCKS AND STONES,Semi-natural and natural areas not in use
53221774,No,26,6,85,10,7.2,7.84,14.35,8.2,279,6.8,0.9,116.7,0,E20,U420,2,EL,EL6,EL63,EL631,Grassland without tree/shrub cover,Semi-natural and natural areas not in use
53321804,No,33,31,31,38,7.3,7.72,15.67,24.2,72,23.9,2.8,480.8,497,B81,U111,2,EL,EL6,EL63,EL631,Olive groves,Agriculture (excluding fallow land and kitchen gardens)
53541818,No,15,12,59,29,6.1,6.27,6.51,16.8,1,5,1.3,118.9,1267,C21,U120,2,EL,EL6,EL63,EL631,Spruce dominated coniferous woodland,FORESTRY
53761792,No,29,31,28,41,5.9,6.4,5.54,6.1,2,8.6,1,169.2,1475,A21,U210,4,EL,EL6,EL64,EL645,Non built-up area features,ENERGY PRODUCTION
52861882,No,37,32,11,57,7.1,7.28,44.2,60.2,81,14.5,6.8,549,1383,E20,U111,2,EL,EL5,EL54,EL541,Grassland without tree/shrub cover,Agriculture (excluding fallow land and kitchen gardens)
52801884,No,27,29,18,54,7.6,8.09,14.16,11.6,96,0,0.9,126.9,1022,C32,U420,1,EL,EL5,EL54,EL541,Pine dominated mixed woodland,Semi-natural and natural areas not in use
53782072,No,17,21,33,46,7.2,7.68,12.04,5.2,16,4.5,0.8,113.4,36,E30,U111,1,EL,EL5,EL52,EL523,Spontaneously re-vegetated surfaces,Agriculture (excluding fallow land and kitchen gardens)
53201820,No,26,20,25,55,5.4,5.78,14.06,36.2,0,7.2,2.6,189.4,390,C10,U420,1,EL,EL6,EL63,EL631,Broadleaved woodland,Semi-natural and natural areas not in use
54301882,No,28,45,17,38,7.5,8,14.97,10.9,54,6.8,1.3,234.3,9,B34,U111,1,EL,EL6,EL61,EL613,Cotton,Agriculture (excluding fallow land and kitchen gardens)
53921652,No,14,21,42,37,6.8,7,43.7,41.5,9,150.9,3.9,707.2,44,B81,U111,4,EL,EL6,EL65,EL653,Olive groves,Agriculture (excluding fallow land and kitchen gardens)
54081624,No,24,20,40,40,7,7.25,73,78.3,21,173.2,6.3,1938.5,223,B81,U111,1,EL,EL6,EL65,EL653,Olive groves,Agriculture (excluding fallow land and kitchen gardens)
54141636,No,19,18,38,44,6.8,6.99,82.6,68.6,24,117.3,6.2,1045.5,1157,C21,U120,4,EL,EL6,EL65,EL653,Spruce dominated coniferous woodland,FORESTRY
53801740,No,33,35,21,44,7.1,7.5,20,24.3,65,10.1,2.6,290.3,965,E10,U111,2,EL,EL6,EL63,EL632,Grassland with sparse tree/shrub cover,Agriculture (excluding fallow land and kitchen gardens)
53541768,No,20,37,22,41,7.5,7.97,17.79,12.8,240,0,1.3,231.8,91,B81,U111,1,EL,EL6,EL63,EL632,Olive groves,Agriculture (excluding fallow land and kitchen gardens)
53641742,No,35,36,15,49,6.8,7.13,15.36,59.4,5,7.1,5.1,649.3,1001,C31,U120,1,EL,EL6,EL63,EL632,Spruce dominated mixed woodland,FORESTRY
54081756,No,17,18,46,35,7,7.32,13.73,23.5,3,5.8,2.3,263.2,1022,E30,U111,1,EL,EL6,EL63,EL632,Spontaneously re-vegetated surfaces,Agriculture (excluding fallow land and kitchen gardens)
54101752,No,27,20,46,34,7.3,7.74,13.34,10.7,53,5.2,1.2,119.5,1110,C22,U120,1,EL,EL6,EL65,EL652,Pine dominated coniferous woodland,FORESTRY
55322126,No,19,38,10,53,6.7,6.93,7.79,40.8,11,8.1,4.1,280.1,1026,C10,U120,4,EL,EL5,EL51,EL514,Broadleaved woodland,FORESTRY
52701824,No,30,36,13,51,7.4,7.74,26.4,18.5,303,11.8,2.1,341.5,80,B51,U111,1,EL,EL6,EL63,EL631,Clovers,Agriculture (excluding fallow land and kitchen gardens)
52981856,No,19,22,22,56,5.8,6.01,20.9,41.7,1,8.6,2.6,258.8,1000,C21,U120,1,EL,EL5,EL54,EL541,Spruce dominated coniferous woodland,FORESTRY
54221832,No,29,26,29,45,7.2,7.61,13.08,15.8,14,7,1.9,459.7,257,E30,U112,1,EL,EL6,EL64,EL644,Spontaneously re-vegetated surfaces,Fallow land
55821782,No,18,19,39,42,5.9,6.24,11.01,11.9,1,8.5,1.3,90.2,236,E30,U111,1,EL,EL6,EL64,EL642,Spontaneously re-vegetated surfaces,Agriculture (excluding fallow land and kitchen gardens)
52321858,No,17,21,39,40,7.3,7.79,18.14,25.7,162,15.4,2.2,310,24,D10,U420,1,EL,EL5,EL54,EL541,Shrubland with sparse tree cover,Semi-natural and natural areas not in use
54622128,No,5,5,73,22,4.9,5.35,9,8.9,0,6.2,0.8,64.9,1301,C32,U120,1,EL,EL5,EL51,EL514,Pine dominated mixed woodland,FORESTRY
56022138,No,16,12,57,31,5.6,6.09,3.68,12.5,1,0,1.1,113.4,349,C22,U120,2,EL,EL5,EL51,EL513,Pine dominated coniferous woodland,FORESTRY
56222114,No,18,31,34,35,7.4,8,14.82,13.4,117,12.3,1.3,91.2,62,B34,U111,1,EL,EL5,EL51,EL513,Cotton,Agriculture (excluding fallow land and kitchen gardens)
56382134,No,17,20,56,24,6.9,7.22,7.53,3.7,0,6.3,0.5,302.1,81,E20,U111,4,EL,EL5,EL51,EL513,Grassland without tree/shrub cover,Agriculture (excluding fallow land and kitchen gardens)
56422152,No,25,7,68,25,4.9,5.62,3.26,10.4,0,0,0.7,93.1,531,C33,U120,2,EL,EL5,EL51,EL513,Other mixed woodland,FORESTRY
53521820,No,29,21,28,51,6.8,7.27,13.17,19.1,5,6.2,1.8,278.9,1310,C21,U420,2,EL,EL6,EL64,EL643,Spruce dominated coniferous woodland,Semi-natural and natural areas not in use
53481854,No,21,21,28,51,4.6,5.2,8.03,32.5,0,8,2.2,123.1,1174,C21,U120,2,EL,EL6,EL64,EL643,Spruce dominated coniferous woodland,FORESTRY
54362020,No,38,37,24,39,7.2,7.87,12.22,7.9,33,0,0.9,171.9,304,E30,U111,1,EL,EL5,EL52,EL522,Spontaneously re-vegetated surfaces,Agriculture (excluding fallow land and kitchen gardens)
56062128,No,11,14,64,22,6.6,7.17,13.08,4.8,1,18.4,0.7,126,23,B34,U111,1,EL,EL5,EL51,EL513,Cotton,Agriculture (excluding fallow land and kitchen gardens)
53481844,No,23,27,24,49,6,6.14,18.08,40.3,1,0,3.9,288.5,1291,C21,U120,2,EL,EL6,EL64,EL643,Spruce dominated coniferous woodland,FORESTRY
55162128,No,21,5,63,31,5.2,5.53,13.14,15.5,0,10.4,1.4,76,826,C10,U120,3,EL,EL5,EL51,EL514,Broadleaved woodland,FORESTRY
56421486,No,10,24,30,46,5.2,5.63,8.96,16.8,0,53.5,1.8,125.7,417,B81,U111,1,EL,EL4,EL43,EL433,Olive groves,Agriculture (excluding fallow land and kitchen gardens)
56661496,No,13,30,18,53,7.2,7.75,16.31,33.7,760,9.6,3.2,84.2,170,E20,U420,3,EL,EL4,EL43,EL433,Grassland without tree/shrub cover,Semi-natural and natural areas not in use
53941710,No,33,21,43,37,7,7.42,10.98,15.2,3,0,1.6,74.7,1257,C21,U120,4,EL,EL6,EL65,EL651,Spruce dominated coniferous woodland,FORESTRY
53841704,No,24,28,27,45,7.2,7.54,18.9,47.7,76,57.6,4.7,310.4,1152,B74,U111,3,EL,EL6,EL65,EL651,Nuts trees,Agriculture (excluding fallow land and kitchen gardens)
54081684,No,12,14,40,46,6.1,6.34,6.17,11.8,1,25.7,1.4,66.9,701,B16,U111,1,EL,EL6,EL65,EL651,Maize,Agriculture (excluding fallow land and kitchen gardens)
53941666,No,37,15,45,41,7.2,7.26,67.5,46.7,151,33.2,5.1,235.9,608,E10,U420,3,EL,EL6,EL65,EL651,Grassland with sparse tree/shrub cover,Semi-natural and natural areas not in use
54201704,No,17,47,14,39,7.4,7.73,14.71,20.8,44,5.8,2.4,571.6,738,D10,U420,4,EL,EL6,EL65,EL651,Shrubland with sparse tree cover,Semi-natural and natural areas not in use
53881726,No,31,22,35,43,6.9,7.05,41.2,58.1,71,19.8,4.7,499.2,603,C10,U120,4,EL,EL6,EL63,EL632,Broadleaved woodland,FORESTRY
53861684,No,29,40,19,40,7.1,7.41,9.5,35.3,5,0,3.4,509.7,659,D10,U420,4,EL,EL6,EL65,EL651,Shrubland with sparse tree cover,Semi-natural and natural areas not in use
53261872,No,21,24,32,45,7.2,7.62,6.33,5.1,6,0,0.7,97.3,1443,C21,U120,2,EL,EL6,EL64,EL643,Spruce dominated coniferous woodland,FORESTRY
53441826,No,16,42,12,46,7,7.43,11.57,24.2,4,0,2.2,497.4,1199,C21,U420,2,EL,EL6,EL64,EL643,Spruce dominated coniferous woodland,Semi-natural and natural areas not in use
54342046,No,23,26,36,38,5.3,5.78,5.22,9,0,7.1,1.2,127,255,B11,U111,3,EL,EL5,EL52,EL522,Common wheat,Agriculture (excluding fallow land and kitchen gardens)
53842046,No,5,15,48,37,7.1,7.4,37.6,8.5,3,38.8,1.1,571.1,59,B43,U111,1,EL,EL5,EL52,EL522,Other fresh vegetables,Agriculture (excluding fallow land and kitchen gardens)
53542080,No,14,18,28,54,5.8,6.08,7.25,17.2,0,62.1,1.9,334.3,1131,B73,U111,1,EL,EL5,EL52,EL524,Cherry fruit,Agriculture (excluding fallow land and kitchen gardens)
53522078,No,9,26,25,50,6.7,6.95,7.41,18.9,2,6.2,2,201.6,1177,C10,U120,2,EL,EL5,EL52,EL524,Broadleaved woodland,FORESTRY
53322062,No,8,14,36,51,7.2,7.45,14.17,23.5,17,35.7,2.3,105.6,197,B75,U111,2,EL,EL5,EL52,EL524,Other fruit trees and berries,Agriculture (excluding fallow land and kitchen gardens)
53442046,No,16,35,19,46,7.5,7.92,25.9,11.5,321,7.1,1.4,297.5,91,B75,U111,2,EL,EL5,EL52,EL524,Other fruit trees and berries,Agriculture (excluding fallow land and kitchen gardens)
53242058,No,13,34,15,51,6.3,6.79,4.95,3,1,0,0.3,68.2,1155,B73,U111,1,EL,EL5,EL52,EL524,Cherry fruit,Agriculture (excluding fallow land and kitchen gardens)
53262034,No,21,17,37,46,7.2,7.66,18.56,38,317,6,2.8,122.2,890,C10,U120,2,EL,EL5,EL52,EL524,Broadleaved woodland,FORESTRY
53742054,No,14,41,18,40,7.5,7.89,15.51,20.5,288,6,2,302.1,149,B11,U111,1,EL,EL5,EL52,EL524,Common wheat,Agriculture (excluding fallow land and kitchen gardens)
54742132,No,11,15,53,32,6.5,6.64,14.49,6.8,1,49.7,0.9,218.8,580,E30,U112,1,EL,EL5,EL51,EL514,Spontaneously re-vegetated surfaces,Fallow land
53521834,No,7,15,48,37,5.5,5.72,32.7,37.8,1,11.3,2.4,211.6,1404,C21,U120,2,EL,EL6,EL64,EL643,Spruce dominated coniferous woodland,FORESTRY
54341674,No,21,20,27,52,4.6,4.88,32.2,30.6,0,13.5,2.8,183,1216,C10,U120,1,EL,EL6,EL65,EL653,Broadleaved woodland,FORESTRY
53441830,No,14,15,39,46,5.6,6.06,13.15,34.6,0,0,1.7,176.7,1223,C21,U420,1,EL,EL6,EL64,EL643,Spruce dominated coniferous woodland,Semi-natural and natural areas not in use
53461828,No,10,12,58,31,5.2,5.84,5.02,7.6,1,0,0.5,95,1236,C21,U120,1,EL,EL6,EL64,EL643,Spruce dominated coniferous woodland,FORESTRY
55642150,No,12,9,66,25,4.3,4.7,9.77,17.4,0,0,1.1,73.8,496,C10,U120,3,EL,EL5,EL51,EL512,Broadleaved woodland,FORESTRY
55602142,No,23,12,59,29,5.7,6.1,7.2,24.3,1,8.7,1.1,72.9,735,C22,U120,3,EL,EL5,EL51,EL512,Pine dominated coniferous woodland,FORESTRY
55462132,No,4,8,59,32,6.4,6.55,25.7,15.7,0,10.4,1.5,388.4,136,C10,U120,3,EL,EL5,EL51,EL512,Broadleaved woodland,FORESTRY
55142108,No,10,16,50,34,6.8,7.16,8.53,6.5,1,44.9,0.9,234.1,82,E30,U112,1,EL,EL5,EL51,EL514,Spontaneously re-vegetated surfaces,Fallow land
55462100,No,5,9,57,35,7.3,8.07,36.8,7.5,3,22.1,1,81,8,B16,U111,1,EL,EL5,EL51,EL515,Maize,Agriculture (excluding fallow land and kitchen gardens)
55422114,No,32,23,25,51,6.5,6.65,38.7,46.7,1,12.1,3.8,248.5,441,C10,U120,4,EL,EL5,EL51,EL515,Broadleaved woodland,FORESTRY
53501828,No,35,47,13,40,6.2,6.83,5.24,11.6,1,0,1.2,223.4,1260,C21,U420,1,EL,EL6,EL64,EL643,Spruce dominated coniferous woodland,Semi-natural and natural areas not in use
53542056,No,32,21,57,22,7.7,8.32,11.09,0.8,513,5.6,0.3,66.5,134,E20,U420,3,EL,EL5,EL52,EL524,Grassland without tree/shrub cover,Semi-natural and natural areas not in use
53661974,No,30,15,46,39,7.2,7.49,48.2,35.2,401,70.6,2.8,420,1167,F10,U420,2,EL,EL6,EL61,EL612,ROCKS AND STONES,Semi-natural and natural areas not in use
53001876,No,26,30,24,46,7.3,7.62,18.59,28.6,67,0,2.7,364,1219,C21,U420,2,EL,EL5,EL54,EL541,Spruce dominated coniferous woodland,Semi-natural and natural areas not in use
53321876,No,23,18,36,46,6,6.43,10.96,12.2,0,0,1,193.4,1127,C31,U420,2,EL,EL6,EL61,EL611,Spruce dominated mixed woodland,Semi-natural and natural areas not in use
52181880,No,12,38,9,53,5.8,6,51.4,67.9,4,50.5,7.1,224.9,510,D20,U111,2,EL,EL5,EL54,EL542,Shrubland without tree cover,Agriculture (excluding fallow land and kitchen gardens)
53121722,No,15,20,23,57,6.9,7.15,29.1,36.2,55,66.2,3.9,381.3,0,F40,U370,3,EL,EL6,EL63,EL633,OTHER BARE SOIL,RESIDENTIAL
53441692,No,4,15,63,22,6.2,6.45,7.05,11.1,1,0,1.2,197.2,58,B81,U111,1,EL,EL6,EL63,EL633,Olive groves,Agriculture (excluding fallow land and kitchen gardens)
53621956,No,33,14,52,34,4.6,5.05,7.88,7.4,0,11,1,115.5,527,E30,U112,2,EL,EL6,EL61,EL612,Spontaneously re-vegetated surfaces,Fallow land
53561982,No,13,8,55,38,4.9,5.24,12.3,6.9,0,8.7,0.8,82.2,1278,C10,U120,1,EL,EL6,EL61,EL612,Broadleaved woodland,FORESTRY
53581972,No,17,15,45,40,5.4,5.54,58,22.5,0,52.1,2.9,315.8,711,E20,U111,1,EL,EL6,EL61,EL612,Grassland without tree/shrub cover,Agriculture (excluding fallow land and kitchen gardens)
54201890,No,17,14,46,40,4.1,4.39,23.3,10.9,0,89.6,1.2,167.4,168,B81,U111,2,EL,EL6,EL61,EL613,Olive groves,Agriculture (excluding fallow land and kitchen gardens)
54401670,No,9,16,37,47,5.6,5.82,17.58,17.7,1,29.6,1.8,56.1,1220,C31,U120,2,EL,EL6,EL65,EL653,Spruce dominated mixed woodland,FORESTRY
53621962,No,22,13,59,28,4.2,4.68,8.53,5.6,0,32.5,0.7,139.8,505,E30,U111,1,EL,EL6,EL61,EL612,Spontaneously re-vegetated surfaces,Agriculture (excluding fallow land and kitchen gardens)
53541858,No,23,20,27,53,6,6.3,31,43.1,0,10.9,3,348.8,1032,C21,U120,1,EL,EL6,EL64,EL643,Spruce dominated coniferous woodland,FORESTRY
53821886,No,26,62,4,34,7.6,8.13,14.35,13.3,40,20.3,1.4,349.7,116,B34,U111,1,EL,EL6,EL61,EL612,Cotton,Agriculture (excluding fallow land and kitchen gardens)
53881892,No,6,34,22,44,7.6,7.94,20.2,8.6,77,17,1.4,129.9,131,B34,U111,1,EL,EL6,EL61,EL612,Cotton,Agriculture (excluding fallow land and kitchen gardens)
53761962,No,21,13,45,42,4.1,4.35,22.4,22,0,13.7,1.9,324,1116,C10,U120,1,EL,EL6,EL61,EL612,Broadleaved woodland,FORESTRY
53981826,No,27,26,24,50,6,6.3,11.03,81.9,1,8.9,5,101.4,1036,C21,U120,1,EL,EL6,EL64,EL644,Spruce dominated coniferous woodland,FORESTRY
53841818,No,19,16,53,31,5.5,5.96,6.79,9.9,0,0,0.8,71.5,1026,C21,U120,1,EL,EL6,EL64,EL645,Spruce dominated coniferous woodland,FORESTRY
54121854,No,19,9,60,32,7.1,7.35,55.7,120.9,40,1017.6,13.3,115.6,356,E10,U410,1,EL,EL6,EL64,EL644,Grassland with sparse tree/shrub cover,Abandoned areas
54001840,No,12,27,39,34,7.6,8.12,15.9,6.5,250,18.8,1.1,436.8,16,B34,U111,1,EL,EL6,EL64,EL644,Cotton,Agriculture (excluding fallow land and kitchen gardens)
53501832,No,31,18,38,44,6.2,6.41,12.83,34.6,1,37.8,2.4,471.8,1414,C21,U120,1,EL,EL6,EL64,EL643,Spruce dominated coniferous woodland,FORESTRY
53581926,No,25,10,49,41,6.2,6.42,33.1,78.6,0,20.5,6.5,558.8,396,E20,U111,1,EL,EL6,EL61,EL612,Grassland without tree/shrub cover,Agriculture (excluding fallow land and kitchen gardens)
53041908,No,29,28,30,42,7.1,7.24,16.29,31.3,100,11.6,3.1,235.5,1083,C21,U120,1,EL,EL6,EL61,EL611,Spruce dominated coniferous woodland,FORESTRY
52702036,No,25,10,53,37,5.4,5.89,6.55,21.7,0,15.4,1.9,267.9,1305,E10,U420,1,EL,EL5,EL53,EL533,Grassland with sparse tree/shrub cover,Semi-natural and natural areas not in use
54301678,No,35,19,39,41,7.1,7.65,10.45,10.4,9,0,1.5,108.6,1299,D20,U420,4,EL,EL6,EL65,EL651,Shrubland without tree cover,Semi-natural and natural areas not in use
53721882,No,9,23,41,36,5.6,6.08,6.96,8,0,80,1,386.4,119,B12,U111,1,EL,EL6,EL61,EL611,Durum wheat,Agriculture (excluding fallow land and kitchen gardens)
53621916,No,11,24,32,44,7.4,7.88,17.86,6.5,76,14.9,1.1,284.3,93,B12,U111,1,EL,EL6,EL61,EL611,Durum wheat,Agriculture (excluding fallow land and kitchen gardens)
53641882,No,15,31,23,47,7,7.06,9.41,7.1,0,24.9,0.9,149.1,121,B34,U111,1,EL,EL6,EL61,EL611,Cotton,Agriculture (excluding fallow land and kitchen gardens)
53561914,No,18,10,56,34,6.1,5.94,11.43,4.9,0,6.8,0.8,38.9,84,B16,U111,1,EL,EL6,EL61,EL611,Maize,Agriculture (excluding fallow land and kitchen gardens)
52981934,No,27,25,26,49,5.8,5.98,5.78,19.3,1,0,1.5,358.4,1202,C22,U420,2,EL,EL6,EL61,EL611,Pine dominated coniferous woodland,Semi-natural and natural areas not in use
53401926,No,26,10,44,46,6,6.05,26.8,16.2,0,0,1.7,102.7,535,C10,U120,2,EL,EL6,EL61,EL611,Broadleaved woodland,FORESTRY
53401876,No,20,23,25,52,4.7,5.16,4.34,16.1,0,0,1.5,202.5,685,C10,U120,1,EL,EL6,EL61,EL611,Broadleaved woodland,FORESTRY
52841928,No,30,6,76,18,7.5,7.94,11.08,13.4,60,0,0.9,38.4,1613,C31,U420,4,EL,EL6,EL61,EL611,Spruce dominated mixed woodland,Semi-natural and natural areas not in use
53121938,No,15,31,26,43,7.2,7.53,9.76,13.1,44,9.7,1.7,237,512,B75,U111,1,EL,EL6,EL61,EL611,Other fruit trees and berries,Agriculture (excluding fallow land and kitchen gardens)
52881924,No,24,18,41,41,6.6,6.87,8.79,25,1,0,1.6,139.2,1093,C22,U120,1,EL,EL6,EL61,EL611,Pine dominated coniferous woodland,FORESTRY
52961918,No,15,23,28,49,6.3,6.56,5.56,21.1,1,0,2.1,166.2,1310,C31,U420,1,EL,EL6,EL61,EL611,Spruce dominated mixed woodland,Semi-natural and natural areas not in use
52981916,No,12,17,41,42,5,5.44,7.45,46.1,1,13.1,2.4,160.2,1326,C21,U120,2,EL,EL6,EL61,EL611,Spruce dominated coniferous woodland,FORESTRY
52901934,No,34,21,40,39,6.1,6.35,6.16,31.3,1,0,1.3,123.6,1173,C22,U120,1,EL,EL6,EL61,EL611,Pine dominated coniferous woodland,FORESTRY
53161898,No,18,27,30,43,5,5.32,18.62,39.9,0,7.9,3.3,330.6,1011,C31,U420,2,EL,EL6,EL61,EL611,Spruce dominated mixed woodland,Semi-natural and natural areas not in use
53321886,No,28,22,32,46,6.2,6.65,4.05,4.6,1,0,0.7,141.4,618,C10,U120,1,EL,EL6,EL61,EL611,Broadleaved woodland,FORESTRY
53261884,No,16,27,27,46,6.2,6.51,6.19,16.5,1,0,1.3,227.6,1152,C21,U420,1,EL,EL6,EL61,EL611,Spruce dominated coniferous woodland,Semi-natural and natural areas not in use
53641894,No,8,31,17,52,7,7.31,16.3,7.1,0,9.1,1,155.7,100,B52,U111,1,EL,EL6,EL61,EL611,Lucerne,Agriculture (excluding fallow land and kitchen gardens)
53241878,No,25,32,19,49,7.3,7.56,28.1,47.1,79,11.8,4.8,596.5,1230,D10,U420,2,EL,EL6,EL61,EL611,Shrubland with sparse tree cover,Semi-natural and natural areas not in use
52961912,No,0,19,27,54,7.6,8.07,11.53,21.9,184,0,0.9,109.9,1123,C31,U120,1,EL,EL6,EL61,EL611,Spruce dominated mixed woodland,FORESTRY
54361670,No,22,15,31,54,5.6,5.88,29.4,21,0,6.5,2.4,201.5,1241,D10,U420,1,EL,EL6,EL65,EL653,Shrubland with sparse tree cover,Semi-natural and natural areas not in use
53341880,No,8,30,27,44,5,5.49,4.34,20.5,0,0,1.7,222.8,794,C10,U120,1,EL,EL6,EL61,EL611,Broadleaved woodland,FORESTRY
52761962,No,11,21,21,58,6.4,6.53,30,23.5,1,5.8,2.1,165.6,1165,C10,U120,1,EL,EL5,EL53,EL531,Broadleaved woodland,FORESTRY
54282102,No,6,10,61,29,6,6.26,12.3,9.3,1,0,1.1,52.9,85,C10,U420,1,EL,EL5,EL52,EL526,Broadleaved woodland,Semi-natural and natural areas not in use
55042104,No,14,17,40,43,7.5,7.93,19.71,9,96,6.9,1.2,111.9,56,B16,U111,1,EL,EL5,EL51,EL514,Maize,Agriculture (excluding fallow land and kitchen gardens)
54662124,No,11,20,42,37,5,5.36,18.08,10.7,0,10,1.3,90.7,1004,E20,U420,1,EL,EL5,EL52,EL526,Grassland without tree/shrub cover,Semi-natural and natural areas not in use
54241718,No,35,21,47,32,7.4,8,18.01,22.4,709,5.2,1.1,128,806,D10,U420,4,EL,EL6,EL65,EL651,Shrubland with sparse tree cover,Semi-natural and natural areas not in use
52582016,No,30,27,22,50,5.6,5.8,10.59,43.5,0,8.6,3.4,255.4,1087,C10,U420,1,EL,EL5,EL53,EL533,Broadleaved woodland,Semi-natural and natural areas not in use
55981786,No,17,9,39,52,6.9,7.26,14.13,14.1,43,13.7,1.6,55.8,465,E30,U111,1,EL,EL6,EL64,EL642,Spontaneously re-vegetated surfaces,Agriculture (excluding fallow land and kitchen gardens)
52681954,No,20,19,28,53,4.9,5.17,43.6,43.8,0,49.9,3.7,235.6,1780,C10,U120,1,EL,EL5,EL53,EL531,Broadleaved woodland,FORESTRY
53581980,No,23,23,29,47,5.2,5.55,20.5,25.5,0,0,2.1,94.1,1507,C10,U120,2,EL,EL6,EL61,EL612,Broadleaved woodland,FORESTRY
53042016,No,11,21,15,64,4.2,4.75,4.79,20.3,0,6.4,1.1,52.3,692,B11,U111,1,EL,EL5,EL53,EL531,Common wheat,Agriculture (excluding fallow land and kitchen gardens)
53281994,No,19,24,26,51,7.1,7.51,22.5,41.4,387,9.3,4.7,283.9,856,E20,U111,1,EL,EL5,EL53,EL531,Grassland without tree/shrub cover,Agriculture (excluding fallow land and kitchen gardens)
53561634,No,19,27,36,37,7.1,7.37,18.03,18.7,6,14.2,1.8,364.7,46,B81,U111,1,EL,EL6,EL65,EL653,Olive groves,Agriculture (excluding fallow land and kitchen gardens)
53041990,No,19,29,20,51,6.9,7.11,17.09,64,8,134.2,7.1,1772.2,1059,E20,U111,2,EL,EL5,EL53,EL531,Grassland without tree/shrub cover,Agriculture (excluding fallow land and kitchen gardens)
52381904,No,17,19,37,44,7.3,7.68,15.23,13,129,5.7,1.7,174,311,C10,U120,1,EL,EL5,EL54,EL543,Broadleaved woodland,FORESTRY
52441924,No,28,26,21,53,5.5,5.88,5.08,18.7,1,0,1.2,214.9,1123,C31,U120,1,EL,EL5,EL54,EL543,Spruce dominated mixed woodland,FORESTRY
52401908,No,23,36,18,47,6.3,6.51,13.93,30.1,1,0,3.2,216.5,604,C10,U420,1,EL,EL5,EL54,EL543,Broadleaved woodland,Semi-natural and natural areas not in use
53462002,No,24,16,40,44,7.4,7.85,17.65,15,558,0,1.8,97.5,1069,D20,U420,2,EL,EL5,EL53,EL531,Shrubland without tree cover,Semi-natural and natural areas not in use
53442006,No,7,13,26,60,6.7,6.88,103.6,156.9,12,24.7,15.4,386.7,1342,E10,U420,2,EL,EL5,EL53,EL531,Grassland with sparse tree/shrub cover,Semi-natural and natural areas not in use
54381718,No,15,29,31,40,7.4,7.81,17.47,22.2,558,11.7,1.5,169.7,184,B81,U111,3,EL,EL6,EL65,EL651,Olive groves,Agriculture (excluding fallow land and kitchen gardens)
53601982,No,14,13,35,52,5.8,6.12,23.4,22.2,0,7.6,1.6,112.6,1344,C10,U120,1,EL,EL6,EL61,EL612,Broadleaved woodland,FORESTRY
53242014,No,19,39,14,48,7.5,7.99,12.69,16.6,432,0,1.7,64.2,1105,E10,U420,3,EL,EL5,EL53,EL531,Grassland with sparse tree/shrub cover,Semi-natural and natural areas not in use
52521950,No,40,22,33,44,6.1,6.43,6.36,12.6,0,0,1.3,120.5,1295,C22,U120,2,EL,EL5,EL54,EL543,Pine dominated coniferous woodland,FORESTRY
52381976,No,27,22,26,52,6.6,6.63,11.57,25.5,3,0,2.5,204.8,1267,C10,U420,2,EL,EL5,EL54,EL543,Broadleaved woodland,Semi-natural and natural areas not in use
52581944,No,35,25,20,54,7.3,7.79,12.44,16.5,64,0,1.4,117.1,1317,C32,U120,2,EL,EL5,EL54,EL543,Pine dominated mixed woodland,FORESTRY
52561940,No,26,25,24,51,5.5,5.82,6.49,25.4,0,0,1.7,126.7,1332,C22,U120,2,EL,EL5,EL54,EL543,Pine dominated coniferous woodland,FORESTRY
52641894,No,17,25,21,54,5.1,5.39,20.8,14.4,1,19.7,1.9,127.9,774,C10,U120,1,EL,EL5,EL54,EL543,Broadleaved woodland,FORESTRY
53441970,No,21,29,11,60,7.1,7.21,56.5,67.2,22,9.1,7.3,430.6,1180,E20,U111,3,EL,EL5,EL53,EL531,Grassland without tree/shrub cover,Agriculture (excluding fallow land and kitchen gardens)
52942028,No,11,14,42,44,5.4,5.72,8.03,30.9,0,23.9,2.5,131.8,1035,C10,U120,1,EL,EL5,EL53,EL533,Broadleaved woodland,FORESTRY
53082046,No,15,26,34,40,6.6,6.87,6.11,10.8,1,6.2,1.2,161.4,1219,E30,U111,2,EL,EL5,EL53,EL533,Spontaneously re-vegetated surfaces,Agriculture (excluding fallow land and kitchen gardens)
53361962,No,23,10,69,21,5.8,6.2,10.38,7,0,0,0.8,63.6,682,D20,U420,2,EL,EL5,EL53,EL531,Shrubland without tree cover,Semi-natural and natural areas not in use
52942010,No,19,11,48,41,5.5,6.01,4.51,21,0,6.3,2,215.3,1446,E10,U420,1,EL,EL5,EL53,EL532,Grassland with sparse tree/shrub cover,Semi-natural and natural areas not in use
52501890,No,39,26,19,55,5.9,6.2,12.19,65.6,1,0,3.8,281.9,1414,D20,U111,1,EL,EL5,EL54,EL543,Shrubland without tree cover,Agriculture (excluding fallow land and kitchen gardens)
52661964,No,32,19,41,40,6,6.27,10.69,51.1,0,0,2.8,166.5,1171,C22,U120,2,EL,EL5,EL53,EL531,Pine dominated coniferous woodland,FORESTRY
53301952,No,12,13,32,55,5.7,6.03,21,46.5,0,18.8,4.7,258.9,1367,C10,U420,1,EL,EL5,EL53,EL531,Broadleaved woodland,Semi-natural and natural areas not in use
53321948,No,25,9,58,33,6,6.27,5.71,20.4,1,6.9,2,121.9,872,E30,U112,1,EL,EL5,EL53,EL531,Spontaneously re-vegetated surfaces,Fallow land
52741930,No,18,22,29,49,6.2,6.47,8.59,32.6,0,0,3.3,152.2,1381,E20,U420,1,EL,EL5,EL54,EL543,Grassland without tree/shrub cover,Semi-natural and natural areas not in use
52681980,No,8,12,47,41,5.8,6.16,4.24,19.5,0,0,1.7,64.7,1164,E10,U420,1,EL,EL5,EL53,EL531,Grassland with sparse tree/shrub cover,Semi-natural and natural areas not in use
53001984,No,24,37,14,49,7.3,7.7,20.1,23,126,28.5,2.9,387.3,716,E30,U112,4,EL,EL5,EL53,EL531,Spontaneously re-vegetated surfaces,Fallow land
52721944,No,19,20,36,44,6.3,6.62,5.61,13.3,1,0,1,86.7,1396,C22,U120,1,EL,EL5,EL53,EL531,Pine dominated coniferous woodland,FORESTRY
52862002,No,28,37,12,50,6.3,6.5,7.84,31.8,1,0,3.4,260.6,1068,E10,U111,2,EL,EL5,EL53,EL532,Grassland with sparse tree/shrub cover,Agriculture (excluding fallow land and kitchen gardens)
52601984,No,11,23,44,33,7,7.28,9.75,9.7,1,51.4,1,155.2,1461,C21,U120,2,EL,EL5,EL53,EL532,Spruce dominated coniferous woodland,FORESTRY
52902006,No,17,15,44,41,4.3,4.69,6.26,23.2,1,10.8,1.8,70.4,1203,C10,U120,1,EL,EL5,EL53,EL532,Broadleaved woodland,FORESTRY
53101990,No,16,38,12,50,7.2,7.47,18.11,40.3,4,0,4,318.7,1165,C10,U111,2,EL,EL5,EL53,EL531,Broadleaved woodland,Agriculture (excluding fallow land and kitchen gardens)
52762016,No,23,16,26,58,5.5,5.84,4.9,21.4,1,7.2,2.3,74,1130,E10,U111,1,EL,EL5,EL53,EL532,Grassland with sparse tree/shrub cover,Agriculture (excluding fallow land and kitchen gardens)
53221972,No,21,30,12,58,7,7.17,18.44,67,95,10.5,7.5,405.4,783,E20,U111,2,EL,EL5,EL53,EL531,Grassland without tree/shrub cover,Agriculture (excluding fallow land and kitchen gardens)
52841986,No,8,16,36,48,7.2,7.65,9.35,8.6,6,16.8,1,100.8,792,B13,U111,1,EL,EL5,EL53,EL531,Barley,Agriculture (excluding fallow land and kitchen gardens)
52521960,No,13,18,38,44,6.3,6.64,4.93,15.1,0,0,1.3,226.6,1182,C22,U120,2,EL,EL5,EL54,EL543,Pine dominated coniferous woodland,FORESTRY
52321948,No,26,24,23,53,6.5,6.67,9.6,43.3,1,6.2,3.2,288,653,D10,U111,2,EL,EL5,EL54,EL543,Shrubland with sparse tree cover,Agriculture (excluding fallow land and kitchen gardens)
52701914,No,38,32,12,56,6.9,6.95,11.78,76.3,3,8.7,7.8,494.4,1305,C22,U420,2,EL,EL5,EL54,EL543,Pine dominated coniferous woodland,Semi-natural and natural areas not in use
52721908,No,23,50,11,39,7.5,8.2,12.61,2.1,182,0,0.5,251.3,1249,D10,U111,3,EL,EL5,EL54,EL543,Shrubland with sparse tree cover,Agriculture (excluding fallow land and kitchen gardens)
52841946,No,12,9,50,41,7.2,7.39,20.9,165.4,107,22.5,8.3,176.1,1162,C10,U120,2,EL,EL5,EL53,EL531,Broadleaved woodland,FORESTRY
53241996,No,16,19,48,34,7.4,7.82,12.34,12,54,20.1,1.3,238.2,709,E20,U420,2,EL,EL5,EL53,EL531,Grassland without tree/shrub cover,Semi-natural and natural areas not in use
52682034,No,20,12,47,41,5.2,5.64,6.07,15.6,0,10.1,1.8,81,1114,E10,U111,1,EL,EL5,EL53,EL533,Grassland with sparse tree/shrub cover,Agriculture (excluding fallow land and kitchen gardens)
52882004,No,17,17,33,50,6,6.23,4.75,16.2,1,0,1.6,171.4,1168,E10,U111,1,EL,EL5,EL53,EL532,Grassland with sparse tree/shrub cover,Agriculture (excluding fallow land and kitchen gardens)
54761846,Yes,,,,,7.1,7.54,26.9,66.7,383,9.7,3.5,260.4,309,C22,U120,1,EL,EL6,EL64,EL642,Pine dominated coniferous woodland,FORESTRY
55061782,Yes,,,,,7,7.23,62.6,106.3,11,9.8,6.2,417.9,565,C22,U120,2,EL,EL6,EL64,EL641,Pine dominated coniferous woodland,FORESTRY
54942074,Yes,,,,,7.2,7.78,17.13,9.2,89,11.2,1.2,365.4,90,B11,U111,1,EL,EL5,EL51,EL515,Common wheat,Agriculture (excluding fallow land and kitchen gardens)
52942016,Yes,,,,,5.6,5.86,4.32,6.6,1,6.4,0.6,141.2,1000,E10,U111,2,EL,EL5,EL53,EL533,Grassland with sparse tree/shrub cover,Agriculture (excluding fallow land and kitchen gardens)
52481878,Yes,,,,,7.1,7.21,10.17,14.5,1,3.8,1.9,83.5,378,C10,U120,1,EL,EL5,EL54,EL543,Broadleaved woodland,FORESTRY
53201968,Yes,,,,,7.3,7.5,14,24.6,14,12.9,2.8,162.2,747,B12,U111,1,EL,EL5,EL53,EL531,Durum wheat,Agriculture (excluding fallow land and kitchen gardens)
53261970,Yes,,,,,7.1,7.35,14.14,23.7,4,5,2.4,261.4,640,D20,U111,2,EL,EL5,EL53,EL531,Shrubland without tree cover,Agriculture (excluding fallow land and kitchen gardens)
53301974,Yes,,,,,7.6,8.04,17.07,1.3,498,13.6,1.5,275,435,B12,U111,1,EL,EL5,EL53,EL531,Durum wheat,Agriculture (excluding fallow land and kitchen gardens)
52821984,Yes,,,,,7.2,7.53,14.46,18.2,8,6,1.9,93.3,870,E10,U420,1,EL,EL5,EL53,EL531,Grassland with sparse tree/shrub cover,Semi-natural and natural areas not in use
52401956,Yes,,,,,7.2,7.52,17.59,25.9,91,6.3,2.1,144.5,743,C10,U120,3,EL,EL5,EL54,EL543,Broadleaved woodland,FORESTRY
52601886,Yes,,,,,6.5,6.65,8.4,22.1,1,4.9,2.5,230.7,539,E10,U111,2,EL,EL5,EL54,EL543,Grassland with sparse tree/shrub cover,Agriculture (excluding fallow land and kitchen gardens)
52702004,Yes,,,,,4.8,5.44,4.12,7.3,1,36.6,0.9,68,720,B12,U111,2,EL,EL5,EL53,EL532,Durum wheat,Agriculture (excluding fallow land and kitchen gardens)
52901944,Yes,,,,,7.1,7.3,11.92,7,2,3.5,0.6,70.2,891,C10,U120,2,EL,EL5,EL53,EL531,Broadleaved woodland,FORESTRY
52781994,Yes,,,,,6.5,6.71,5.28,11.9,1,20.4,1.4,207.2,791,B12,U111,1,EL,EL5,EL53,EL532,Durum wheat,Agriculture (excluding fallow land and kitchen gardens)
52661994,Yes,,,,,6.4,6.66,4.2,7.3,0,6.3,1.1,109,960,B13,U111,1,EL,EL5,EL53,EL532,Barley,Agriculture (excluding fallow land and kitchen gardens)
53162014,Yes,,,,,7.6,7.92,19.51,12,135,3.8,1.6,287.4,659,B51,U111,1,EL,EL5,EL53,EL531,Clovers,Agriculture (excluding fallow land and kitchen gardens)
53121998,Yes,,,,,6.3,6.37,41.2,22.4,1,8.9,2.4,163.9,926,C10,U120,1,EL,EL5,EL53,EL531,Broadleaved woodland,FORESTRY
53202000,Yes,,,,,7.7,8.03,13.1,21.2,555,36.4,1.7,184.9,800,B12,U111,3,EL,EL5,EL53,EL531,Durum wheat,Agriculture (excluding fallow land and kitchen gardens)
52821998,Yes,,,,,6.3,6.47,11.28,17.1,1,44.5,2.1,484,689,D10,U420,1,EL,EL5,EL53,EL532,Shrubland with sparse tree cover,Semi-natural and natural areas not in use
53021976,Yes,,,,,7.2,7.55,22,13.9,23,26.4,1.6,233.5,558,B11,U111,3,EL,EL5,EL53,EL531,Common wheat,Agriculture (excluding fallow land and kitchen gardens)
54341718,Yes,,,,,7.5,7.9,20.6,5.1,313,9.3,2.1,381.3,198,B81,U111,3,EL,EL6,EL65,EL651,Olive groves,Agriculture (excluding fallow land and kitchen gardens)
54521710,Yes,,,,,7.6,7.94,27,15.4,213,21.9,2.1,506.3,5,B76,U111,1,EL,EL6,EL65,EL651,Oranges,Agriculture (excluding fallow land and kitchen gardens)
54521722,Yes,,,,,7.7,8.14,18.22,11.4,528,17.4,1.3,136.8,258,B81,U111,2,EL,EL6,EL65,EL651,Olive groves,Agriculture (excluding fallow land and kitchen gardens)
54581724,Yes,,,,,7.4,7.64,58.5,38.8,467,110.4,5.6,1279.1,675,D20,U111,3,EL,EL6,EL65,EL651,Shrubland without tree cover,Agriculture (excluding fallow land and kitchen gardens)
54781718,Yes,,,,,7.6,8.07,14.9,8.3,256,11.8,0.8,84.3,233,B81,U111,2,EL,EL6,EL65,EL651,Olive groves,Agriculture (excluding fallow land and kitchen gardens)
52901970,Yes,,,,,6.3,6.34,26.4,18,1,6.5,1.7,154,928,C10,U120,1,EL,EL5,EL53,EL531,Broadleaved woodland,FORESTRY
52861980,Yes,,,,,7.8,8.38,10.75,2,343,5.7,0.4,81.9,842,B12,U111,1,EL,EL5,EL53,EL531,Durum wheat,Agriculture (excluding fallow land and kitchen gardens)
53001972,Yes,,,,,4.9,5.17,10.15,10.3,0,16.1,1,166.9,686,B11,U111,1,EL,EL5,EL53,EL531,Common wheat,Agriculture (excluding fallow land and kitchen gardens)
52941980,Yes,,,,,6.6,6.71,16.65,36.7,0,11.6,3.2,169.3,686,C10,U420,1,EL,EL5,EL53,EL531,Broadleaved woodland,Semi-natural and natural areas not in use
52741922,Yes,,,,,7.4,7.86,15.88,6.3,373,0,2,169.8,763,D10,U420,1,EL,EL5,EL54,EL543,Shrubland with sparse tree cover,Semi-natural and natural areas not in use
52821972,Yes,,,,,6.8,6.97,11.84,21.2,2,6.9,1.8,157.5,867,C10,U120,1,EL,EL5,EL53,EL531,Broadleaved woodland,FORESTRY
52701978,Yes,,,,,6,6.01,4.81,14.8,0,3.7,1.5,55.6,1124,E10,U420,1,EL,EL5,EL53,EL531,Grassland with sparse tree/shrub cover,Semi-natural and natural areas not in use
52581926,Yes,,,,,6.3,6.49,6.37,13.2,0,4.9,1.3,125.2,1103,C22,U120,1,EL,EL5,EL54,EL543,Pine dominated coniferous woodland,FORESTRY
52702012,Yes,,,,,6.1,6.2,7.61,17.8,1,0,1.3,85.7,991,D10,U111,1,EL,EL5,EL53,EL532,Shrubland with sparse tree cover,Agriculture (excluding fallow land and kitchen gardens)
53081944,Yes,,,,,6.6,6.77,11.08,10.8,3,13.1,1.3,172.1,750,B12,U111,1,EL,EL5,EL53,EL531,Durum wheat,Agriculture (excluding fallow land and kitchen gardens)
52961976,Yes,,,,,6.3,6.42,11.67,11.3,1,20.4,1.2,167.8,701,B41,U111,1,EL,EL5,EL53,EL531,Dry pulses,Agriculture (excluding fallow land and kitchen gardens)
53421960,Yes,,,,,6.6,6.7,19.3,9.5,0,21.4,1,57.2,1000,C10,U120,1,EL,EL5,EL53,EL531,Broadleaved woodland,FORESTRY
53241950,Yes,,,,,7.4,7.71,17.99,15.3,28,44.6,1.7,254.8,541,F40,U111,1,EL,EL5,EL53,EL531,OTHER BARE SOIL,Agriculture (excluding fallow land and kitchen gardens)
53081962,Yes,,,,,7.1,7.25,12.96,36.4,22,4.4,2.7,215,601,C10,U120,1,EL,EL5,EL53,EL531,Broadleaved woodland,FORESTRY
52601900,Yes,,,,,4.7,5.12,4.55,19.1,0,23.2,1.5,106.8,573,C10,U420,2,EL,EL5,EL54,EL543,Broadleaved woodland,Semi-natural and natural areas not in use
53341988,Yes,,,,,7.8,8.33,12.4,2.2,757,3.6,0.5,48.3,494,E10,U111,3,EL,EL5,EL53,EL531,Grassland with sparse tree/shrub cover,Agriculture (excluding fallow land and kitchen gardens)
53461984,Yes,,,,,7.1,7.3,9.46,4.3,5,7.5,0.6,50.2,536,E30,U112,1,EL,EL5,EL53,EL531,Spontaneously re-vegetated surfaces,Fallow land
53161988,Yes,,,,,7.7,8.05,12.85,5.6,3,0,0.8,46.2,850,E20,U111,3,EL,EL5,EL53,EL531,Grassland without tree/shrub cover,Agriculture (excluding fallow land and kitchen gardens)
52321918,Yes,,,,,6.4,6.63,11.14,24.9,1,7.9,3.1,232.6,427,E10,U111,2,EL,EL5,EL54,EL543,Grassland with sparse tree/shrub cover,Agriculture (excluding fallow land and kitchen gardens)
53361972,Yes,,,,,7,7.16,13.12,6.7,3,2.5,0.9,41.1,774,D20,U111,2,EL,EL5,EL53,EL531,Shrubland without tree cover,Agriculture (excluding fallow land and kitchen gardens)
52761992,Yes,,,,,6.9,6.95,7.96,8.7,3,5.2,0.8,145.4,813,C10,U120,1,EL,EL5,EL53,EL531,Broadleaved woodland,FORESTRY
53141958,Yes,,,,,7.6,8.04,20.6,10.3,343,6.7,1.2,78.3,768,E30,U112,2,EL,EL5,EL53,EL531,Spontaneously re-vegetated surfaces,Fallow land
53201958,Yes,,,,,7.6,7.92,15.23,8.5,5,0,1,77.6,749,D20,U111,2,EL,EL5,EL53,EL531,Shrubland without tree cover,Agriculture (excluding fallow land and kitchen gardens)
52602002,Yes,,,,,6.6,6.67,22.1,15.1,0,14.5,2.1,230,1021,B52,U111,1,EL,EL5,EL53,EL532,Lucerne,Agriculture (excluding fallow land and kitchen gardens)
53461994,Yes,,,,,5.8,6.16,3.47,9.7,0,2.2,1,30.6,495,D20,U420,1,EL,EL5,EL53,EL531,Shrubland without tree cover,Semi-natural and natural areas not in use
53481974,Yes,,,,,6.9,6.9,75.2,45.7,0,14.6,4.5,210.2,871,C10,U120,1,EL,EL5,EL53,EL531,Broadleaved woodland,FORESTRY
52441906,Yes,,,,,7.2,7.45,22.8,33,5,4.3,3.5,198.5,751,C10,U120,2,EL,EL5,EL54,EL543,Broadleaved woodland,FORESTRY
52921964,Yes,,,,,7.7,8.09,12.64,7.6,445,8.2,1,88,786,F40,U111,1,EL,EL5,EL53,EL531,OTHER BARE SOIL,Agriculture (excluding fallow land and kitchen gardens)
54522082,Yes,,,,,6.7,6.95,10.92,2,3,43.4,0.3,27.9,100,E30,U112,1,EL,EL5,EL52,EL526,Spontaneously re-vegetated surfaces,Fallow land
53201946,Yes,,,,,7.5,7.81,18.19,32.3,163,6.3,3.4,437,464,C10,U120,1,EL,EL5,EL53,EL531,Broadleaved woodland,FORESTRY
53141948,Yes,,,,,4.9,5.31,9.79,16.3,1,34.2,1.4,232.5,554,B12,U111,1,EL,EL5,EL53,EL531,Durum wheat,Agriculture (excluding fallow land and kitchen gardens)
52421918,Yes,,,,,7.5,7.73,23,24.6,108,57.5,3.1,356.6,494,B16,U111,1,EL,EL5,EL54,EL543,Maize,Agriculture (excluding fallow land and kitchen gardens)
52561900,Yes,,,,,6,6.05,11.05,15.7,1,54.5,1.8,283.8,517,C10,U420,1,EL,EL5,EL54,EL543,Broadleaved woodland,Semi-natural and natural areas not in use
53301992,Yes,,,,,7.6,7.97,14.77,16.7,269,8.9,1.8,214.1,703,B12,U111,1,EL,EL5,EL53,EL531,Durum wheat,Agriculture (excluding fallow land and kitchen gardens)
52141926,Yes,,,,,6.5,6.53,13.21,23.4,1,3.9,3,108.5,361,D10,U111,1,EL,EL5,EL54,EL543,Shrubland with sparse tree cover,Agriculture (excluding fallow land and kitchen gardens)
53342000,Yes,,,,,7.7,8.11,18.16,37.2,40,18.7,1.5,484.2,699,B23,U111,1,EL,EL5,EL53,EL531,Other root crops,Agriculture (excluding fallow land and kitchen gardens)
53041944,Yes,,,,,6.4,6.65,10.29,14,1,2.8,1.1,122,780,C10,U120,2,EL,EL5,EL53,EL531,Broadleaved woodland,FORESTRY
53042008,Yes,,,,,6.9,7.14,9.45,11,3,6.6,1,70,778,E10,U111,2,EL,EL5,EL53,EL531,Grassland with sparse tree/shrub cover,Agriculture (excluding fallow land and kitchen gardens)
53002008,Yes,,,,,5.1,5.48,3.41,6.5,0,23.3,0.8,47.3,718,E30,U112,1,EL,EL5,EL53,EL531,Spontaneously re-vegetated surfaces,Fallow land
52982010,Yes,,,,,6.1,6.21,4.17,9.9,0,2.7,1.1,51.8,929,E10,U111,1,EL,EL5,EL53,EL531,Grassland with sparse tree/shrub cover,Agriculture (excluding fallow land and kitchen gardens)
53022012,Yes,,,,,6.1,6.33,6.4,12,0,6.9,1.4,73.9,684,E30,U111,4,EL,EL5,EL53,EL531,Spontaneously re-vegetated surfaces,Agriculture (excluding fallow land and kitchen gardens)
53062014,Yes,,,,,6.7,6.91,5.59,7.2,3,2.5,0.9,53.5,731,C10,U420,2,EL,EL5,EL53,EL531,Broadleaved woodland,Semi-natural and natural areas not in use
52901992,Yes,,,,,7.3,7.86,5.82,2.5,5,6.4,0.3,18.6,613,E30,U112,1,EL,EL5,EL53,EL531,Spontaneously re-vegetated surfaces,Fallow land
52881960,Yes,,,,,7.5,7.94,12.33,10.3,215,2.8,1.4,91.7,773,B12,U111,1,EL,EL5,EL53,EL531,Durum wheat,Agriculture (excluding fallow land and kitchen gardens)
54481710,Yes,,,,,7.3,7.48,104.6,39.1,212,58.9,4.6,683.6,14,B76,U111,1,EL,EL6,EL65,EL651,Oranges,Agriculture (excluding fallow land and kitchen gardens)
54602082,Yes,,,,,6.3,6.44,13.67,3.9,1,44.1,0.6,97.7,38,B31,U111,1,EL,EL5,EL52,EL526,Sunflower,Agriculture (excluding fallow land and kitchen gardens)
54742096,Yes,,,,,7.7,8.13,18.6,6.5,29,8.8,0.9,172.8,112,B11,U111,1,EL,EL5,EL52,EL526,Common wheat,Agriculture (excluding fallow land and kitchen gardens)
54482124,Yes,,,,,7.5,7.85,19.78,34.1,585,4.6,2.4,157.3,460,D20,U111,2,EL,EL5,EL52,EL526,Shrubland without tree cover,Agriculture (excluding fallow land and kitchen gardens)
54422118,Yes,,,,,7.5,8.22,13.7,4.2,291,7.9,0.6,47,204,B11,U111,2,EL,EL5,EL52,EL526,Common wheat,Agriculture (excluding fallow land and kitchen gardens)
54862104,Yes,,,,,7.4,7.86,26,24.5,552,3.7,1.9,59.5,520,E20,U111,1,EL,EL5,EL52,EL526,Grassland without tree/shrub cover,Agriculture (excluding fallow land and kitchen gardens)
54282108,Yes,,,,,7.6,7.91,32.7,10.7,9,5.4,1.5,77.8,43,B54,U111,1,EL,EL5,EL52,EL526,Mix of cereals,Agriculture (excluding fallow land and kitchen gardens)
54122110,Yes,,,,,7.9,8.36,31.6,8.3,26,3.7,1.5,218.2,67,B54,U111,1,EL,EL5,EL52,EL526,Mix of cereals,Agriculture (excluding fallow land and kitchen gardens)
54962100,Yes,,,,,7.4,7.84,26.7,26.1,0,9.5,1.2,148.4,112,B31,U111,1,EL,EL5,EL52,EL526,Sunflower,Agriculture (excluding fallow land and kitchen gardens)
54042116,Yes,,,,,5.9,6.07,14.99,6.5,0,7.6,0.8,41.2,496,C10,U120,1,EL,EL5,EL52,EL526,Broadleaved woodland,FORESTRY
54742078,Yes,,,,,7.3,7.72,11.15,6.2,4,15.8,0.8,96.5,142,E30,U112,1,EL,EL5,EL52,EL526,Spontaneously re-vegetated surfaces,Fallow land
54882082,Yes,,,,,7.4,8.06,16.48,2.6,106,7.4,0.7,74.6,75,B11,U111,1,EL,EL5,EL52,EL526,Common wheat,Agriculture (excluding fallow land and kitchen gardens)
54482080,Yes,,,,,5.5,5.92,4.97,6.5,1,9.6,0.7,39.4,299,E30,U111,2,EL,EL5,EL52,EL526,Spontaneously re-vegetated surfaces,Agriculture (excluding fallow land and kitchen gardens)
54842098,Yes,,,,,7.5,7.96,19.62,7.6,618,26,1.3,454.8,3,F40,U111,1,EL,EL5,EL52,EL526,OTHER BARE SOIL,Agriculture (excluding fallow land and kitchen gardens)
54922082,Yes,,,,,7.6,8.03,22.1,6.1,486,19.7,1.1,48.3,177,B37,U111,1,EL,EL5,EL52,EL526,Other non-permanent industrial crops,Agriculture (excluding fallow land and kitchen gardens)
54742070,Yes,,,,,4.4,4.75,7.2,13.8,1,43.4,0.8,35.5,712,C10,U120,1,EL,EL5,EL52,EL526,Broadleaved woodland,FORESTRY
54782100,Yes,,,,,7.3,7.76,29.3,9.9,263,5.1,2.1,149,282,E20,U420,1,EL,EL5,EL52,EL526,Grassland without tree/shrub cover,Semi-natural and natural areas not in use
54682090,Yes,,,,,7.6,7.97,20.1,9.5,33,14.5,1.5,246.3,12,B31,U111,1,EL,EL5,EL52,EL526,Sunflower,Agriculture (excluding fallow land and kitchen gardens)
52822044,Yes,,,,,4.6,5.16,3.17,5.9,0,25.5,0.7,106,647,E30,U112,1,EL,EL5,EL53,EL533,Spontaneously re-vegetated surfaces,Fallow land
53042028,Yes,,,,,7.6,8.06,15.39,6.8,182,11.4,0.9,76.1,617,B16,U111,1,EL,EL5,EL53,EL533,Maize,Agriculture (excluding fallow land and kitchen gardens)
53482034,Yes,,,,,7.6,7.99,9.76,9.8,79,5,0.9,75.3,56,B75,U111,1,EL,EL5,EL52,EL521,Other fruit trees and berries,Agriculture (excluding fallow land and kitchen gardens)
53281774,Yes,,,,,7.6,8.07,5.39,26.2,34,22.2,3.2,420.4,0,B34,U111,1,EL,EL6,EL63,EL631,Cotton,Agriculture (excluding fallow land and kitchen gardens)
53942070,Yes,,,,,7,7.32,16.56,5.6,1,11.8,0.8,85.6,74,B53,U111,1,EL,EL5,EL52,EL523,Other Leguminous  and mixtures for fodder,Agriculture (excluding fallow land and kitchen gardens)
53261800,Yes,,,,,7.5,7.63,10.84,20.3,313,17.2,1.7,183.8,52,B81,U111,1,EL,EL6,EL63,EL631,Olive groves,Agriculture (excluding fallow land and kitchen gardens)
54002098,Yes,,,,,7.2,7.54,6.74,3.8,4,14.9,0.5,72.4,380,B11,U111,1,EL,EL5,EL52,EL523,Common wheat,Agriculture (excluding fallow land and kitchen gardens)
53081808,Yes,,,,,6.4,6.53,24,43.1,0,9.7,4.2,196.2,74,B81,U111,1,EL,EL6,EL63,EL631,Olive groves,Agriculture (excluding fallow land and kitchen gardens)
53241802,Yes,,,,,5.1,5.47,23.8,13,0,59.8,1.3,97.3,115,B81,U111,1,EL,EL6,EL63,EL631,Olive groves,Agriculture (excluding fallow land and kitchen gardens)
53442034,Yes,,,,,6.5,6.61,23.9,20.2,0,8.2,2.2,387.8,110,B71,U111,1,EL,EL5,EL52,EL521,Apple fruit,Agriculture (excluding fallow land and kitchen gardens)
53702032,Yes,,,,,7.8,8.19,23,11,105,7,1.2,177.5,10,B75,U111,1,EL,EL5,EL52,EL521,Other fruit trees and berries,Agriculture (excluding fallow land and kitchen gardens)
53962108,Yes,,,,,6.5,6.76,6.27,8,0,19.4,0.8,59.2,188,B12,U111,1,EL,EL5,EL52,EL523,Durum wheat,Agriculture (excluding fallow land and kitchen gardens)
52981830,Yes,,,,,7.4,7.83,44.1,12.1,64,5.9,1,127.7,379,D10,U111,1,EL,EL6,EL63,EL631,Shrubland with sparse tree cover,Agriculture (excluding fallow land and kitchen gardens)
54102076,Yes,,,,,6,6.4,10.82,8,0,21.9,0.7,108.4,237,E30,U112,1,EL,EL5,EL52,EL523,Spontaneously re-vegetated surfaces,Fallow land
53782068,Yes,,,,,7,7.43,80.8,6.1,1,30.5,0.7,96.7,50,B11,U111,1,EL,EL5,EL52,EL523,Common wheat,Agriculture (excluding fallow land and kitchen gardens)
53542026,Yes,,,,,7.4,7.92,18.95,0.7,1,5.3,0.2,13.2,55,B51,U111,1,EL,EL5,EL52,EL521,Clovers,Agriculture (excluding fallow land and kitchen gardens)
53001792,Yes,,,,,5.4,5.92,35.1,15.1,0,16.2,1.6,131.3,113,E30,U112,1,EL,EL6,EL63,EL631,Spontaneously re-vegetated surfaces,Fallow land
53522032,Yes,,,,,7.4,7.5,17.02,97.1,336,18.7,8.1,217.2,45,B16,U111,1,EL,EL5,EL52,EL521,Maize,Agriculture (excluding fallow land and kitchen gardens)
57121474,Yes,,,,,7.4,7.93,17.48,17.6,498,8.3,1.4,198.4,302,B81,U111,1,EL,EL4,EL43,EL431,Olive groves,Agriculture (excluding fallow land and kitchen gardens)
56901488,Yes,,,,,7.4,7.77,18.24,33.1,423,9.7,2.3,173.2,387,B81,U410,2,EL,EL4,EL43,EL431,Olive groves,Abandoned areas
56961498,Yes,,,,,7.6,8.1,22.2,10.1,551,19,1.6,317.2,29,B81,U111,1,EL,EL4,EL43,EL431,Olive groves,Agriculture (excluding fallow land and kitchen gardens)
57021478,Yes,,,,,7.5,7.96,24.1,15.9,190,12.2,1.6,232.7,421,B81,U111,1,EL,EL4,EL43,EL431,Olive groves,Agriculture (excluding fallow land and kitchen gardens)
57081488,Yes,,,,,7.4,7.88,33.3,25.9,580,22.1,2.5,422.9,312,B81,U111,1,EL,EL4,EL43,EL431,Olive groves,Agriculture (excluding fallow land and kitchen gardens)
57001486,Yes,,,,,7.5,7.87,38.9,23.8,443,21.8,2.3,489.4,253,B81,U111,1,EL,EL4,EL43,EL431,Olive groves,Agriculture (excluding fallow land and kitchen gardens)
57241490,Yes,,,,,6.7,7.03,48.8,15.2,4,33.9,2,141,465,B81,U111,1,EL,EL4,EL43,EL431,Olive groves,Agriculture (excluding fallow land and kitchen gardens)
53662034,Yes,,,,,7.7,8.03,54.3,14.1,107,11.3,1.9,425.9,10,B34,U111,1,EL,EL5,EL52,EL521,Cotton,Agriculture (excluding fallow land and kitchen gardens)
57241480,Yes,,,,,6.8,7.08,15.09,14.1,1,13.8,1.4,364.2,435,B81,U111,2,EL,EL4,EL43,EL431,Olive groves,Agriculture (excluding fallow land and kitchen gardens)
53301776,Yes,,,,,7.5,7.95,7.16,13.8,89,5.9,1.5,134.1,62,B81,U111,2,EL,EL6,EL63,EL631,Olive groves,Agriculture (excluding fallow land and kitchen gardens)
57141468,Yes,,,,,7.1,7.47,25.2,10,8,15.1,1.3,238.2,242,B81,U111,2,EL,EL4,EL43,EL431,Olive groves,Agriculture (excluding fallow land and kitchen gardens)
54002080,Yes,,,,,6.6,6.85,17.87,9,2,17.6,1.1,156.9,140,B11,U111,1,EL,EL5,EL52,EL523,Common wheat,Agriculture (excluding fallow land and kitchen gardens)
53101804,Yes,,,,,7.4,7.74,24.7,23.6,209,16.2,2.7,75.3,40,B81,U111,1,EL,EL6,EL63,EL631,Olive groves,Agriculture (excluding fallow land and kitchen gardens)
52861818,Yes,,,,,6.7,7,54.2,96.7,2,68.7,7,1291.9,381,E30,U112,1,EL,EL6,EL63,EL631,Spontaneously re-vegetated surfaces,Fallow land
53702028,Yes,,,,,7.6,7.91,17.26,22.9,160,36.8,2.6,340.1,18,B75,U111,1,EL,EL5,EL52,EL521,Other fruit trees and berries,Agriculture (excluding fallow land and kitchen gardens)
53922084,Yes,,,,,7.2,7.57,11.75,8.1,1,33.4,1,181.7,97,B11,U111,1,EL,EL5,EL52,EL523,Common wheat,Agriculture (excluding fallow land and kitchen gardens)
56861470,Yes,,,,,7.4,7.98,15.63,2.5,451,7.2,1.2,146.3,396,B81,U111,1,EL,EL4,EL43,EL431,Olive groves,Agriculture (excluding fallow land and kitchen gardens)
53001774,Yes,,,,,7.6,8.09,13.47,11.9,168,9.7,1.7,153,0,B16,U111,1,EL,EL6,EL63,EL631,Maize,Agriculture (excluding fallow land and kitchen gardens)
53601748,Yes,,,,,7.2,7.7,19.33,26,1,32.2,2.4,243.6,409,B81,U111,2,EL,EL6,EL63,EL632,Olive groves,Agriculture (excluding fallow land and kitchen gardens)
53981758,Yes,,,,,7.2,7.55,14.44,40.6,30,6.8,3.3,448.5,870,D10,U111,2,EL,EL6,EL63,EL632,Shrubland with sparse tree cover,Agriculture (excluding fallow land and kitchen gardens)
53501750,Yes,,,,,7.5,7.9,16.67,20.1,138,8.4,2.1,205.3,110,B81,U111,2,EL,EL6,EL63,EL632,Olive groves,Agriculture (excluding fallow land and kitchen gardens)
53741742,Yes,,,,,6.6,6.79,11.36,26.3,2,11.1,2.6,303.5,775,C10,U420,1,EL,EL6,EL63,EL632,Broadleaved woodland,Semi-natural and natural areas not in use
53421690,Yes,,,,,7.4,7.7,44.5,58.3,234,10.9,5.4,372.3,0,B34,U111,1,EL,EL6,EL63,EL633,Cotton,Agriculture (excluding fallow land and kitchen gardens)
53501756,Yes,,,,,7.4,7.85,15.48,21.9,185,8.6,1.5,132.9,113,B81,U111,1,EL,EL6,EL63,EL632,Olive groves,Agriculture (excluding fallow land and kitchen gardens)
53261740,Yes,,,,,7.3,7.68,16.46,6.7,19,59.7,0.9,198.2,26,F40,U111,1,EL,EL6,EL63,EL632,OTHER BARE SOIL,Agriculture (excluding fallow land and kitchen gardens)
53821616,Yes,,,,,5.5,5.81,10.87,16.6,0,12.1,1.6,111.4,291,B81,U111,4,EL,EL6,EL65,EL653,Olive groves,Agriculture (excluding fallow land and kitchen gardens)
52941880,Yes,,,,,6.3,6.47,5.63,29.6,1,13.6,2.9,177.7,831,D10,U410,1,EL,EL5,EL54,EL541,Shrubland with sparse tree cover,Abandoned areas
52761854,Yes,,,,,5.9,6.24,8.03,15,0,24.6,1.8,178.9,51,B81,U111,2,EL,EL5,EL54,EL541,Olive groves,Agriculture (excluding fallow land and kitchen gardens)
53621656,Yes,,,,,6,6.26,36.7,19.1,0,25.3,1.9,140.5,45,B81,U111,1,EL,EL6,EL65,EL653,Olive groves,Agriculture (excluding fallow land and kitchen gardens)
53581638,Yes,,,,,7.3,7.61,31.1,29.1,64,8.4,2.8,461.7,262,B81,U111,1,EL,EL6,EL65,EL653,Olive groves,Agriculture (excluding fallow land and kitchen gardens)
53561644,Yes,,,,,6.8,7.11,17.52,21.1,0,43.6,2.1,340.4,113,B81,U111,1,EL,EL6,EL65,EL653,Olive groves,Agriculture (excluding fallow land and kitchen gardens)
53741658,Yes,,,,,7,7.34,14.83,15.3,15,6.7,1.7,118.5,268,B81,U111,1,EL,EL6,EL65,EL653,Olive groves,Agriculture (excluding fallow land and kitchen gardens)
53521726,Yes,,,,,7.3,7.71,14.82,18.6,58,7.3,2,119.2,315,B51,U111,1,EL,EL6,EL63,EL632,Clovers,Agriculture (excluding fallow land and kitchen gardens)
53861610,Yes,,,,,6.7,6.98,13.35,23.5,2,19.1,1.9,241.2,179,D10,U420,1,EL,EL6,EL65,EL653,Shrubland with sparse tree cover,Semi-natural and natural areas not in use
53921640,Yes,,,,,6.6,6.93,80,55.2,12,244.5,4.5,1258.3,24,B81,U111,1,EL,EL6,EL65,EL653,Olive groves,Agriculture (excluding fallow land and kitchen gardens)
53801632,Yes,,,,,6.7,6.92,74.1,47.3,13,273.7,3.8,1005,178,B81,U111,1,EL,EL6,EL65,EL653,Olive groves,Agriculture (excluding fallow land and kitchen gardens)
53821642,Yes,,,,,7.1,7.41,67.1,49.6,53,227.8,4.3,771.7,257,B81,U111,1,EL,EL6,EL65,EL653,Olive groves,Agriculture (excluding fallow land and kitchen gardens)
53741748,Yes,,,,,6.4,6.85,5.66,11.8,0,12.3,1.1,170.7,878,C10,U120,2,EL,EL6,EL63,EL632,Broadleaved woodland,FORESTRY
53401750,Yes,,,,,7.4,7.89,13.89,6,22,6,0.9,215.5,29,B81,U111,2,EL,EL6,EL63,EL632,Olive groves,Agriculture (excluding fallow land and kitchen gardens)
53281750,Yes,,,,,5,5.63,11,7.8,0,10.2,0.9,30.3,11,E30,U111,1,EL,EL6,EL63,EL632,Spontaneously re-vegetated surfaces,Agriculture (excluding fallow land and kitchen gardens)
53701628,Yes,,,,,7.2,7.61,28.3,11.2,79,35.6,2.1,302.9,248,B81,U111,1,EL,EL6,EL65,EL653,Olive groves,Agriculture (excluding fallow land and kitchen gardens)
54441810,Yes,,,,,7.8,8.18,15.56,10.9,108,12.2,1.5,309.7,151,B34,U111,1,EL,EL6,EL64,EL641,Cotton,Agriculture (excluding fallow land and kitchen gardens)
53701902,Yes,,,,,7.2,8.09,18.32,8.9,64,8.2,1.3,315.7,98,B43,U111,1,EL,EL6,EL61,EL611,Other fresh vegetables,Agriculture (excluding fallow land and kitchen gardens)
53421892,Yes,,,,,6.3,6.5,12.01,9.8,0,35.2,1.3,151.2,96,B34,U111,1,EL,EL6,EL61,EL611,Cotton,Agriculture (excluding fallow land and kitchen gardens)
53541918,Yes,,,,,6.2,6.41,5.72,5.1,0,20,0.7,57,106,B12,U111,1,EL,EL6,EL61,EL611,Durum wheat,Agriculture (excluding fallow land and kitchen gardens)
53621920,Yes,,,,,5.2,5.56,8.37,10.5,0,12.2,1.3,97.1,148,E10,U420,2,EL,EL6,EL61,EL611,Grassland with sparse tree/shrub cover,Semi-natural and natural areas not in use
53641876,Yes,,,,,7,7.19,10.07,5.5,0,29.3,1,99.1,150,B34,U111,1,EL,EL6,EL61,EL611,Cotton,Agriculture (excluding fallow land and kitchen gardens)
53481902,Yes,,,,,7.6,8.4,17.66,9.9,80,8.2,1.5,203,93,B52,U111,1,EL,EL6,EL61,EL611,Lucerne,Agriculture (excluding fallow land and kitchen gardens)
54501802,Yes,,,,,7.7,8.12,15.38,12,135,4.9,1.1,324.7,201,B12,U111,1,EL,EL6,EL64,EL641,Durum wheat,Agriculture (excluding fallow land and kitchen gardens)
53221936,Yes,,,,,5.6,5.95,5.54,6.9,0,9.7,1,78.8,432,E10,U111,2,EL,EL6,EL61,EL611,Grassland with sparse tree/shrub cover,Agriculture (excluding fallow land and kitchen gardens)
53741886,Yes,,,,,6.6,6.72,10.13,7.6,0,15.1,1,154.5,115,B52,U111,1,EL,EL6,EL61,EL611,Lucerne,Agriculture (excluding fallow land and kitchen gardens)
53681918,Yes,,,,,7.9,8.26,11.83,15.4,529,15.6,1.2,128,120,B34,U111,1,EL,EL6,EL61,EL611,Cotton,Agriculture (excluding fallow land and kitchen gardens)
53321936,Yes,,,,,6.8,6.92,14.73,19.3,3,4.7,1.8,133.5,825,E10,U111,1,EL,EL6,EL61,EL611,Grassland with sparse tree/shrub cover,Agriculture (excluding fallow land and kitchen gardens)
53621866,Yes,,,,,7.7,8.1,8.78,4.5,5,4.5,0.9,79.6,335,F40,U420,2,EL,EL6,EL61,EL611,OTHER BARE SOIL,Semi-natural and natural areas not in use
53381878,Yes,,,,,5.1,5.7,4.52,7.3,0,3.4,1,99.8,804,E30,U111,1,EL,EL6,EL61,EL611,Spontaneously re-vegetated surfaces,Agriculture (excluding fallow land and kitchen gardens)
53081920,Yes,,,,,5.5,5.92,4.38,8,0,3.1,1,154.7,724,C10,U120,1,EL,EL6,EL61,EL611,Broadleaved woodland,FORESTRY
53301920,Yes,,,,,7.6,8,15.45,7.3,323,13.1,1.4,134.6,194,B15,U111,1,EL,EL6,EL61,EL611,Oats,Agriculture (excluding fallow land and kitchen gardens)
53161934,Yes,,,,,7.5,8.09,9.49,3.5,12,0,0.6,81.5,428,B13,U111,1,EL,EL6,EL61,EL611,Barley,Agriculture (excluding fallow land and kitchen gardens)
56501476,Yes,,,,,7.3,7.53,20.7,5.6,287,38.1,2.2,274.6,400,B81,U111,1,EL,EL4,EL43,EL433,Olive groves,Agriculture (excluding fallow land and kitchen gardens)
54882142,Yes,,,,,7.2,7.42,22.3,27.8,186,6.2,2.7,122.1,956,C32,U120,3,EL,EL5,EL51,EL514,Pine dominated mixed woodland,FORESTRY
56302122,Yes,,,,,7.6,7.96,9.16,4.9,10,13.2,0.7,115,47,B34,U111,1,EL,EL5,EL51,EL513,Cotton,Agriculture (excluding fallow land and kitchen gardens)
56202128,Yes,,,,,7.8,8.1,52,9.6,3,18,1.3,177.1,20,B34,U111,1,EL,EL5,EL51,EL513,Cotton,Agriculture (excluding fallow land and kitchen gardens)
56202120,Yes,,,,,5.1,5.47,6.84,30.4,0,5.9,1.2,137.1,260,C22,U120,3,EL,EL5,EL51,EL513,Pine dominated coniferous woodland,FORESTRY
53662046,Yes,,,,,7.5,7.64,51.8,44.1,116,88.3,5,661.9,44,B75,U111,1,EL,EL5,EL52,EL524,Other fruit trees and berries,Agriculture (excluding fallow land and kitchen gardens)
53722044,Yes,,,,,7.6,8.01,9.04,5.8,5,7.6,0.7,73.6,44,B16,U111,1,EL,EL5,EL52,EL524,Maize,Agriculture (excluding fallow land and kitchen gardens)
53321894,Yes,,,,,6.6,6.69,9.92,8.3,0,6.2,1.1,84.6,129,B15,U111,1,EL,EL6,EL61,EL611,Oats,Agriculture (excluding fallow land and kitchen gardens)
53381850,Yes,,,,,7.2,7.44,20.7,24.1,16,6.2,2.7,229.2,656,C10,U420,2,EL,EL6,EL64,EL643,Broadleaved woodland,Semi-natural and natural areas not in use
53701884,Yes,,,,,6.5,6.65,11.53,4.7,0,8.4,0.9,88.6,117,B34,U111,1,EL,EL6,EL61,EL611,Cotton,Agriculture (excluding fallow land and kitchen gardens)
56661478,Yes,,,,,7,7.15,8.82,14.4,1,4.8,1.7,85.1,531,D10,U410,3,EL,EL4,EL43,EL433,Shrubland with sparse tree cover,Abandoned areas
56621496,Yes,,,,,7.7,8.01,18,8.5,637,11.8,1.9,154,117,B81,U111,2,EL,EL4,EL43,EL433,Olive groves,Agriculture (excluding fallow land and kitchen gardens)
54141708,Yes,,,,,7.8,8.03,14.88,15.4,120,3.2,1.9,275.3,631,B15,U111,1,EL,EL6,EL65,EL651,Oats,Agriculture (excluding fallow land and kitchen gardens)
54381686,Yes,,,,,7.6,7.88,15.28,28.3,134,6,2,518.1,518,B81,U111,4,EL,EL6,EL65,EL651,Olive groves,Agriculture (excluding fallow land and kitchen gardens)
53661700,Yes,,,,,6.1,6.41,11.16,25.5,2,11.3,2.6,552.9,201,B81,U111,1,EL,EL6,EL65,EL651,Olive groves,Agriculture (excluding fallow land and kitchen gardens)
53741892,Yes,,,,,7.3,7.48,27.7,27.7,11,99.5,3.4,1379,103,E30,U111,1,EL,EL6,EL61,EL611,Spontaneously re-vegetated surfaces,Agriculture (excluding fallow land and kitchen gardens)
53241856,Yes,,,,,6.2,6.48,14.05,32.2,1,4.8,3.4,166.5,1398,C23,U120,2,EL,EL6,EL64,EL643,Other coniferous woodland,FORESTRY
53601672,Yes,,,,,7.5,7.82,20.1,15.5,509,7,2,101.1,148,C22,U420,3,EL,EL6,EL63,EL633,Pine dominated coniferous woodland,Semi-natural and natural areas not in use
53421888,Yes,,,,,6.9,7.15,14.09,11,3,12.4,1.3,94.2,118,E30,U112,1,EL,EL6,EL61,EL611,Spontaneously re-vegetated surfaces,Fallow land
53361720,Yes,,,,,7.3,7.33,22,21.1,106,7,2.5,209.8,103,B81,U111,2,EL,EL6,EL63,EL633,Olive groves,Agriculture (excluding fallow land and kitchen gardens)
53381694,Yes,,,,,7.5,7.86,15.11,17.6,170,8.1,2.1,102.3,43,E30,U350,2,EL,EL6,EL63,EL633,Spontaneously re-vegetated surfaces,COMMUNITY SERVICES
53481692,Yes,,,,,7.6,8.13,14.66,13.3,275,3.6,0.7,64.7,65,C22,U120,3,EL,EL6,EL63,EL633,Pine dominated coniferous woodland,FORESTRY
53621704,Yes,,,,,6.7,6.93,17.44,18.8,4,3.6,1.3,113,568,D10,U420,3,EL,EL6,EL63,EL633,Shrubland with sparse tree cover,Semi-natural and natural areas not in use
53661692,Yes,,,,,7.5,7.81,17.63,20.2,172,6,2.1,228.4,99,B81,U111,3,EL,EL6,EL63,EL633,Olive groves,Agriculture (excluding fallow land and kitchen gardens)
53621722,Yes,,,,,7,7.32,10.03,31,3,5.7,2.9,547.2,1113,C10,U120,2,EL,EL6,EL63,EL633,Broadleaved woodland,FORESTRY
53581674,Yes,,,,,7.6,7.84,19.96,25.2,372,7.6,2.5,169.2,68,B81,U111,1,EL,EL6,EL63,EL633,Olive groves,Agriculture (excluding fallow land and kitchen gardens)
53621718,Yes,,,,,7.2,7.41,12.64,14.4,3,0,1.5,89.5,709,E10,U111,2,EL,EL6,EL63,EL633,Grassland with sparse tree/shrub cover,Agriculture (excluding fallow land and kitchen gardens)
53842024,Yes,,,,,7.7,8.02,22.7,8.1,80,15.3,1.1,283.2,14,B11,U111,1,EL,EL5,EL52,EL525,Common wheat,Agriculture (excluding fallow land and kitchen gardens)
53801926,Yes,,,,,7.6,7.69,35.7,15.2,61,31.4,1.7,245.6,80,B12,U111,1,EL,EL6,EL61,EL612,Durum wheat,Agriculture (excluding fallow land and kitchen gardens)
53841988,Yes,,,,,7.8,8.1,20.7,30.7,350,13.4,1.2,137,17,B31,U111,1,EL,EL5,EL52,EL525,Sunflower,Agriculture (excluding fallow land and kitchen gardens)
54101896,Yes,,,,,7.6,7.94,13.34,8.5,10,16.6,1,111.2,250,B11,U111,1,EL,EL6,EL61,EL612,Common wheat,Agriculture (excluding fallow land and kitchen gardens)
54121894,Yes,,,,,7.7,7.96,21.1,16.7,109,25.5,1.8,671,253,B12,U111,1,EL,EL6,EL61,EL612,Durum wheat,Agriculture (excluding fallow land and kitchen gardens)
53801920,Yes,,,,,7.7,8.1,12.74,16,54,29,1.8,309.9,186,B34,U111,1,EL,EL6,EL61,EL612,Cotton,Agriculture (excluding fallow land and kitchen gardens)
53701690,Yes,,,,,7.6,7.95,14.92,13.8,138,5.9,1.4,96.5,324,E10,U111,1,EL,EL6,EL63,EL633,Grassland with sparse tree/shrub cover,Agriculture (excluding fallow land and kitchen gardens)
53201730,Yes,,,,,6.3,6.4,15.47,3.7,1,39.8,0.5,199.6,36,F40,U111,1,EL,EL6,EL63,EL633,OTHER BARE SOIL,Agriculture (excluding fallow land and kitchen gardens)
56002124,Yes,,,,,7,7.26,22.1,7.3,0,26.2,0.8,181.3,35,B34,U111,1,EL,EL5,EL51,EL513,Cotton,Agriculture (excluding fallow land and kitchen gardens)
52901908,Yes,,,,,7.6,7.8,20.2,17.1,53,11.2,1.4,117.9,913,E20,U111,2,EL,EL6,EL61,EL611,Grassland without tree/shrub cover,Agriculture (excluding fallow land and kitchen gardens)
52081884,Yes,,,,,7.3,7.5,16.72,38.5,48,7.9,3.5,197.3,269,D10,U111,2,EL,EL5,EL54,EL542,Shrubland with sparse tree cover,Agriculture (excluding fallow land and kitchen gardens)
52081888,Yes,,,,,6.9,7.14,18.86,38.7,18,31.4,3.6,143,163,E10,U111,2,EL,EL5,EL54,EL542,Grassland with sparse tree/shrub cover,Agriculture (excluding fallow land and kitchen gardens)
51981896,Yes,,,,,7.6,7.65,44.6,48.5,333,35.1,4.9,579.6,9,B74,U111,1,EL,EL5,EL54,EL542,Nuts trees,Agriculture (excluding fallow land and kitchen gardens)
52121868,Yes,,,,,7.1,7.23,22,47.1,7,9.1,3.6,656.1,247,D10,U420,2,EL,EL5,EL54,EL542,Shrubland with sparse tree cover,Semi-natural and natural areas not in use
53261700,Yes,,,,,7.6,7.86,34.9,14.2,133,10.1,1.5,120.8,0,B42,U111,1,EL,EL6,EL63,EL633,Tomatoes,Agriculture (excluding fallow land and kitchen gardens)
52181902,Yes,,,,,6.4,6.71,8.46,22.3,3,5.4,2.1,206.8,412,C10,U120,1,EL,EL5,EL54,EL542,Broadleaved woodland,FORESTRY
53601892,Yes,,,,,7.1,7.34,7.9,5.6,2,12.4,0.9,138.4,105,B12,U111,1,EL,EL6,EL61,EL611,Durum wheat,Agriculture (excluding fallow land and kitchen gardens)
53261722,Yes,,,,,7.6,7.79,29,7.2,190,18.7,0.8,135,26,B43,U111,1,EL,EL6,EL63,EL633,Other fresh vegetables,Agriculture (excluding fallow land and kitchen gardens)
53301722,Yes,,,,,7.5,7.49,26.3,25,34,9.6,2.3,215.6,57,E30,U111,3,EL,EL6,EL63,EL633,Spontaneously re-vegetated surfaces,Agriculture (excluding fallow land and kitchen gardens)
53481718,Yes,,,,,6.6,6.6,10.62,17.5,3,5.3,1.7,228.2,480,D20,U420,3,EL,EL6,EL63,EL633,Shrubland without tree cover,Semi-natural and natural areas not in use
53321702,Yes,,,,,7.6,7.78,18.26,32,117,15.4,1.9,100.7,86,B81,U111,2,EL,EL6,EL63,EL633,Olive groves,Agriculture (excluding fallow land and kitchen gardens)
53381706,Yes,,,,,7.1,7.56,9.77,3.2,1,0,0.4,35.4,230,B81,U111,1,EL,EL6,EL63,EL633,Olive groves,Agriculture (excluding fallow land and kitchen gardens)
53421708,Yes,,,,,7.6,7.9,29.5,17.8,239,0,0.9,108.6,177,D10,U420,1,EL,EL6,EL63,EL633,Shrubland with sparse tree cover,Semi-natural and natural areas not in use
52381876,Yes,,,,,4.9,5.15,38.1,28.7,0,13.8,2.3,226.8,357,C10,U420,2,EL,EL5,EL54,EL542,Broadleaved woodland,Semi-natural and natural areas not in use
56802166,Yes,,,,,5.9,6.02,33.8,18.1,0,10.8,1.6,97.3,77,C10,U120,2,EL,EL5,EL51,EL511,Broadleaved woodland,FORESTRY
54382064,Yes,,,,,4.9,5.36,6.21,5,0,10.3,0.7,53.4,530,D10,U420,1,EL,EL5,EL52,EL522,Shrubland with sparse tree cover,Semi-natural and natural areas not in use
56802180,Yes,,,,,7.3,7.89,12.96,13.1,1,17.6,1.4,445.5,94,B34,U111,1,EL,EL5,EL51,EL511,Cotton,Agriculture (excluding fallow land and kitchen gardens)
56942194,Yes,,,,,7,7.25,186.7,9.2,2,45.6,1,209.2,29,B31,U111,1,EL,EL5,EL51,EL511,Sunflower,Agriculture (excluding fallow land and kitchen gardens)
57002188,Yes,,,,,6.6,7.24,9.36,5.4,0,43.1,0.7,492.1,27,E30,U112,1,EL,EL5,EL51,EL511,Spontaneously re-vegetated surfaces,Fallow land
56782152,Yes,,,,,4.7,5.72,3.4,4.9,0,11.4,0.6,91.5,70,B31,U111,1,EL,EL5,EL51,EL511,Sunflower,Agriculture (excluding fallow land and kitchen gardens)
56842176,Yes,,,,,7.2,7.51,16.73,15.9,4,44,2.1,940.1,117,B31,U111,2,EL,EL5,EL51,EL511,Sunflower,Agriculture (excluding fallow land and kitchen gardens)
56762190,Yes,,,,,6.8,7.32,9.89,12.5,1,18.7,1.3,374.3,151,B31,U111,1,EL,EL5,EL51,EL511,Sunflower,Agriculture (excluding fallow land and kitchen gardens)
56722160,Yes,,,,,5.6,6.12,5.33,9.7,0,2.7,0.8,34.8,307,C10,U120,2,EL,EL5,EL51,EL511,Broadleaved woodland,FORESTRY
56682190,Yes,,,,,5.3,5.8,7.98,11.4,0,41.9,1.2,188.8,127,B31,U111,4,EL,EL5,EL51,EL511,Sunflower,Agriculture (excluding fallow land and kitchen gardens)
54182062,Yes,,,,,5.4,5.95,5.1,10.1,0,14.7,1.1,168,198,B32,U111,1,EL,EL5,EL52,EL522,Rape and turnip rape,Agriculture (excluding fallow land and kitchen gardens)
54202070,Yes,,,,,4.7,5.36,3.52,6.5,0,15.5,0.8,23.4,457,B11,U111,1,EL,EL5,EL52,EL522,Common wheat,Agriculture (excluding fallow land and kitchen gardens)
54102054,Yes,,,,,5.8,6.12,4.6,12.7,0,4.7,1.2,111.3,487,E10,U111,1,EL,EL5,EL52,EL522,Grassland with sparse tree/shrub cover,Agriculture (excluding fallow land and kitchen gardens)
54282022,Yes,,,,,7.3,7.5,13.66,8.8,3,8.6,1.1,212.7,275,B11,U111,1,EL,EL5,EL52,EL522,Common wheat,Agriculture (excluding fallow land and kitchen gardens)
54282048,Yes,,,,,7.7,8.06,18,6.5,25,3.9,1.3,67,137,B11,U111,1,EL,EL5,EL52,EL522,Common wheat,Agriculture (excluding fallow land and kitchen gardens)
56002132,Yes,,,,,6.3,6.42,15.55,15.5,0,13.2,1.8,123.1,29,B51,U111,1,EL,EL5,EL51,EL513,Clovers,Agriculture (excluding fallow land and kitchen gardens)
56762172,Yes,,,,,5.5,6.04,6.18,6.9,0,10.8,0.7,117.7,245,E30,U112,3,EL,EL5,EL51,EL511,Spontaneously re-vegetated surfaces,Fallow land
56542136,Yes,,,,,5.6,5.88,27.6,19,0,15,1.6,100.6,700,C10,U120,1,EL,EL5,EL51,EL511,Broadleaved woodland,FORESTRY
52882044,Yes,,,,,4.7,5.18,7.55,15.7,0,52.3,1.6,519.7,631,A30,U210,1,EL,EL5,EL53,EL533,OTHER ARTIFICIAL AREAS,ENERGY PRODUCTION
52842048,Yes,,,,,4.9,5.3,4.6,7.4,0,27.5,0.8,53.9,599,E30,U112,1,EL,EL5,EL53,EL533,Spontaneously re-vegetated surfaces,Fallow land
53162024,Yes,,,,,7.4,7.74,10.9,13.3,25,24.4,1.4,293.2,596,F40,U111,1,EL,EL5,EL53,EL533,OTHER BARE SOIL,Agriculture (excluding fallow land and kitchen gardens)
53122034,Yes,,,,,7.7,8.26,14.47,4.9,313,23.3,0.9,233.6,616,B82,U111,1,EL,EL5,EL53,EL533,Vineyards,Agriculture (excluding fallow land and kitchen gardens)
53002044,Yes,,,,,7.6,8.07,10.53,2.7,8,3.9,0.4,129.7,720,E30,U112,1,EL,EL5,EL53,EL533,Spontaneously re-vegetated surfaces,Fallow land
53042044,Yes,,,,,7.3,7.6,15.49,22.6,563,6.4,3.6,138.5,910,E20,U111,1,EL,EL5,EL53,EL533,Grassland without tree/shrub cover,Agriculture (excluding fallow land and kitchen gardens)
56922188,Yes,,,,,7.5,8.22,14,7.2,213,10.5,1,368.6,92,B11,U111,1,EL,EL5,EL51,EL511,Common wheat,Agriculture (excluding fallow land and kitchen gardens)
56622210,Yes,,,,,6.9,6.93,21,11.9,1,27.8,1.4,337.8,118,B31,U111,1,EL,EL5,EL51,EL511,Sunflower,Agriculture (excluding fallow land and kitchen gardens)
54462066,Yes,,,,,4.5,4.84,17.72,5.3,0,28.9,0.8,53.3,616,E30,U112,1,EL,EL5,EL52,EL522,Spontaneously re-vegetated surfaces,Fallow land
56762132,Yes,,,,,6,6.18,6.53,22.4,0,7.6,2.1,239,173,C10,U120,3,EL,EL5,EL51,EL511,Broadleaved woodland,FORESTRY
56822134,Yes,,,,,7.4,7.85,11.95,7.6,12,11.6,0.9,375.4,77,B11,U111,1,EL,EL5,EL51,EL511,Common wheat,Agriculture (excluding fallow land and kitchen gardens)
56882134,Yes,,,,,5.8,6.19,5.15,19.7,0,31.7,2,306.9,106,C10,U120,1,EL,EL5,EL51,EL511,Broadleaved woodland,FORESTRY
56702146,Yes,,,,,4.9,5.26,8.42,40.1,0,7.8,1.6,97.5,326,C32,U120,1,EL,EL5,EL51,EL511,Pine dominated mixed woodland,FORESTRY
56802210,Yes,,,,,7.1,7.38,14.8,13.2,1,71.4,1.5,496.5,56,B31,U111,1,EL,EL5,EL51,EL511,Sunflower,Agriculture (excluding fallow land and kitchen gardens)
56922206,Yes,,,,,7.7,8.12,17.48,6.2,11,18.7,0.8,261.7,35,B23,U111,1,EL,EL5,EL51,EL511,Other root crops,Agriculture (excluding fallow land and kitchen gardens)
52942046,Yes,,,,,5.6,5.91,3.81,9.5,0,4.7,1,76.6,639,C10,U120,1,EL,EL5,EL53,EL533,Broadleaved woodland,FORESTRY
55502104,Yes,,,,,6.3,6.4,8.05,3.5,0,21.1,0.5,46.3,12,B33,U111,1,EL,EL5,EL51,EL515,Soya,Agriculture (excluding fallow land and kitchen gardens)
54242060,Yes,,,,,5.6,5.85,5.93,5.1,1,83.8,0.7,126.9,185,B11,U111,1,EL,EL5,EL52,EL522,Common wheat,Agriculture (excluding fallow land and kitchen gardens)
55682118,Yes,,,,,7.5,7.91,23.5,4.2,0,17.2,0.6,70.1,29,B34,U111,3,EL,EL5,EL51,EL512,Cotton,Agriculture (excluding fallow land and kitchen gardens)
55622110,Yes,,,,,7.3,7.56,19.38,7.3,0,51.3,0.9,122.3,22,B16,U111,1,EL,EL5,EL51,EL512,Maize,Agriculture (excluding fallow land and kitchen gardens)
55642132,Yes,,,,,7,7.15,19.74,15.9,0,9.2,1.4,194.8,255,C10,U120,2,EL,EL5,EL51,EL512,Broadleaved woodland,FORESTRY
55642142,Yes,,,,,7.2,7.52,20.6,4,0,18.6,0.7,142.9,703,B36,U111,1,EL,EL5,EL51,EL512,Tobacco,Agriculture (excluding fallow land and kitchen gardens)
55522128,Yes,,,,,7,7.06,9.17,5.5,0,5,0.7,76.9,102,C10,U120,1,EL,EL5,EL51,EL512,Broadleaved woodland,FORESTRY
55742124,Yes,,,,,7,7.7,11.41,7.9,0,45.6,1,90.7,33,B16,U111,1,EL,EL5,EL51,EL512,Maize,Agriculture (excluding fallow land and kitchen gardens)
53341844,Yes,,,,,6.4,6.53,8.82,19.2,2,4.8,1.7,85.7,663,C10,U120,2,EL,EL6,EL64,EL643,Broadleaved woodland,FORESTRY
55762126,Yes,,,,,6.9,7.17,25,17.8,0,22,2.1,157.5,31,B52,U111,1,EL,EL5,EL51,EL512,Lucerne,Agriculture (excluding fallow land and kitchen gardens)
55582104,Yes,,,,,7.6,7.78,27.2,9.8,13,79.1,1.4,182.9,18,B75,U111,1,EL,EL5,EL51,EL515,Other fruit trees and berries,Agriculture (excluding fallow land and kitchen gardens)
55182130,Yes,,,,,7.4,7.5,6.81,15.4,0,8.6,1.3,147.3,885,C10,U120,1,EL,EL5,EL51,EL514,Broadleaved woodland,FORESTRY
55362112,Yes,,,,,6.7,6.68,27.3,70.4,33,7.8,5.7,268.5,518,C10,U120,4,EL,EL5,EL51,EL515,Broadleaved woodland,FORESTRY
55222104,Yes,,,,,7.5,7.78,18.53,19.1,158,104,1.9,381.8,57,B16,U111,1,EL,EL5,EL51,EL515,Maize,Agriculture (excluding fallow land and kitchen gardens)
55922128,Yes,,,,,7.7,8.01,17.36,12.2,5,18.5,1.6,163.5,14,B34,U111,1,EL,EL5,EL51,EL513,Cotton,Agriculture (excluding fallow land and kitchen gardens)
54001904,Yes,,,,,7.7,7.84,18.64,20.4,351,21.1,2.2,366.2,323,B41,U111,1,EL,EL6,EL61,EL612,Dry pulses,Agriculture (excluding fallow land and kitchen gardens)
55102078,Yes,,,,,7.1,7.51,23.9,42.3,183,14.3,2.7,109.5,495,D10,U111,2,EL,EL5,EL51,EL515,Shrubland with sparse tree cover,Agriculture (excluding fallow land and kitchen gardens)
53302064,Yes,,,,,6.7,6.77,6.41,11.6,1,14.1,1.4,34.2,235,B74,U111,2,EL,EL5,EL52,EL524,Nuts trees,Agriculture (excluding fallow land and kitchen gardens)
54482052,Yes,,,,,7.9,8.51,43.4,11.1,22,7.8,1.8,163.9,83,B31,U111,1,EL,EL5,EL52,EL522,Sunflower,Agriculture (excluding fallow land and kitchen gardens)
54682050,Yes,,,,,5.3,5.82,6.6,4,0,11.6,0.7,122.4,124,B11,U111,1,EL,EL5,EL52,EL522,Common wheat,Agriculture (excluding fallow land and kitchen gardens)
54762056,Yes,,,,,4.9,5.71,4.84,2.3,0,3,0.3,119.7,91,D20,U420,1,EL,EL5,EL52,EL522,Shrubland without tree cover,Semi-natural and natural areas not in use
54282076,Yes,,,,,5.9,6.15,4.53,14.9,0,7.2,1.9,85.2,554,E10,U420,1,EL,EL5,EL52,EL522,Grassland with sparse tree/shrub cover,Semi-natural and natural areas not in use
54482070,Yes,,,,,5.1,5.51,5.86,13.2,0,6.4,1.5,69.6,749,C10,U420,2,EL,EL5,EL52,EL522,Broadleaved woodland,Semi-natural and natural areas not in use
54602068,Yes,,,,,5.3,5.91,4.43,10.6,0,14.6,1.2,123.5,416,B31,U111,3,EL,EL5,EL52,EL522,Sunflower,Agriculture (excluding fallow land and kitchen gardens)
55722108,Yes,,,,,7.1,7.39,20.2,10.4,0,10.6,1.3,143.1,9,B16,U111,1,EL,EL5,EL51,EL512,Maize,Agriculture (excluding fallow land and kitchen gardens)
54482034,Yes,,,,,4.4,5.01,4.22,8.5,0,7.2,1,76.6,496,B15,U111,3,EL,EL5,EL52,EL522,Oats,Agriculture (excluding fallow land and kitchen gardens)
56142132,Yes,,,,,7.7,8.04,14.88,9.6,13,11.8,1.1,221.2,75,B12,U111,1,EL,EL5,EL51,EL513,Durum wheat,Agriculture (excluding fallow land and kitchen gardens)
54022060,Yes,,,,,10,10.37,163.3,4.7,5,10.6,0.7,306.3,95,E30,U112,1,EL,EL5,EL52,EL522,Spontaneously re-vegetated surfaces,Fallow land
53842060,Yes,,,,,7.8,8.12,23.5,11.8,51,26,1.7,367.3,55,B16,U111,1,EL,EL5,EL52,EL524,Maize,Agriculture (excluding fallow land and kitchen gardens)
53762052,Yes,,,,,7.3,7.73,10.14,12.4,6,36.8,1.4,504.5,130,B11,U111,1,EL,EL5,EL52,EL524,Common wheat,Agriculture (excluding fallow land and kitchen gardens)
53402070,Yes,,,,,7.6,8.02,19.24,10,149,9.4,1.2,65.8,162,B31,U111,1,EL,EL5,EL52,EL524,Sunflower,Agriculture (excluding fallow land and kitchen gardens)
53482046,Yes,,,,,7.7,8,22,13.2,154,7.2,1.6,299.7,68,B75,U111,1,EL,EL5,EL52,EL524,Other fruit trees and berries,Agriculture (excluding fallow land and kitchen gardens)
53401828,Yes,,,,,7.5,8.28,14.63,20.6,3,5.3,1.1,121.6,982,C21,U120,2,EL,EL6,EL64,EL643,Spruce dominated coniferous woodland,FORESTRY
54382046,Yes,,,,,6.2,6.37,4.91,4.8,0,20.5,0.6,85.1,166,B11,U111,3,EL,EL5,EL52,EL522,Common wheat,Agriculture (excluding fallow land and kitchen gardens)
54581742,Yes,,,,,7.4,7.84,23.8,24.5,579,130.4,2.4,253.3,97,B81,U111,1,EL,EL6,EL65,EL652,Olive groves,Agriculture (excluding fallow land and kitchen gardens)
54261738,Yes,,,,,7.6,7.98,16.68,17.5,133,5.5,2,201.5,697,E10,U111,1,EL,EL6,EL65,EL652,Grassland with sparse tree/shrub cover,Agriculture (excluding fallow land and kitchen gardens)
54361666,Yes,,,,,6.6,6.77,9.34,23,2,7.1,2.2,153.5,962,D10,U420,1,EL,EL6,EL65,EL653,Shrubland with sparse tree cover,Semi-natural and natural areas not in use
54181904,Yes,,,,,7.8,8.21,13.47,4.1,238,8.2,0.9,145.5,124,B12,U111,1,EL,EL6,EL61,EL613,Durum wheat,Agriculture (excluding fallow land and kitchen gardens)
54201884,Yes,,,,,7.5,7.9,13.86,6.2,1,17.1,0.8,107.8,104,B13,U111,1,EL,EL6,EL61,EL613,Barley,Agriculture (excluding fallow land and kitchen gardens)
54161884,Yes,,,,,7.7,8.14,13.9,18,54,6.7,1.2,434.7,124,B12,U111,1,EL,EL6,EL61,EL613,Durum wheat,Agriculture (excluding fallow land and kitchen gardens)
54241874,Yes,,,,,7.4,7.79,11.21,13.1,6,6.9,1.6,142.4,261,E30,U111,1,EL,EL6,EL61,EL613,Spontaneously re-vegetated surfaces,Agriculture (excluding fallow land and kitchen gardens)
54501640,Yes,,,,,7.8,8.18,22.1,14.4,268,11.7,1.2,162.3,201,B81,U111,3,EL,EL6,EL65,EL653,Olive groves,Agriculture (excluding fallow land and kitchen gardens)
54121890,Yes,,,,,6.9,7.03,7.16,12,1,6.9,1.5,147,351,E20,U111,2,EL,EL6,EL61,EL613,Grassland without tree/shrub cover,Agriculture (excluding fallow land and kitchen gardens)
54401630,Yes,,,,,6.1,6.45,3.89,3,1,3.5,0.6,29,287,B81,U111,3,EL,EL6,EL65,EL653,Olive groves,Agriculture (excluding fallow land and kitchen gardens)
54761732,Yes,,,,,6.9,7.06,27.4,111.9,19,15.9,6.4,509.3,371,C22,U120,3,EL,EL6,EL65,EL652,Pine dominated coniferous woodland,FORESTRY
54501744,Yes,,,,,7.6,7.99,28.6,17.6,511,25.6,2,479.2,34,B76,U111,1,EL,EL6,EL65,EL652,Oranges,Agriculture (excluding fallow land and kitchen gardens)
54301732,Yes,,,,,7.7,8.15,13.53,7.6,62,5.8,1.2,209.2,499,B81,U111,2,EL,EL6,EL65,EL652,Olive groves,Agriculture (excluding fallow land and kitchen gardens)
54381728,Yes,,,,,7.6,7.83,30.3,39.2,191,43.4,4.4,526.1,391,D20,U111,3,EL,EL6,EL65,EL652,Shrubland without tree cover,Agriculture (excluding fallow land and kitchen gardens)
54341736,Yes,,,,,7.5,7.69,62,21,663,12,2,102.4,513,B81,U111,1,EL,EL6,EL65,EL652,Olive groves,Agriculture (excluding fallow land and kitchen gardens)
57501486,Yes,,,,,6.9,7.04,53.6,96.9,3,9,5.7,1031.7,825,C32,U120,2,EL,EL4,EL43,EL432,Pine dominated mixed woodland,FORESTRY
54221900,Yes,,,,,7.3,7.62,15.97,22.5,9,77.9,2.4,499.7,232,E30,U111,2,EL,EL6,EL61,EL613,Spontaneously re-vegetated surfaces,Agriculture (excluding fallow land and kitchen gardens)
54641626,Yes,,,,,7.7,8.07,20.4,11.4,133,26.2,1.3,439.4,44,B76,U111,3,EL,EL6,EL65,EL653,Oranges,Agriculture (excluding fallow land and kitchen gardens)
54021898,Yes,,,,,6.8,6.92,12.88,11.4,1,16.6,1.2,88.6,360,B12,U111,1,EL,EL6,EL61,EL612,Durum wheat,Agriculture (excluding fallow land and kitchen gardens)
55401766,Yes,,,,,7.8,8.16,21.3,7.8,271,7.1,0.8,154.8,193,E30,U111,2,EL,EL3,EL30,EL305,Spontaneously re-vegetated surfaces,Agriculture (excluding fallow land and kitchen gardens)
55401780,Yes,,,,,7.4,7.63,51.2,22.3,530,21.2,2.2,197.5,467,C22,U370,2,EL,EL3,EL30,EL305,Pine dominated coniferous woodland,RESIDENTIAL
55441760,Yes,,,,,7.5,7.81,16.63,16.6,21,5.7,1.6,473,97,B81,U111,2,EL,EL3,EL30,EL305,Olive groves,Agriculture (excluding fallow land and kitchen gardens)
54281644,Yes,,,,,7.5,7.83,39.3,20.5,159,50.1,1.6,143.2,220,B76,U111,2,EL,EL6,EL65,EL653,Oranges,Agriculture (excluding fallow land and kitchen gardens)
54361648,Yes,,,,,7.3,7.67,13.54,14.6,14,9.8,1.5,87.3,410,D10,U420,3,EL,EL6,EL65,EL653,Shrubland with sparse tree cover,Semi-natural and natural areas not in use
54581630,Yes,,,,,7.2,7.54,10.36,12.2,5,4.2,1.3,517.7,159,D20,U420,3,EL,EL6,EL65,EL653,Shrubland without tree cover,Semi-natural and natural areas not in use
54881614,Yes,,,,,7.4,7.7,15.6,37.6,32,5.5,3,647.6,291,D20,U111,4,EL,EL6,EL65,EL653,Shrubland without tree cover,Agriculture (excluding fallow land and kitchen gardens)
54301746,Yes,,,,,7.7,8.12,15.37,13.5,239,9.4,1.3,183.9,776,B82,U111,1,EL,EL6,EL65,EL652,Vineyards,Agriculture (excluding fallow land and kitchen gardens)
54761624,Yes,,,,,7.4,7.64,19.06,28.7,34,9.1,3.1,639.3,80,B81,U111,3,EL,EL6,EL65,EL653,Olive groves,Agriculture (excluding fallow land and kitchen gardens)
54701620,Yes,,,,,7.4,7.66,20.94,27.2,35,5.5,2.3,239,295,D10,U420,3,EL,EL6,EL65,EL653,Shrubland with sparse tree cover,Semi-natural and natural areas not in use
54241650,Yes,,,,,7.5,7.9,17.38,13.7,136,9,1.1,99.6,388,B81,U111,2,EL,EL6,EL65,EL653,Olive groves,Agriculture (excluding fallow land and kitchen gardens)
54381656,Yes,,,,,7.5,7.9,48,28.4,264,6.8,2.1,173.1,824,D20,U420,3,EL,EL6,EL65,EL653,Shrubland without tree cover,Semi-natural and natural areas not in use
54661630,Yes,,,,,7.5,7.83,20.6,26.3,315,7.9,1.6,257.7,247,B81,U111,2,EL,EL6,EL65,EL653,Olive groves,Agriculture (excluding fallow land and kitchen gardens)
54461626,Yes,,,,,6.7,6.99,15.13,23,4,33.2,2.5,107.7,202,B81,U111,4,EL,EL6,EL65,EL653,Olive groves,Agriculture (excluding fallow land and kitchen gardens)
54361642,Yes,,,,,7.7,8.07,12.13,6.2,212,3.8,0.8,34.1,205,B81,U111,2,EL,EL6,EL65,EL653,Olive groves,Agriculture (excluding fallow land and kitchen gardens)
54921794,Yes,,,,,7.9,8.23,10.96,7.3,51,3.1,0.7,175.3,362,C22,U120,1,EL,EL6,EL64,EL641,Pine dominated coniferous woodland,FORESTRY
54401750,Yes,,,,,7.5,7.97,29.4,24.6,526,10.6,2,242.7,91,B81,U111,1,EL,EL6,EL65,EL652,Olive groves,Agriculture (excluding fallow land and kitchen gardens)
54881808,Yes,,,,,7.9,8.18,42.8,11.1,242,20.3,1.1,341.5,113,B42,U111,1,EL,EL6,EL64,EL641,Tomatoes,Agriculture (excluding fallow land and kitchen gardens)
54621810,Yes,,,,,7.6,7.94,27.3,66,455,18.9,5.2,110.1,130,B12,U111,1,EL,EL6,EL64,EL641,Durum wheat,Agriculture (excluding fallow land and kitchen gardens)
53961824,Yes,,,,,6.9,7.04,25.3,65.3,5,20.9,3.6,376.4,1166,C21,U120,2,EL,EL6,EL64,EL645,Spruce dominated coniferous woodland,FORESTRY
54681784,Yes,,,,,7.7,7.97,30.1,14.7,160,17.7,1.6,487.9,231,B82,U111,2,EL,EL6,EL64,EL641,Vineyards,Agriculture (excluding fallow land and kitchen gardens)
54841792,Yes,,,,,7.7,8.04,23.5,7,661,9.3,1.1,165.6,374,E30,U112,2,EL,EL6,EL64,EL641,Spontaneously re-vegetated surfaces,Fallow land
54841800,Yes,,,,,7.9,8.24,29.3,12.2,132,13.7,1.2,638.4,146,B34,U111,1,EL,EL6,EL64,EL641,Cotton,Agriculture (excluding fallow land and kitchen gardens)
53441998,Yes,,,,,7.1,7.4,19.25,5.6,3,4.1,0.6,205.2,891,E30,U112,2,EL,EL5,EL53,EL531,Spontaneously re-vegetated surfaces,Fallow land
54581804,Yes,,,,,7.7,8.13,16.89,15.2,108,10.3,1.4,275.5,137,E30,U112,1,EL,EL6,EL64,EL641,Spontaneously re-vegetated surfaces,Fallow land
54961790,Yes,,,,,7.8,8.1,22.2,17,162,35.7,1.3,663.2,302,F40,U111,4,EL,EL6,EL64,EL641,OTHER BARE SOIL,Agriculture (excluding fallow land and kitchen gardens)
55021800,Yes,,,,,8,8.45,19.26,9.4,241,33.8,0.8,297.8,282,B82,U111,1,EL,EL6,EL64,EL641,Vineyards,Agriculture (excluding fallow land and kitchen gardens)
54701808,Yes,,,,,7.9,8.13,146.6,33.5,808,16.5,3.1,342.5,127,B16,U111,1,EL,EL6,EL64,EL641,Maize,Agriculture (excluding fallow land and kitchen gardens)
54121818,Yes,,,,,7.7,8.01,22.4,20,170,19,1.4,109.2,332,B52,U111,1,EL,EL6,EL64,EL645,Lucerne,Agriculture (excluding fallow land and kitchen gardens)
54401804,Yes,,,,,7.4,7.8,13.43,12.6,25,6.4,1.5,121.1,211,B81,U111,2,EL,EL6,EL64,EL641,Olive groves,Agriculture (excluding fallow land and kitchen gardens)
54381790,Yes,,,,,7.3,7.46,38.6,44.2,27,8.3,4.7,549.4,876,D20,U111,3,EL,EL6,EL64,EL641,Shrubland without tree cover,Agriculture (excluding fallow land and kitchen gardens)
54581990,Yes,,,,,7.7,8.12,14.04,12.6,183,5,1,290,49,E30,U112,2,EL,EL5,EL52,EL527,Spontaneously re-vegetated surfaces,Fallow land
54321748,Yes,,,,,7.1,7.31,17.5,28.6,3,9.6,2.2,264.7,816,D10,U420,1,EL,EL6,EL65,EL652,Shrubland with sparse tree cover,Semi-natural and natural areas not in use
54201736,Yes,,,,,7.6,7.96,25.1,28,423,7.9,2.6,289.5,1003,D10,U420,2,EL,EL6,EL65,EL652,Shrubland with sparse tree cover,Semi-natural and natural areas not in use
54742010,Yes,,,,,7.1,7.52,14.78,13.9,3,5.8,1,115.7,70,C22,U120,1,EL,EL5,EL52,EL527,Pine dominated coniferous woodland,FORESTRY
54722012,Yes,,,,,7.4,7.73,20.2,10,13,14.3,1.3,77.7,18,E30,U112,1,EL,EL5,EL52,EL527,Spontaneously re-vegetated surfaces,Fallow land
54662028,Yes,,,,,5.1,5.67,5.91,10.5,0,6.8,0.9,61.7,843,C10,U120,1,EL,EL5,EL52,EL527,Broadleaved woodland,FORESTRY
54282012,Yes,,,,,7.7,8.09,17.89,6.9,106,27.2,1.1,352.8,32,B82,U111,1,EL,EL5,EL52,EL527,Vineyards,Agriculture (excluding fallow land and kitchen gardens)
54701800,Yes,,,,,7.7,8.05,46.6,21.1,528,50.5,2.6,354.7,130,B34,U111,1,EL,EL6,EL64,EL641,Cotton,Agriculture (excluding fallow land and kitchen gardens)
54502014,Yes,,,,,7.6,8,15.99,5.8,23,14.7,0.7,94.4,127,E30,U112,1,EL,EL5,EL52,EL527,Spontaneously re-vegetated surfaces,Fallow land
54781758,Yes,,,,,7.6,7.81,28.7,38.5,227,4.4,2,591.2,387,C22,U120,2,EL,EL3,EL30,EL306,Pine dominated coniferous woodland,FORESTRY
54562034,Yes,,,,,6.8,7.1,9.14,10.7,1,17.2,1.3,120.8,354,E30,U111,1,EL,EL5,EL52,EL527,Spontaneously re-vegetated surfaces,Agriculture (excluding fallow land and kitchen gardens)
53981794,Yes,,,,,7.3,7.52,60,45.1,186,11.9,4.5,238.9,644,E10,U410,1,EL,EL6,EL64,EL645,Grassland with sparse tree/shrub cover,Abandoned areas
54161800,Yes,,,,,7.6,7.92,20.4,34.1,213,9.4,3.3,443.5,439,D20,U111,3,EL,EL6,EL64,EL645,Shrubland without tree cover,Agriculture (excluding fallow land and kitchen gardens)
54401810,Yes,,,,,7.7,8.15,18.97,14.6,80,9.1,1.6,219.1,156,B34,U111,1,EL,EL6,EL64,EL641,Cotton,Agriculture (excluding fallow land and kitchen gardens)
55061800,Yes,,,,,7.7,7.98,26.6,11.8,107,5.3,1.5,231.6,215,B81,U111,2,EL,EL6,EL64,EL641,Olive groves,Agriculture (excluding fallow land and kitchen gardens)
53881798,Yes,,,,,7.3,7.73,14.1,12.4,6,4.4,1.4,74.1,559,E10,U111,2,EL,EL6,EL64,EL645,Grassland with sparse tree/shrub cover,Agriculture (excluding fallow land and kitchen gardens)
54422010,Yes,,,,,7.6,7.98,15.16,11.8,80,13.7,1.4,316.9,88,B81,U111,1,EL,EL5,EL52,EL527,Olive groves,Agriculture (excluding fallow land and kitchen gardens)
53721846,Yes,,,,,7.5,7.99,9.31,6.8,43,5.3,1.1,94.3,2332,E10,U420,1,EL,EL6,EL64,EL644,Grassland with sparse tree/shrub cover,Semi-natural and natural areas not in use
54101824,Yes,,,,,7.7,8.07,14.98,8.8,30,11.9,0.9,225.6,362,B11,U111,1,EL,EL6,EL64,EL644,Common wheat,Agriculture (excluding fallow land and kitchen gardens)
53921892,Yes,,,,,7.8,8.15,14.07,9.4,33,8.5,1.1,241.9,142,B34,U111,2,EL,EL6,EL61,EL612,Cotton,Agriculture (excluding fallow land and kitchen gardens)
53861930,Yes,,,,,7.8,8.1,25.4,12.5,54,78.5,1.5,567.8,74,B16,U111,1,EL,EL6,EL61,EL612,Maize,Agriculture (excluding fallow land and kitchen gardens)
53842010,Yes,,,,,7.7,8.12,13.55,8.7,108,7.7,1.1,194.7,186,B81,U111,1,EL,EL5,EL52,EL525,Olive groves,Agriculture (excluding fallow land and kitchen gardens)
53901846,Yes,,,,,7.5,7.82,13.66,9.1,1,42.5,1.2,299.2,66,B34,U111,1,EL,EL6,EL64,EL644,Cotton,Agriculture (excluding fallow land and kitchen gardens)
53801848,Yes,,,,,7.1,7.47,6.88,9.3,0,14.3,1,288.7,112,B12,U111,1,EL,EL6,EL64,EL644,Durum wheat,Agriculture (excluding fallow land and kitchen gardens)
53781928,Yes,,,,,7.4,7.54,25.6,18,26,34.6,2.2,311.3,88,E20,U111,1,EL,EL6,EL61,EL612,Grassland without tree/shrub cover,Agriculture (excluding fallow land and kitchen gardens)
54221858,Yes,,,,,6.3,6.85,7.29,7.7,1,6,1,97.3,884,E20,U111,1,EL,EL6,EL64,EL644,Grassland without tree/shrub cover,Agriculture (excluding fallow land and kitchen gardens)
53761926,Yes,,,,,7.6,8.06,13.68,5.3,28,9.8,0.8,146.6,82,B12,U111,1,EL,EL6,EL61,EL612,Durum wheat,Agriculture (excluding fallow land and kitchen gardens)
53901864,Yes,,,,,7.2,7.49,14.62,19.6,0,40.6,2.2,283.7,474,B52,U111,1,EL,EL6,EL64,EL644,Lucerne,Agriculture (excluding fallow land and kitchen gardens)
53981866,Yes,,,,,7.6,7.91,15.14,13.3,32,10.2,1.8,204.9,408,B52,U111,1,EL,EL6,EL64,EL644,Lucerne,Agriculture (excluding fallow land and kitchen gardens)
53901876,Yes,,,,,6.7,6.89,9.94,17,0,10.6,2,135.2,600,E30,U112,1,EL,EL6,EL64,EL644,Spontaneously re-vegetated surfaces,Fallow land
53861876,Yes,,,,,7.6,7.89,14.11,11.7,27,32.6,1.4,168.6,226,B12,U111,1,EL,EL6,EL64,EL644,Durum wheat,Agriculture (excluding fallow land and kitchen gardens)
53781874,Yes,,,,,7.9,8.18,21.6,15.4,308,11.6,1.9,298,116,B34,U111,1,EL,EL6,EL64,EL644,Cotton,Agriculture (excluding fallow land and kitchen gardens)
55381768,Yes,,,,,7.4,7.86,22.6,31.4,399,17.1,2.1,172.8,266,C23,U420,2,EL,EL3,EL30,EL305,Other coniferous woodland,Semi-natural and natural areas not in use
54101838,Yes,,,,,7.8,8.16,57.6,7.2,53,6.4,1.2,105.8,3,B34,U111,1,EL,EL6,EL64,EL644,Cotton,Agriculture (excluding fallow land and kitchen gardens)
53641966,Yes,,,,,6.5,6.55,6.69,9.5,0,37.4,1.1,103.9,629,B52,U111,1,EL,EL6,EL61,EL612,Lucerne,Agriculture (excluding fallow land and kitchen gardens)
55141798,Yes,,,,,7.8,8.14,36.3,15.7,196,21.1,1.6,429.6,117,B51,U111,1,EL,EL6,EL64,EL641,Clovers,Agriculture (excluding fallow land and kitchen gardens)
54201920,Yes,,,,,7.7,8.11,25.7,21.2,96,31.1,2.3,446.2,51,B12,U111,1,EL,EL6,EL61,EL612,Durum wheat,Agriculture (excluding fallow land and kitchen gardens)
53961946,Yes,,,,,7.2,7.67,10.86,3.1,2,7.8,0.4,40.8,313,D10,U420,2,EL,EL6,EL61,EL612,Shrubland with sparse tree cover,Semi-natural and natural areas not in use
53601946,Yes,,,,,6.5,6.6,9,18,0,5.9,1.7,139.4,299,E10,U111,1,EL,EL6,EL61,EL612,Grassland with sparse tree/shrub cover,Agriculture (excluding fallow land and kitchen gardens)
53521934,Yes,,,,,5.5,5.67,16.24,16.1,0,15.6,1.9,159.7,437,E20,U111,1,EL,EL6,EL61,EL612,Grassland without tree/shrub cover,Agriculture (excluding fallow land and kitchen gardens)
53561932,Yes,,,,,5.6,5.91,6.93,7.8,0,8.4,0.8,46.9,171,E10,U420,1,EL,EL6,EL61,EL612,Grassland with sparse tree/shrub cover,Semi-natural and natural areas not in use
54161916,Yes,,,,,8.1,9.2,39.2,6.2,133,8.4,0.8,130.2,54,B34,U111,1,EL,EL6,EL61,EL612,Cotton,Agriculture (excluding fallow land and kitchen gardens)
54001930,Yes,,,,,7.8,8.27,20,11.6,48,8.5,1.2,183.8,58,B34,U111,1,EL,EL6,EL61,EL612,Cotton,Agriculture (excluding fallow land and kitchen gardens)
53701830,Yes,,,,,6.4,6.55,6.94,12.5,1,5.2,1.1,113.7,674,C10,U120,1,EL,EL6,EL64,EL644,Broadleaved woodland,FORESTRY
53802006,Yes,,,,,7.4,7.47,10.63,8.6,9,24.9,0.8,163.3,244,B11,U111,2,EL,EL5,EL52,EL525,Common wheat,Agriculture (excluding fallow land and kitchen gardens)
53861912,Yes,,,,,6.4,6.65,9.94,13.1,0,15.6,1.2,469.1,122,E30,U111,1,EL,EL6,EL61,EL612,Spontaneously re-vegetated surfaces,Agriculture (excluding fallow land and kitchen gardens)
53881888,Yes,,,,,7,7.18,17.32,11.2,0,60.8,1.3,216.7,137,B34,U111,1,EL,EL6,EL61,EL612,Cotton,Agriculture (excluding fallow land and kitchen gardens)
53781892,Yes,,,,,7.4,7.95,19.04,11.6,6,28.6,1.4,328.1,113,B16,U111,1,EL,EL6,EL61,EL612,Maize,Agriculture (excluding fallow land and kitchen gardens)
53961906,Yes,,,,,7.7,7.98,16.62,20.6,217,30.6,2.5,1139.3,185,B74,U111,1,EL,EL6,EL61,EL612,Nuts trees,Agriculture (excluding fallow land and kitchen gardens)
54001922,Yes,,,,,7.6,8.22,12.53,7.8,2,14.1,1,161.3,73,B12,U111,1,EL,EL6,EL61,EL612,Durum wheat,Agriculture (excluding fallow land and kitchen gardens)
53641948,Yes,,,,,7.1,7.19,17.1,15.8,0,20,2,182.2,264,E30,U111,1,EL,EL6,EL61,EL612,Spontaneously re-vegetated surfaces,Agriculture (excluding fallow land and kitchen gardens)
57821498,Yes,,,,,7.2,7.26,18.3,33.5,12,7.9,3.4,96.8,395,B81,U111,2,EL,EL4,EL43,EL432,Olive groves,Agriculture (excluding fallow land and kitchen gardens)
54581828,Yes,,,,,7.9,8.29,17.59,12,207,8.4,1.1,384.3,18,F40,U111,1,EL,EL6,EL64,EL644,OTHER BARE SOIL,Agriculture (excluding fallow land and kitchen gardens)
55461754,Yes,,,,,7.5,7.79,17.5,27.2,107,9.9,2.8,368.6,207,D10,U420,2,EL,EL3,EL30,EL305,Shrubland with sparse tree cover,Semi-natural and natural areas not in use
55541752,Yes,,,,,7.4,7.61,15.83,18.7,286,6.8,1.6,71.2,199,B81,U111,2,EL,EL3,EL30,EL305,Olive groves,Agriculture (excluding fallow land and kitchen gardens)
55121774,Yes,,,,,7.8,8.3,15,17.5,361,10.9,0.7,239.7,73,E30,U410,2,EL,EL3,EL30,EL306,Spontaneously re-vegetated surfaces,Abandoned areas
55001760,Yes,,,,,7.7,8.04,20.1,29.5,492,7.7,2.7,366.6,27,C22,U420,2,EL,EL3,EL30,EL306,Pine dominated coniferous woodland,Semi-natural and natural areas not in use
54961762,Yes,,,,,7.6,7.92,27,24.1,460,81.4,2.1,636,35,B81,U111,2,EL,EL3,EL30,EL306,Olive groves,Agriculture (excluding fallow land and kitchen gardens)
55681492,Yes,,,,,7.6,7.95,19.27,18.2,545,19.7,2.7,416.6,54,B81,U111,1,EL,EL4,EL43,EL434,Olive groves,Agriculture (excluding fallow land and kitchen gardens)
55021774,Yes,,,,,7.5,7.62,20,54.3,146,6.9,5,328.8,305,D10,U420,2,EL,EL3,EL30,EL306,Shrubland with sparse tree cover,Semi-natural and natural areas not in use
56181488,Yes,,,,,7.4,7.5,31.4,93.3,217,11.6,6.3,301.1,41,C33,U420,1,EL,EL4,EL43,EL434,Other mixed woodland,Semi-natural and natural areas not in use
57841488,Yes,,,,,7.2,7.32,12.45,39.6,2,5,3.8,659.4,398,D10,U420,2,EL,EL4,EL43,EL432,Shrubland with sparse tree cover,Semi-natural and natural areas not in use
57981484,Yes,,,,,7.6,8.13,15.57,15.8,80,4.1,1.4,285.9,130,D20,U420,2,EL,EL4,EL43,EL432,Shrubland without tree cover,Semi-natural and natural areas not in use
57621488,Yes,,,,,7.6,7.94,17.81,31,134,4.7,2.6,392.5,69,C22,U420,2,EL,EL4,EL43,EL432,Pine dominated coniferous woodland,Semi-natural and natural areas not in use
55481792,Yes,,,,,7.5,7.8,19.2,45.7,81,4.7,2.6,347.8,236,C22,U420,2,EL,EL3,EL30,EL305,Pine dominated coniferous woodland,Semi-natural and natural areas not in use
54901768,Yes,,,,,7.8,8.14,28.5,22.2,535,27.4,2.6,412.7,247,B81,U111,2,EL,EL3,EL30,EL306,Olive groves,Agriculture (excluding fallow land and kitchen gardens)
54241754,Yes,,,,,7.6,7.94,21.5,29.4,351,5.7,2,182.1,691,D10,U420,2,EL,EL6,EL65,EL652,Shrubland with sparse tree cover,Semi-natural and natural areas not in use
55321790,Yes,,,,,7.2,7.45,18.75,60.7,10,8,4,470.8,521,C22,U120,2,EL,EL3,EL30,EL305,Pine dominated coniferous woodland,FORESTRY
54621864,Yes,,,,,7.3,7.63,17.74,25,134,30.5,2.5,479.6,31,B81,U111,2,EL,EL6,EL64,EL642,Olive groves,Agriculture (excluding fallow land and kitchen gardens)
53741832,Yes,,,,,6.5,6.75,10.9,24.4,1,16.6,2.5,291.2,891,E10,U111,1,EL,EL6,EL64,EL644,Grassland with sparse tree/shrub cover,Agriculture (excluding fallow land and kitchen gardens)
54761828,Yes,,,,,7.7,8.04,18.16,15.7,457,8,2,428.9,221,B81,U111,1,EL,EL6,EL64,EL644,Olive groves,Agriculture (excluding fallow land and kitchen gardens)
54481822,Yes,,,,,8,8.37,13.65,72.8,265,21.1,0.7,172.9,249,B74,U111,1,EL,EL6,EL64,EL644,Nuts trees,Agriculture (excluding fallow land and kitchen gardens)
54341854,Yes,,,,,6.6,6.96,14.87,33,7,36.9,3.2,270.2,129,B81,U111,1,EL,EL6,EL64,EL644,Olive groves,Agriculture (excluding fallow land and kitchen gardens)
54361858,Yes,,,,,6.6,6.96,12.9,12.5,1,13,1.4,108.6,188,B81,U111,1,EL,EL6,EL64,EL644,Olive groves,Agriculture (excluding fallow land and kitchen gardens)
55681794,Yes,,,,,7.7,8.56,10.94,0.2,106,5.1,0.4,19.6,20,G21,U420,4,EL,EL6,EL64,EL642,Inland fresh running water,Semi-natural and natural areas not in use
55661480,Yes,,,,,6.5,6.72,25.2,28.3,6,37.8,2.6,146.6,594,B81,U111,1,EL,EL4,EL43,EL434,Olive groves,Agriculture (excluding fallow land and kitchen gardens)
55121832,Yes,,,,,7.1,7.35,16.85,13.1,2,10.9,1.5,399.9,195,B74,U111,2,EL,EL6,EL64,EL642,Nuts trees,Agriculture (excluding fallow land and kitchen gardens)
53981902,Yes,,,,,7.6,7.97,21.4,15.9,134,15.2,1.7,552.2,239,B12,U111,1,EL,EL6,EL61,EL612,Durum wheat,Agriculture (excluding fallow land and kitchen gardens)
54781870,Yes,,,,,7.6,7.84,24.4,25.9,71,5.5,1.9,156.7,13,B81,U111,1,EL,EL6,EL64,EL642,Olive groves,Agriculture (excluding fallow land and kitchen gardens)
55041806,Yes,,,,,7.8,8.25,15.52,11.9,378,4.2,1.1,144,238,C22,U420,1,EL,EL6,EL64,EL642,Pine dominated coniferous woodland,Semi-natural and natural areas not in use
55941496,Yes,,,,,7.7,8.23,14.7,11.5,238,9.2,0.6,74.1,72,D20,U420,2,EL,EL4,EL43,EL434,Shrubland without tree cover,Semi-natural and natural areas not in use
55801498,Yes,,,,,7.6,8.13,10.22,9,32,3.5,1,44.8,14,B81,U111,1,EL,EL4,EL43,EL434,Olive groves,Agriculture (excluding fallow land and kitchen gardens)
56101494,Yes,,,,,7.6,7.97,13.3,11,96,22.9,1.4,208.9,16,B76,U111,1,EL,EL4,EL43,EL434,Oranges,Agriculture (excluding fallow land and kitchen gardens)
56081496,Yes,,,,,7.4,7.67,16.48,38.9,8,5.6,3.8,539.2,106,D20,U111,2,EL,EL4,EL43,EL434,Shrubland without tree cover,Agriculture (excluding fallow land and kitchen gardens)
55181826,Yes,,,,,7.1,7.44,13.3,18.7,4,16.3,1.7,285.1,143,C22,U120,2,EL,EL6,EL64,EL642,Pine dominated coniferous woodland,FORESTRY
53341920,Yes,,,,,4.8,5.1,9.43,10,0,3.7,1.2,83.4,356,D10,U420,1,EL,EL6,EL61,EL611,Shrubland with sparse tree cover,Semi-natural and natural areas not in use
53241716,Yes,,,,,5.9,6.04,11.02,16.2,0,16,1.7,226,54,B81,U111,2,EL,EL6,EL63,EL633,Olive groves,Agriculture (excluding fallow land and kitchen gardens)
53922004,Yes,,,,,7.9,8.7,78.2,11.1,74,15,1.5,457.9,10,B34,U111,1,EL,EL5,EL52,EL525,Cotton,Agriculture (excluding fallow land and kitchen gardens)
53881902,Yes,,,,,7.5,7.86,19.18,17,300,9.7,2,669.3,216,B12,U111,1,EL,EL6,EL61,EL612,Durum wheat,Agriculture (excluding fallow land and kitchen gardens)
53721990,Yes,,,,,7.5,7.81,42.7,17.3,267,21.1,2.2,332.9,273,B73,U111,3,EL,EL5,EL52,EL525,Cherry fruit,Agriculture (excluding fallow land and kitchen gardens)
55281818,Yes,,,,,7.3,7.65,17,13.9,6,0,1.3,293.2,510,D20,U420,3,EL,EL6,EL64,EL642,Shrubland without tree cover,Semi-natural and natural areas not in use
53921658,Yes,,,,,6,6.17,7.62,15.4,0,9.4,1.8,186.5,118,B81,U111,1,EL,EL6,EL65,EL653,Olive groves,Agriculture (excluding fallow land and kitchen gardens)
54921782,Yes,,,,,6.8,7.06,17.4,42.6,5,5.3,4.2,744.1,644,D20,U420,2,EL,EL3,EL30,EL306,Shrubland without tree cover,Semi-natural and natural areas not in use
56662180,Yes,,,,,5.5,5.85,4.45,4.3,0,18.2,0.6,91.1,61,E30,U112,1,EL,EL5,EL51,EL511,Spontaneously re-vegetated surfaces,Fallow land
