Point_ID,Revisited_point,Coarse,Clay,Sand,Silt,pH(CaCl2),pH(H2O),EC,OC,CaCO3,P,N,K,Elevation,LC1,LU1,Soil_Stones,NUTS_0,NUTS_1,NUTS_2,NUTS_3,LC1_Desc,LU1_Desc
52483744,No,13,13,57,30,4.9,5.27,12.81,9.1,0,15.1,1.2,56.4,80,B11,U111,1,LT,LT0,LT02,LT025,Common wheat,Agriculture (excluding fallow land and kitchen gardens)
52803628,No,28,20,43,37,7,7.31,12.88,13.6,3,7.1,1.5,69.8,137,F40,U111,1,LT,LT0,LT01,LT011,OTHER BARE SOIL,Agriculture (excluding fallow land and kitchen gardens)
51143722,No,4,14,40,46,5.9,6.15,39.6,30.7,1,24.7,3.3,62.5,131,B32,U111,2,LT,LT0,LT02,LT026,Rape and turnip rape,Agriculture (excluding fallow land and kitchen gardens)
51783768,No,7,17,37,46,7.2,7.67,20.9,28.7,64,13.8,2.3,85.3,47,B11,U111,1,LT,LT0,LT02,LT026,Common wheat,Agriculture (excluding fallow land and kitchen gardens)
51423570,No,6,13,24,63,6.9,7.16,38.9,165,18,45,12.4,275.8,99,B11,U111,1,LT,LT0,LT02,LT024,Common wheat,Agriculture (excluding fallow land and kitchen gardens)
51743706,No,29,9,41,49,6.4,6.65,63.1,308.2,6,30,21.2,151.6,119,C10,U420,1,LT,LT0,LT02,LT026,Broadleaved woodland,Semi-natural and natural areas not in use
51223716,No,13,11,51,37,6.2,6.49,14.8,21.5,1,93.1,2.3,199.7,114,B11,U111,1,LT,LT0,LT02,LT026,Common wheat,Agriculture (excluding fallow land and kitchen gardens)
50243722,No,12,23,36,41,6.9,7.17,11.88,18,3,10.9,1.8,97.8,41,B11,U111,1,LT,LT0,LT02,LT023,Common wheat,Agriculture (excluding fallow land and kitchen gardens)
50783758,No,15,6,62,32,3.2,3.82,33.5,457.6,0,42.1,13.6,188.5,83,C32,U120,1,LT,LT0,LT02,LT028,Pine dominated mixed woodland,FORESTRY
50683680,No,15,17,45,38,4.7,5.15,4.88,18.5,0,4.2,1.6,49.5,11,E20,U111,1,LT,LT0,LT02,LT028,Grassland without tree/shrub cover,Agriculture (excluding fallow land and kitchen gardens)
50743686,No,8,15,41,44,3.4,3.76,17.24,50.5,0,15.7,2.7,49.6,111,C31,U120,1,LT,LT0,LT02,LT028,Spruce dominated mixed woodland,FORESTRY
50303656,No,7,9,46,45,4.8,5.11,51.3,261.6,0,36.7,18.3,117.6,-3,B16,U111,1,LT,LT0,LT02,LT023,Maize,Agriculture (excluding fallow land and kitchen gardens)
52643750,No,20,17,41,41,6.8,7.15,9.8,13.4,2,12.9,1.4,67.7,97,B11,U111,1,LT,LT0,LT02,LT025,Common wheat,Agriculture (excluding fallow land and kitchen gardens)
52723768,No,10,7,56,37,6.2,6.41,18.28,26.8,1,10.6,2.8,35,87,E20,U111,1,LT,LT0,LT02,LT025,Grassland without tree/shrub cover,Agriculture (excluding fallow land and kitchen gardens)
52683638,No,6,11,40,49,6.6,6.83,10.52,15.6,1,7.6,1.6,60,116,C10,U120,1,LT,LT0,LT01,LT011,Broadleaved woodland,FORESTRY
52503606,No,4,17,51,33,5.6,5.95,7.15,15.1,1,8,1.6,119.3,148,E20,U111,1,LT,LT0,LT01,LT011,Grassland without tree/shrub cover,Agriculture (excluding fallow land and kitchen gardens)
52543650,No,,11,54,34,6.9,7.11,14.2,13.3,1,18.4,1.4,165,126,E20,U111,1,LT,LT0,LT01,LT011,Grassland without tree/shrub cover,Agriculture (excluding fallow land and kitchen gardens)
51963688,Yes,,,,,7.1,7.48,14.31,21.1,26,19.1,2.2,53.4,71,B53,U111,1,LT,LT0,LT02,LT025,Other Leguminous  and mixtures for fodder,Agriculture (excluding fallow land and kitchen gardens)
51903736,Yes,,,,,6,6.31,10.66,31.1,1,6.9,2.9,39.8,58,C31,U120,1,LT,LT0,LT02,LT026,Spruce dominated mixed woodland,FORESTRY
51583734,Yes,,,,,7.3,7.65,13.82,15.1,24,9.9,1.5,79.1,103,B41,U111,1,LT,LT0,LT02,LT026,Dry pulses,Agriculture (excluding fallow land and kitchen gardens)
51763698,Yes,,,,,7.2,7.52,10.44,12.6,10,9.4,1.4,90.3,120,B14,U111,1,LT,LT0,LT02,LT026,Rye,Agriculture (excluding fallow land and kitchen gardens)
51703708,Yes,,,,,3.3,3.95,10.47,30.8,0,17.1,1.8,52.3,123,C31,U120,1,LT,LT0,LT02,LT026,Spruce dominated mixed woodland,FORESTRY
51563710,Yes,,,,,7,7.23,15.27,17.3,9,21.8,1.8,151,131,B13,U111,1,LT,LT0,LT02,LT026,Barley,Agriculture (excluding fallow land and kitchen gardens)
51743714,Yes,,,,,7.1,7.43,12.42,19.9,8,17.4,2.2,102.4,113,B11,U111,1,LT,LT0,LT02,LT026,Common wheat,Agriculture (excluding fallow land and kitchen gardens)
51783710,Yes,,,,,6.8,6.95,13.72,10.8,2,29,1.3,105.8,104,B11,U111,1,LT,LT0,LT02,LT026,Common wheat,Agriculture (excluding fallow land and kitchen gardens)
52103706,Yes,,,,,7,7.23,13.61,35.3,34,37.4,3.4,126.9,49,B14,U111,1,LT,LT0,LT02,LT025,Rye,Agriculture (excluding fallow land and kitchen gardens)
51983736,Yes,,,,,6.9,7.14,8.23,17.5,2,12.4,1.9,49.9,53,B55,U111,1,LT,LT0,LT02,LT025,Temporary grassland,Agriculture (excluding fallow land and kitchen gardens)
51883690,Yes,,,,,7.2,7.5,20.6,25.9,32,32.3,2.6,170.5,89,B22,U111,1,LT,LT0,LT02,LT026,Sugar beet,Agriculture (excluding fallow land and kitchen gardens)
51923724,Yes,,,,,7.1,7.36,16.19,24.4,15,39.3,2.2,170,66,B11,U111,1,LT,LT0,LT02,LT026,Common wheat,Agriculture (excluding fallow land and kitchen gardens)
52003714,Yes,,,,,7.2,7.51,8.34,13.8,6,27.9,1.4,119.3,56,B41,U111,1,LT,LT0,LT02,LT025,Dry pulses,Agriculture (excluding fallow land and kitchen gardens)
52043736,Yes,,,,,7.3,7.66,12.56,12,10,6.3,1.4,71.4,48,B21,U111,1,LT,LT0,LT02,LT025,Potatoes,Agriculture (excluding fallow land and kitchen gardens)
52383710,Yes,,,,,7.2,7.54,13.57,18.4,20,12.1,1.6,44.6,77,B15,U111,1,LT,LT0,LT02,LT029,Oats,Agriculture (excluding fallow land and kitchen gardens)
52503728,Yes,,,,,5.2,5.6,13.44,32,0,9.7,2.5,31.5,113,C33,U120,1,LT,LT0,LT02,LT025,Other mixed woodland,FORESTRY
52023728,Yes,,,,,7.2,7.47,16.21,18.7,15,23.2,1.9,200.5,54,B13,U111,1,LT,LT0,LT02,LT025,Barley,Agriculture (excluding fallow land and kitchen gardens)
52203656,Yes,,,,,6.8,6.98,9.89,24.7,1,16.6,2.6,91.4,67,B11,U111,1,LT,LT0,LT02,LT022,Common wheat,Agriculture (excluding fallow land and kitchen gardens)
51743652,Yes,,,,,7.2,7.52,17.41,18.1,18,6.1,1.7,121.4,52,C10,U420,1,LT,LT0,LT02,LT022,Broadleaved woodland,Semi-natural and natural areas not in use
51743642,Yes,,,,,7.2,7.56,16.12,18.3,44,4.2,1.8,107.2,64,C10,U420,1,LT,LT0,LT02,LT027,Broadleaved woodland,Semi-natural and natural areas not in use
51863646,Yes,,,,,7.5,8,16.16,14,154,4.4,0.9,82.8,70,B41,U111,1,LT,LT0,LT02,LT022,Dry pulses,Agriculture (excluding fallow land and kitchen gardens)
52143652,Yes,,,,,6.9,7.34,13.03,12.7,3,10.2,1.4,95.7,61,B32,U111,1,LT,LT0,LT02,LT022,Rape and turnip rape,Agriculture (excluding fallow land and kitchen gardens)
52063672,Yes,,,,,7.1,7.53,11.8,14.4,15,21,1.4,102.8,48,B11,U111,1,LT,LT0,LT02,LT022,Common wheat,Agriculture (excluding fallow land and kitchen gardens)
51743678,Yes,,,,,7.1,7.41,13.31,19.5,9,24.4,1.8,181.1,105,B11,U111,1,LT,LT0,LT02,LT026,Common wheat,Agriculture (excluding fallow land and kitchen gardens)
51943644,Yes,,,,,7.3,7.63,19.63,19.9,26,22.7,2.2,132,49,B13,U111,1,LT,LT0,LT02,LT022,Barley,Agriculture (excluding fallow land and kitchen gardens)
51743746,Yes,,,,,7,7.22,10.26,24.2,4,4.7,2.6,245.6,67,E20,U111,1,LT,LT0,LT02,LT026,Grassland without tree/shrub cover,Agriculture (excluding fallow land and kitchen gardens)
52123680,Yes,,,,,6.8,7.27,12.29,21,45,26.2,2,198.4,58,E20,U111,1,LT,LT0,LT02,LT022,Grassland without tree/shrub cover,Agriculture (excluding fallow land and kitchen gardens)
52183668,Yes,,,,,7,7.17,15.21,28.8,7,16.9,3.1,81.6,60,E30,U111,1,LT,LT0,LT02,LT022,Spontaneously re-vegetated surfaces,Agriculture (excluding fallow land and kitchen gardens)
52223686,Yes,,,,,7.1,7.47,13.14,15.8,66,29.2,1.5,84,68,B11,U111,1,LT,LT0,LT02,LT025,Common wheat,Agriculture (excluding fallow land and kitchen gardens)
51983664,Yes,,,,,6.8,7.05,14.53,17.9,4,103,2.1,389.6,53,B11,U111,1,LT,LT0,LT02,LT022,Common wheat,Agriculture (excluding fallow land and kitchen gardens)
52123698,Yes,,,,,6.8,7.05,14.31,23,24,245.4,2.5,297.5,56,B11,U111,1,LT,LT0,LT02,LT025,Common wheat,Agriculture (excluding fallow land and kitchen gardens)
51823686,Yes,,,,,7.1,7.21,15.12,27.3,8,20.5,2.9,102,102,B13,U111,1,LT,LT0,LT02,LT026,Barley,Agriculture (excluding fallow land and kitchen gardens)
52023674,Yes,,,,,7.2,7.5,18.07,18.9,41,47.3,2,176.9,55,B41,U111,1,LT,LT0,LT02,LT022,Dry pulses,Agriculture (excluding fallow land and kitchen gardens)
52483726,Yes,,,,,6.8,6.95,23.4,33.3,3,19.1,3.4,85.9,91,B13,U111,1,LT,LT0,LT02,LT025,Barley,Agriculture (excluding fallow land and kitchen gardens)
52283750,Yes,,,,,7.1,7.45,11.81,18.1,13,15.7,1.7,69.6,54,E20,U111,1,LT,LT0,LT02,LT025,Grassland without tree/shrub cover,Agriculture (excluding fallow land and kitchen gardens)
52363758,Yes,,,,,7.1,7.44,15.52,30.9,50,13,2.6,113.1,61,E20,U111,1,LT,LT0,LT02,LT025,Grassland without tree/shrub cover,Agriculture (excluding fallow land and kitchen gardens)
52523772,Yes,,,,,4.3,4.83,5.5,13.6,1,10.2,1.3,23.8,79,C31,U120,1,LT,LT0,LT02,LT025,Spruce dominated mixed woodland,FORESTRY
52143746,Yes,,,,,6.2,6.55,8.35,14.7,0,10,1.7,164.5,40,B11,U111,1,LT,LT0,LT02,LT025,Common wheat,Agriculture (excluding fallow land and kitchen gardens)
51783760,Yes,,,,,7.2,7.67,20.2,15.8,15,10.5,1.6,97.7,53,B11,U111,1,LT,LT0,LT02,LT026,Common wheat,Agriculture (excluding fallow land and kitchen gardens)
52223776,Yes,,,,,7,7.22,10.14,21.2,6,23.8,2.1,75.4,55,E20,U111,1,LT,LT0,LT02,LT025,Grassland without tree/shrub cover,Agriculture (excluding fallow land and kitchen gardens)
51863740,Yes,,,,,7.3,7.72,15.73,18.6,70,5.9,2.1,159.8,56,E20,U111,1,LT,LT0,LT02,LT026,Grassland without tree/shrub cover,Agriculture (excluding fallow land and kitchen gardens)
51823750,Yes,,,,,7.1,7.36,33,66.2,21,32.6,5.9,156.4,59,B11,U111,1,LT,LT0,LT02,LT026,Common wheat,Agriculture (excluding fallow land and kitchen gardens)
52323746,Yes,,,,,7.2,7.61,12.43,16.5,18,28.4,1.7,200.3,60,B11,U111,1,LT,LT0,LT02,LT025,Common wheat,Agriculture (excluding fallow land and kitchen gardens)
52383746,Yes,,,,,7.2,7.47,11.12,12.5,10,26.5,1.3,103.3,70,B18,U111,1,LT,LT0,LT02,LT025,Triticale,Agriculture (excluding fallow land and kitchen gardens)
52423744,Yes,,,,,6.8,7.15,26,16.1,9,78.7,1.5,173.9,74,E20,U111,1,LT,LT0,LT02,LT025,Grassland without tree/shrub cover,Agriculture (excluding fallow land and kitchen gardens)
52423748,Yes,,,,,6.5,6.81,11.87,10.7,1,27.6,1.2,219.3,77,F40,U112,1,LT,LT0,LT02,LT025,OTHER BARE SOIL,Fallow land
52263754,Yes,,,,,7.2,7.39,28.6,52.8,44,22.2,4.5,52.4,53,B13,U111,1,LT,LT0,LT02,LT025,Barley,Agriculture (excluding fallow land and kitchen gardens)
51943752,Yes,,,,,7,7.25,11.96,23.1,3,9.7,2.6,170.2,58,E20,U111,1,LT,LT0,LT02,LT025,Grassland without tree/shrub cover,Agriculture (excluding fallow land and kitchen gardens)
52023764,Yes,,,,,7.3,7.73,15.02,22,20,11.3,2.3,125.6,42,B11,U111,1,LT,LT0,LT02,LT025,Common wheat,Agriculture (excluding fallow land and kitchen gardens)
51723772,Yes,,,,,7.3,7.64,16.38,17,20,38.4,1.7,99.4,46,B13,U111,1,LT,LT0,LT02,LT026,Barley,Agriculture (excluding fallow land and kitchen gardens)
51823768,Yes,,,,,7.2,7.42,22.6,39.3,21,24.6,3.6,67.1,48,B13,U111,1,LT,LT0,LT02,LT026,Barley,Agriculture (excluding fallow land and kitchen gardens)
51503754,Yes,,,,,7,7.27,24.2,27.5,2,16.3,3,93.2,81,B41,U111,1,LT,LT0,LT02,LT026,Dry pulses,Agriculture (excluding fallow land and kitchen gardens)
51583744,Yes,,,,,7.3,7.6,24.6,48.9,103,31.8,3.6,109.1,81,B41,U111,1,LT,LT0,LT02,LT026,Dry pulses,Agriculture (excluding fallow land and kitchen gardens)
51603750,Yes,,,,,7.2,7.5,13.69,24.8,38,8.5,2.2,60.4,80,E20,U111,1,LT,LT0,LT02,LT026,Grassland without tree/shrub cover,Agriculture (excluding fallow land and kitchen gardens)
52143764,Yes,,,,,7.1,7.37,25.3,22.5,5,26.3,2.3,146.9,47,B16,U111,1,LT,LT0,LT02,LT025,Maize,Agriculture (excluding fallow land and kitchen gardens)
51983700,Yes,,,,,7.3,7.76,15.25,11.4,18,19.1,1.1,77.8,70,B11,U111,1,LT,LT0,LT02,LT026,Common wheat,Agriculture (excluding fallow land and kitchen gardens)
51623628,Yes,,,,,7.2,7.4,16.63,18.3,16,45.9,2.2,250.3,62,B11,U111,1,LT,LT0,LT02,LT024,Common wheat,Agriculture (excluding fallow land and kitchen gardens)
51463668,Yes,,,,,5.8,6.39,7.69,16.7,1,37.9,1.8,98.7,112,B11,U111,1,LT,LT0,LT02,LT022,Common wheat,Agriculture (excluding fallow land and kitchen gardens)
51523690,Yes,,,,,6.6,7.15,10.13,11,1,21.1,1.3,152.8,132,B11,U111,1,LT,LT0,LT02,LT026,Common wheat,Agriculture (excluding fallow land and kitchen gardens)
51563688,Yes,,,,,6.1,6.27,17.5,93.6,0,30,7.3,105.8,129,C10,U120,1,LT,LT0,LT02,LT026,Broadleaved woodland,FORESTRY
51603688,Yes,,,,,4.5,5.21,5.04,9.9,0,22.7,1,64.4,141,B13,U111,1,LT,LT0,LT02,LT026,Barley,Agriculture (excluding fallow land and kitchen gardens)
51563670,Yes,,,,,4.5,4.84,4.07,10.9,0,14.2,1.3,62.3,104,B11,U111,1,LT,LT0,LT02,LT022,Common wheat,Agriculture (excluding fallow land and kitchen gardens)
50523746,Yes,,,,,5.9,6.13,13.07,17.1,0,35.4,1.8,283.7,101,E30,U112,1,LT,LT0,LT02,LT023,Spontaneously re-vegetated surfaces,Fallow land
51703648,Yes,,,,,5.7,5.92,5.16,15.2,0,9.8,1.6,106.6,87,E20,U111,1,LT,LT0,LT02,LT022,Grassland without tree/shrub cover,Agriculture (excluding fallow land and kitchen gardens)
51523666,Yes,,,,,6.4,6.77,12,22.2,0,14,2.5,86,112,F40,U111,1,LT,LT0,LT02,LT022,OTHER BARE SOIL,Agriculture (excluding fallow land and kitchen gardens)
51583630,Yes,,,,,6.3,6.52,4.33,10,0,13.3,1,43.5,33,C31,U120,1,LT,LT0,LT02,LT024,Spruce dominated mixed woodland,FORESTRY
51503628,Yes,,,,,7.1,7.12,24.5,21.8,4,11.7,2.4,53.5,60,B11,U111,1,LT,LT0,LT02,LT024,Common wheat,Agriculture (excluding fallow land and kitchen gardens)
51423742,Yes,,,,,7.2,7.28,22.7,35.4,38,9.8,3.5,52.8,101,E20,U111,1,LT,LT0,LT02,LT026,Grassland without tree/shrub cover,Agriculture (excluding fallow land and kitchen gardens)
51163690,Yes,,,,,5.8,5.75,56.4,17.8,1,79.8,2.2,195.5,145,E30,U111,1,LT,LT0,LT02,LT026,Spontaneously re-vegetated surfaces,Agriculture (excluding fallow land and kitchen gardens)
51223726,Yes,,,,,3.7,4.06,10.93,43.7,0,21.4,3.1,44.6,95,C10,U120,1,LT,LT0,LT02,LT026,Broadleaved woodland,FORESTRY
51423724,Yes,,,,,7,7.02,8.11,20.8,6,7.6,2.2,52.3,116,E20,U111,1,LT,LT0,LT02,LT026,Grassland without tree/shrub cover,Agriculture (excluding fallow land and kitchen gardens)
51663648,Yes,,,,,5.8,5.9,8.3,26,0,12.3,2.5,62.1,89,B11,U111,1,LT,LT0,LT02,LT022,Common wheat,Agriculture (excluding fallow land and kitchen gardens)
51423634,Yes,,,,,7,7.24,7.47,11.6,2,10.4,1.4,126.8,53,B11,U111,1,LT,LT0,LT02,LT027,Common wheat,Agriculture (excluding fallow land and kitchen gardens)
51323646,Yes,,,,,4.1,4.58,6.08,25.9,0,15.4,2.1,64.7,53,C10,U120,1,LT,LT0,LT02,LT027,Broadleaved woodland,FORESTRY
51323650,Yes,,,,,6.4,6.52,7.69,22.7,1,7.6,2.3,108.7,53,B54,U111,1,LT,LT0,LT02,LT027,Mix of cereals,Agriculture (excluding fallow land and kitchen gardens)
51323664,Yes,,,,,6.3,6.5,6.53,16.3,1,25.8,1.6,144.6,99,B11,U111,1,LT,LT0,LT02,LT022,Common wheat,Agriculture (excluding fallow land and kitchen gardens)
51303674,Yes,,,,,5.6,6.05,16.13,21.1,1,23.7,2.1,219.1,136,B11,U111,1,LT,LT0,LT02,LT026,Common wheat,Agriculture (excluding fallow land and kitchen gardens)
51323682,Yes,,,,,6.6,6.8,7.32,18.9,2,34.3,1.9,71.4,123,E20,U111,1,LT,LT0,LT02,LT026,Grassland without tree/shrub cover,Agriculture (excluding fallow land and kitchen gardens)
51403684,Yes,,,,,6.9,7.22,9.09,9.6,2,10.9,1,63.8,80,D10,U120,1,LT,LT0,LT02,LT026,Shrubland with sparse tree cover,FORESTRY
51483666,Yes,,,,,6.5,6.82,6.54,19.4,1,13.7,2.2,60.1,110,B13,U111,1,LT,LT0,LT02,LT022,Barley,Agriculture (excluding fallow land and kitchen gardens)
51403654,Yes,,,,,5.2,5.71,6.36,15.3,0,51.5,1.6,131.2,62,B23,U113,1,LT,LT0,LT02,LT022,Other root crops,Kitchen gardens
51503668,Yes,,,,,3.8,4.55,6.92,41.9,2,23.6,3.2,49.9,124,C31,U120,1,LT,LT0,LT02,LT022,Spruce dominated mixed woodland,FORESTRY
51463642,Yes,,,,,6.6,7.04,6.75,19.6,1,4.9,2,70.1,61,E20,U111,1,LT,LT0,LT02,LT027,Grassland without tree/shrub cover,Agriculture (excluding fallow land and kitchen gardens)
51603634,Yes,,,,,7.2,7.43,16.2,17.5,19,13.7,1.8,63.3,70,B11,U111,1,LT,LT0,LT02,LT027,Common wheat,Agriculture (excluding fallow land and kitchen gardens)
51663638,Yes,,,,,5.1,5.73,17.23,81.1,0,27.2,6.8,46.6,64,C10,U120,1,LT,LT0,LT02,LT027,Broadleaved woodland,FORESTRY
51583644,Yes,,,,,7.1,7.48,20.7,25.9,49,6,2.3,60.5,81,C10,U120,1,LT,LT0,LT02,LT027,Broadleaved woodland,FORESTRY
51603652,Yes,,,,,4.4,5.28,4.87,8.8,0,43,0.9,41.2,109,C21,U120,1,LT,LT0,LT02,LT022,Spruce dominated coniferous woodland,FORESTRY
51343702,Yes,,,,,3.8,4.11,6.03,28.5,0,21.9,2,30.6,189,C31,U120,1,LT,LT0,LT02,LT026,Spruce dominated mixed woodland,FORESTRY
51383678,Yes,,,,,6.3,6.47,7.03,16.2,0,5.1,1.7,107.3,121,E20,U111,1,LT,LT0,LT02,LT026,Grassland without tree/shrub cover,Agriculture (excluding fallow land and kitchen gardens)
51423692,Yes,,,,,7,7.12,11.94,19.5,6,10.4,2.1,52.4,111,B41,U111,1,LT,LT0,LT02,LT026,Dry pulses,Agriculture (excluding fallow land and kitchen gardens)
51403770,Yes,,,,,6.5,6.73,7.56,8.9,3,18,1.1,138.6,74,B11,U111,1,LT,LT0,LT02,LT026,Common wheat,Agriculture (excluding fallow land and kitchen gardens)
51443772,Yes,,,,,6.9,7.07,11.38,35.1,8,31.4,3.4,144.3,55,B13,U111,1,LT,LT0,LT02,LT026,Barley,Agriculture (excluding fallow land and kitchen gardens)
50863744,Yes,,,,,7.1,7.66,15.18,18.5,108,46.1,1.5,188.4,84,E20,U111,1,LT,LT0,LT02,LT028,Grassland without tree/shrub cover,Agriculture (excluding fallow land and kitchen gardens)
51063760,Yes,,,,,6.8,7.05,13.84,13.2,5,10.1,1.5,103.6,82,B11,U111,1,LT,LT0,LT02,LT026,Common wheat,Agriculture (excluding fallow land and kitchen gardens)
50943764,Yes,,,,,7,7.11,17.7,11.7,3,15.6,1.3,139.4,85,B41,U111,1,LT,LT0,LT02,LT028,Dry pulses,Agriculture (excluding fallow land and kitchen gardens)
50903736,Yes,,,,,7.2,7.55,16,21.3,10,9,2.1,69.1,101,B13,U111,1,LT,LT0,LT02,LT028,Barley,Agriculture (excluding fallow land and kitchen gardens)
51063764,Yes,,,,,7.2,7.53,13.63,29.5,16,10.1,2.9,82.6,80,B11,U111,1,LT,LT0,LT02,LT026,Common wheat,Agriculture (excluding fallow land and kitchen gardens)
51383760,Yes,,,,,7.3,7.68,17.81,15.5,34,11.5,1.7,114.7,85,B13,U111,1,LT,LT0,LT02,LT026,Barley,Agriculture (excluding fallow land and kitchen gardens)
50363718,Yes,,,,,5.7,5.87,7.48,15.9,1,24.7,1.6,111.7,59,E20,U111,1,LT,LT0,LT02,LT023,Grassland without tree/shrub cover,Agriculture (excluding fallow land and kitchen gardens)
50263708,Yes,,,,,6.8,6.94,11.6,16.4,3,21.1,1.7,69.2,35,B13,U111,1,LT,LT0,LT02,LT023,Barley,Agriculture (excluding fallow land and kitchen gardens)
50363736,Yes,,,,,5.9,6.13,13.9,26.7,1,10.1,2.5,25.3,35,C10,U120,1,LT,LT0,LT02,LT023,Broadleaved woodland,FORESTRY
50383732,Yes,,,,,6,6.11,12.85,25.6,0,11.5,2.6,65.1,58,B15,U111,1,LT,LT0,LT02,LT023,Oats,Agriculture (excluding fallow land and kitchen gardens)
50343732,Yes,,,,,7.1,7.23,13.29,18.6,8,10.1,1.9,59.7,48,E20,U111,1,LT,LT0,LT02,LT023,Grassland without tree/shrub cover,Agriculture (excluding fallow land and kitchen gardens)
51763654,Yes,,,,,7.1,7.34,18.66,19.2,4,12.2,2.1,141.9,86,B16,U111,1,LT,LT0,LT02,LT022,Maize,Agriculture (excluding fallow land and kitchen gardens)
50843760,Yes,,,,,6.9,7.06,9.62,29.5,3,10.7,3.1,125.5,77,E20,U111,1,LT,LT0,LT02,LT028,Grassland without tree/shrub cover,Agriculture (excluding fallow land and kitchen gardens)
51543736,Yes,,,,,6.6,6.96,21,13.5,1,10.1,1.5,32,97,B55,U111,1,LT,LT0,LT02,LT026,Temporary grassland,Agriculture (excluding fallow land and kitchen gardens)
51183646,Yes,,,,,6.9,7.05,7.64,14.2,2,4.3,1.5,88.8,47,E30,U112,1,LT,LT0,LT02,LT027,Spontaneously re-vegetated surfaces,Fallow land
51203750,Yes,,,,,6.5,6.5,18.05,82.8,1,18.4,6.1,101.9,79,D10,U120,1,LT,LT0,LT02,LT026,Shrubland with sparse tree cover,FORESTRY
50983738,Yes,,,,,6.9,7.05,11.96,33.1,5,12.3,2.8,87.4,86,B11,U111,1,LT,LT0,LT02,LT028,Common wheat,Agriculture (excluding fallow land and kitchen gardens)
51063714,Yes,,,,,6.9,7.05,41.5,25.2,12,13.1,2.9,95.7,120,B21,U111,1,LT,LT0,LT02,LT028,Potatoes,Agriculture (excluding fallow land and kitchen gardens)
51183718,Yes,,,,,5.2,5.52,11.19,14,0,7.6,1.6,69.9,124,E20,U111,1,LT,LT0,LT02,LT026,Grassland without tree/shrub cover,Agriculture (excluding fallow land and kitchen gardens)
51243714,Yes,,,,,5.8,6.03,11.83,9.5,0,27.6,1.2,105.7,105,E30,U112,1,LT,LT0,LT02,LT026,Spontaneously re-vegetated surfaces,Fallow land
51163744,Yes,,,,,6.9,7.23,21.6,29.8,12,38.4,2.9,72.9,94,B14,U111,1,LT,LT0,LT02,LT026,Rye,Agriculture (excluding fallow land and kitchen gardens)
51523730,Yes,,,,,7.2,7.42,21.6,42.5,21,28.4,4.4,132.9,108,B11,U111,1,LT,LT0,LT02,LT026,Common wheat,Agriculture (excluding fallow land and kitchen gardens)
51423714,Yes,,,,,5.7,5.96,13.47,52.8,0,17.3,4.5,75.8,126,C10,U120,1,LT,LT0,LT02,LT026,Broadleaved woodland,FORESTRY
51023696,Yes,,,,,5.8,6,6.11,13.8,0,20.8,1.5,88.1,183,E20,U111,1,LT,LT0,LT02,LT028,Grassland without tree/shrub cover,Agriculture (excluding fallow land and kitchen gardens)
51063710,Yes,,,,,5.9,6.13,14.1,18.3,0,18.1,2.1,223.9,130,E20,U111,1,LT,LT0,LT02,LT028,Grassland without tree/shrub cover,Agriculture (excluding fallow land and kitchen gardens)
51203696,Yes,,,,,6.3,6.39,8.35,22.2,1,9.6,2.3,182.6,129,E20,U111,1,LT,LT0,LT02,LT026,Grassland without tree/shrub cover,Agriculture (excluding fallow land and kitchen gardens)
51243732,Yes,,,,,7.2,7.54,17.55,14.1,10,13.9,1.4,61.7,100,B11,U111,1,LT,LT0,LT02,LT026,Common wheat,Agriculture (excluding fallow land and kitchen gardens)
51223738,Yes,,,,,7.2,7.57,11.26,20.9,41,15.3,2,59.8,108,B55,U111,1,LT,LT0,LT02,LT026,Temporary grassland,Agriculture (excluding fallow land and kitchen gardens)
51263754,Yes,,,,,7.5,7.98,11.01,14.7,77,13.9,1.4,75.5,87,B11,U111,1,LT,LT0,LT02,LT026,Common wheat,Agriculture (excluding fallow land and kitchen gardens)
51123710,Yes,,,,,7.3,7.72,18.61,12,64,7.9,1.2,121.3,113,E20,U111,2,LT,LT0,LT02,LT026,Grassland without tree/shrub cover,Agriculture (excluding fallow land and kitchen gardens)
51723574,Yes,,,,,7,7.41,11.14,16.5,13,29.3,1.8,70.5,79,B11,U111,1,LT,LT0,LT02,LT024,Common wheat,Agriculture (excluding fallow land and kitchen gardens)
52003578,Yes,,,,,5.8,6.04,5.71,15.6,0,51.9,1.6,80.8,99,E20,U111,1,LT,LT0,LT02,LT024,Grassland without tree/shrub cover,Agriculture (excluding fallow land and kitchen gardens)
51623610,Yes,,,,,7.1,7.25,11.48,14.7,24,13,1.6,74.4,58,B13,U111,1,LT,LT0,LT02,LT024,Barley,Agriculture (excluding fallow land and kitchen gardens)
51683596,Yes,,,,,6.9,7.1,14.23,32.2,7,40.6,3.5,136,50,B11,U111,1,LT,LT0,LT02,LT024,Common wheat,Agriculture (excluding fallow land and kitchen gardens)
51663594,Yes,,,,,7.3,7.6,11.62,17.6,34,13.6,2,76.4,47,B11,U111,1,LT,LT0,LT02,LT024,Common wheat,Agriculture (excluding fallow land and kitchen gardens)
51723592,Yes,,,,,7.2,7.44,21.4,16.9,17,21.6,1.6,119.3,51,B22,U111,1,LT,LT0,LT02,LT024,Sugar beet,Agriculture (excluding fallow land and kitchen gardens)
51763558,Yes,,,,,7.3,7.68,13.22,13,16,32.2,1.6,30.8,111,B13,U111,1,LT,LT0,LT02,LT024,Barley,Agriculture (excluding fallow land and kitchen gardens)
51823578,Yes,,,,,7.6,8.16,14.31,4.5,102,5.7,0.5,112,68,F40,U330,1,LT,LT0,LT02,LT024,OTHER BARE SOIL,CONSTRUCTION
51843584,Yes,,,,,6.8,7.08,14.81,28.9,1,33,3.1,218.1,64,B11,U111,1,LT,LT0,LT02,LT024,Common wheat,Agriculture (excluding fallow land and kitchen gardens)
51903592,Yes,,,,,4.1,4.75,2.93,9.1,0,37.5,0.6,16,88,C22,U120,1,LT,LT0,LT02,LT024,Pine dominated coniferous woodland,FORESTRY
51103660,Yes,,,,,5.9,5.98,5.77,13.1,0,16.8,1.4,70.3,126,E20,U111,1,LT,LT0,LT02,LT027,Grassland without tree/shrub cover,Agriculture (excluding fallow land and kitchen gardens)
51963602,Yes,,,,,3.6,4.04,4.18,13.7,0,15.6,1,16.6,77,C32,U120,1,LT,LT0,LT02,LT022,Pine dominated mixed woodland,FORESTRY
51243634,Yes,,,,,7,7,10.98,16.1,2,17.5,1.5,53.7,39,B18,U111,1,LT,LT0,LT02,LT027,Triticale,Agriculture (excluding fallow land and kitchen gardens)
51603566,Yes,,,,,7.2,7.69,6.81,3.7,19,31,0.5,197.5,110,B18,U111,1,LT,LT0,LT02,LT024,Triticale,Agriculture (excluding fallow land and kitchen gardens)
51863560,Yes,,,,,6.9,6.9,19.64,67.6,19,32.8,6.4,117.3,114,E20,U111,1,LT,LT0,LT02,LT024,Grassland without tree/shrub cover,Agriculture (excluding fallow land and kitchen gardens)
51583590,Yes,,,,,6.9,7.27,11.85,15.7,7,58,1.6,262.1,54,B11,U111,1,LT,LT0,LT02,LT024,Common wheat,Agriculture (excluding fallow land and kitchen gardens)
52023594,Yes,,,,,5.6,5.76,8.39,30.5,0,10.3,2.7,84.3,71,C10,U120,1,LT,LT0,LT02,LT022,Broadleaved woodland,FORESTRY
52143634,Yes,,,,,7.1,7.34,14,23.8,26,15.1,2.1,91.9,85,B32,U111,1,LT,LT0,LT02,LT022,Rape and turnip rape,Agriculture (excluding fallow land and kitchen gardens)
52103584,Yes,,,,,5.6,5.82,6.25,13.3,0,9.3,1.5,49.9,93,B11,U111,1,LT,LT0,LT02,LT022,Common wheat,Agriculture (excluding fallow land and kitchen gardens)
52203558,Yes,,,,,6.3,6.37,5.95,10.2,0,6,1.2,68.6,117,B11,U111,1,LT,LT0,LT02,LT021,Common wheat,Agriculture (excluding fallow land and kitchen gardens)
52063558,Yes,,,,,7.1,7.4,14.95,13.4,7,47.5,1.5,207.3,100,B11,U111,1,LT,LT0,LT02,LT021,Common wheat,Agriculture (excluding fallow land and kitchen gardens)
52163556,Yes,,,,,6.1,6.33,5.3,10.1,0,4.8,1.2,71.8,130,B53,U111,1,LT,LT0,LT02,LT021,Other Leguminous  and mixtures for fodder,Agriculture (excluding fallow land and kitchen gardens)
52323620,Yes,,,,,6.2,6.5,7.21,16.9,0,48.7,1.8,183.3,95,B11,U111,1,LT,LT0,LT02,LT022,Common wheat,Agriculture (excluding fallow land and kitchen gardens)
51443574,Yes,,,,,6.5,6.65,7.24,16.7,0,10.7,1.8,97.9,83,B11,U111,1,LT,LT0,LT02,LT024,Common wheat,Agriculture (excluding fallow land and kitchen gardens)
52363614,Yes,,,,,4.9,5.34,6.14,12.5,0,9.4,1.3,90.8,77,C33,U120,1,LT,LT0,LT02,LT022,Other mixed woodland,FORESTRY
51423624,Yes,,,,,7,7.35,14.1,17.5,24,23.6,1.8,69.9,45,B32,U111,1,LT,LT0,LT02,LT024,Rape and turnip rape,Agriculture (excluding fallow land and kitchen gardens)
51043672,Yes,,,,,5.2,5.56,5.35,21.7,0,16.7,1.9,32.7,127,B55,U111,1,LT,LT0,LT02,LT027,Temporary grassland,Agriculture (excluding fallow land and kitchen gardens)
51183664,Yes,,,,,5.9,6.03,5.33,14.3,0,6.3,1.5,96,136,E20,U111,1,LT,LT0,LT02,LT027,Grassland without tree/shrub cover,Agriculture (excluding fallow land and kitchen gardens)
51283660,Yes,,,,,6.9,7.03,7.19,22.5,2,16.7,1.7,48.5,82,E10,U112,1,LT,LT0,LT02,LT022,Grassland with sparse tree/shrub cover,Fallow land
51223648,Yes,,,,,6.6,6.6,8.84,12.3,0,33.2,1.5,151.1,53,B11,U111,1,LT,LT0,LT02,LT027,Common wheat,Agriculture (excluding fallow land and kitchen gardens)
50243736,Yes,,,,,5.8,5.96,16.8,70.1,0,21.4,5.2,66.7,37,C33,U120,1,LT,LT0,LT02,LT023,Other mixed woodland,FORESTRY
51403564,Yes,,,,,6.5,7.03,9.35,16.5,1,86.7,1.8,234,171,B11,U111,1,LT,LT0,LT02,LT024,Common wheat,Agriculture (excluding fallow land and kitchen gardens)
52303540,Yes,,,,,4.4,4.71,2.26,7.7,0,29.4,0.5,10.1,116,C22,U120,1,LT,LT0,LT02,LT021,Pine dominated coniferous woodland,FORESTRY
51943554,Yes,,,,,6.3,6.6,4.6,5.4,0,34,0.6,61,121,B15,U111,1,LT,LT0,LT02,LT021,Oats,Agriculture (excluding fallow land and kitchen gardens)
52323570,Yes,,,,,7,7.22,16.38,34.1,42,19.6,3.2,91.3,167,E20,U111,1,LT,LT0,LT02,LT021,Grassland without tree/shrub cover,Agriculture (excluding fallow land and kitchen gardens)
52403578,Yes,,,,,6.9,7.08,11.09,20.3,13,15.2,2.2,70.2,138,E20,U111,1,LT,LT0,LT02,LT021,Grassland without tree/shrub cover,Agriculture (excluding fallow land and kitchen gardens)
52043614,Yes,,,,,6.3,6.51,5.68,14.7,0,30.8,1.6,82.6,71,B11,U111,1,LT,LT0,LT02,LT022,Common wheat,Agriculture (excluding fallow land and kitchen gardens)
52023612,Yes,,,,,7,7.44,10.04,14.9,7,13,1.5,89.5,92,B12,U111,1,LT,LT0,LT02,LT022,Durum wheat,Agriculture (excluding fallow land and kitchen gardens)
51883636,Yes,,,,,5.2,5.54,32.3,428.9,0,32.3,19.8,101.6,68,C10,U120,1,LT,LT0,LT02,LT022,Broadleaved woodland,FORESTRY
52283620,Yes,,,,,6.8,7.05,9.21,18.5,4,42.6,1.9,149.8,82,E10,U111,1,LT,LT0,LT02,LT022,Grassland with sparse tree/shrub cover,Agriculture (excluding fallow land and kitchen gardens)
52483546,Yes,,,,,4.6,5.03,2.98,6.3,0,16.2,0.4,8.7,122,C32,U120,1,LT,LT0,LT02,LT021,Pine dominated mixed woodland,FORESTRY
51223644,Yes,,,,,7,7.21,10.85,16,4,9.8,1.7,100.5,41,E20,U111,1,LT,LT0,LT02,LT027,Grassland without tree/shrub cover,Agriculture (excluding fallow land and kitchen gardens)
52383540,Yes,,,,,4.4,4.88,3.42,16.1,0,56.2,1.6,47.7,92,E20,U111,1,LT,LT0,LT02,LT021,Grassland without tree/shrub cover,Agriculture (excluding fallow land and kitchen gardens)
52383602,Yes,,,,,5.2,5.41,6.34,12.7,0,24.3,1.4,87.5,136,E20,U111,1,LT,LT0,LT02,LT022,Grassland without tree/shrub cover,Agriculture (excluding fallow land and kitchen gardens)
52343610,Yes,,,,,5.7,5.86,6.03,16.2,0,6.2,1.6,64.6,115,E20,U111,1,LT,LT0,LT02,LT022,Grassland without tree/shrub cover,Agriculture (excluding fallow land and kitchen gardens)
52483612,Yes,,,,,5.8,6.01,9.07,24.8,0,11.9,2.6,30.7,117,E20,U111,1,LT,LT0,LT02,LT022,Grassland without tree/shrub cover,Agriculture (excluding fallow land and kitchen gardens)
52423612,Yes,,,,,6.4,6.57,10.47,18.9,0,45,2.2,314.7,104,D10,U111,1,LT,LT0,LT02,LT022,Shrubland with sparse tree cover,Agriculture (excluding fallow land and kitchen gardens)
52503616,Yes,,,,,4.3,4.64,2.24,5,0,49.6,0.4,14.3,115,C31,U120,1,LT,LT0,LT01,LT011,Spruce dominated mixed woodland,FORESTRY
52463548,Yes,,,,,6.9,7.15,15.69,8.2,8,11.1,0.7,65.6,137,C32,U120,1,LT,LT0,LT02,LT021,Pine dominated mixed woodland,FORESTRY
53223588,Yes,,,,,4.7,5.11,12.18,15,1,34,1.6,31,183,E30,U112,1,LT,LT0,LT01,LT011,Spontaneously re-vegetated surfaces,Fallow land
53003660,Yes,,,,,5.1,5.64,11.47,14.5,0,12.7,1.6,98.7,176,E10,U111,1,LT,LT0,LT02,LT029,Grassland with sparse tree/shrub cover,Agriculture (excluding fallow land and kitchen gardens)
53203594,Yes,,,,,7.2,7.66,14.72,10.5,66,38.1,1,160.2,217,E30,U112,2,LT,LT0,LT01,LT011,Spontaneously re-vegetated surfaces,Fallow land
52863598,Yes,,,,,6.8,7.11,10.66,12,3,37.6,1.2,146.4,155,B12,U111,1,LT,LT0,LT01,LT011,Durum wheat,Agriculture (excluding fallow land and kitchen gardens)
52723578,Yes,,,,,5.5,5.77,3.79,10,1,25.1,0.7,27.1,156,C32,U120,1,LT,LT0,LT01,LT011,Pine dominated mixed woodland,FORESTRY
53083614,Yes,,,,,5.2,5.44,27.8,16.1,1,15.2,1.9,247.9,181,E30,U112,1,LT,LT0,LT01,LT011,Spontaneously re-vegetated surfaces,Fallow land
50263720,Yes,,,,,6.1,6.2,10.38,20.6,0,39.3,2.3,108.5,42,B13,U111,1,LT,LT0,LT02,LT023,Barley,Agriculture (excluding fallow land and kitchen gardens)
53223606,Yes,,,,,4.5,4.85,22.1,14,1,51.4,1.6,159.1,237,C10,U120,1,LT,LT0,LT01,LT011,Broadleaved woodland,FORESTRY
52763704,Yes,,,,,7.1,7.4,12.41,16.3,6,22.9,1.7,96.9,144,F40,U111,1,LT,LT0,LT02,LT029,OTHER BARE SOIL,Agriculture (excluding fallow land and kitchen gardens)
53023608,Yes,,,,,5,5.5,11.66,12.3,1,60.8,1.3,57,206,E20,U111,1,LT,LT0,LT01,LT011,Grassland without tree/shrub cover,Agriculture (excluding fallow land and kitchen gardens)
53363562,Yes,,,,,5.7,6.42,5.29,8.4,1,27.3,0.9,63.3,172,B41,U111,1,LT,LT0,LT01,LT011,Dry pulses,Agriculture (excluding fallow land and kitchen gardens)
53003570,Yes,,,,,3.9,4.4,5.89,16.2,1,20.7,1.4,33.7,162,C33,U120,1,LT,LT0,LT01,LT011,Other mixed woodland,FORESTRY
53043566,Yes,,,,,5.1,5.48,9.98,11.3,1,11,1.2,52.4,153,B11,U111,1,LT,LT0,LT01,LT011,Common wheat,Agriculture (excluding fallow land and kitchen gardens)
53043598,Yes,,,,,6.3,6.5,75.8,20.2,4,83.8,2.1,143.4,149,B14,U111,1,LT,LT0,LT01,LT011,Rye,Agriculture (excluding fallow land and kitchen gardens)
52783622,Yes,,,,,4.8,5.25,6.67,17.8,1,15.4,1.4,59.1,143,C31,U120,1,LT,LT0,LT01,LT011,Spruce dominated mixed woodland,FORESTRY
52863566,Yes,,,,,5.4,5.72,8.72,8.8,1,22.3,1,74,169,B14,U111,1,LT,LT0,LT01,LT011,Rye,Agriculture (excluding fallow land and kitchen gardens)
52583650,Yes,,,,,5.2,5.63,9.94,9.8,5,31.7,1.2,277,152,E20,U111,1,LT,LT0,LT01,LT011,Grassland without tree/shrub cover,Agriculture (excluding fallow land and kitchen gardens)
53003696,Yes,,,,,6.6,6.81,6.47,12,0,7.5,1.4,176.7,153,D20,U112,1,LT,LT0,LT02,LT029,Shrubland without tree cover,Fallow land
53143694,Yes,,,,,4.9,5.33,8.79,13.2,0,34.2,1.4,123.4,180,C10,U120,1,LT,LT0,LT02,LT029,Broadleaved woodland,FORESTRY
53323654,Yes,,,,,3.9,4.25,3.84,25,0,24.3,1.1,23.8,158,C22,U120,1,LT,LT0,LT01,LT011,Pine dominated coniferous woodland,FORESTRY
52503674,Yes,,,,,6.5,6.67,12.08,15.4,3,39.5,1.7,168.2,81,B11,U111,1,LT,LT0,LT01,LT011,Common wheat,Agriculture (excluding fallow land and kitchen gardens)
53183750,Yes,,,,,7,7.21,23.1,54.6,5,13,5.3,179.5,148,E20,U111,1,LT,LT0,LT02,LT029,Grassland without tree/shrub cover,Agriculture (excluding fallow land and kitchen gardens)
52903758,Yes,,,,,5.4,5.8,6.27,12,0,9.1,1.2,42.2,150,E20,U111,1,LT,LT0,LT02,LT025,Grassland without tree/shrub cover,Agriculture (excluding fallow land and kitchen gardens)
52963666,Yes,,,,,5.9,6.08,47.6,48,0,27.6,4.8,93.8,168,C10,U120,1,LT,LT0,LT02,LT029,Broadleaved woodland,FORESTRY
52863764,Yes,,,,,5.3,5.71,4.91,8.7,0,35.6,0.9,74.1,116,B13,U111,1,LT,LT0,LT02,LT025,Barley,Agriculture (excluding fallow land and kitchen gardens)
52603658,Yes,,,,,3.9,4.32,8.02,22,0,15.5,2.1,57.9,134,C31,U120,1,LT,LT0,LT01,LT011,Spruce dominated mixed woodland,FORESTRY
52643674,Yes,,,,,7,7.2,13.29,13.6,3,15.2,1.7,166.1,102,B41,U111,1,LT,LT0,LT01,LT011,Dry pulses,Agriculture (excluding fallow land and kitchen gardens)
52963630,Yes,,,,,6.8,7,30.4,39.4,6,31.1,3.4,125.2,157,C10,U120,1,LT,LT0,LT01,LT011,Broadleaved woodland,FORESTRY
52663594,Yes,,,,,5.2,5.52,5.5,16.4,0,32.6,1.5,44.2,163,E20,U111,1,LT,LT0,LT01,LT011,Grassland without tree/shrub cover,Agriculture (excluding fallow land and kitchen gardens)
52683688,Yes,,,,,6.7,6.94,8.8,12.9,0,18,1.4,96.6,122,B11,U111,1,LT,LT0,LT02,LT029,Common wheat,Agriculture (excluding fallow land and kitchen gardens)
52663690,Yes,,,,,5.2,5.45,18.53,12.3,0,10.7,1.5,38,91,E20,U111,1,LT,LT0,LT02,LT029,Grassland without tree/shrub cover,Agriculture (excluding fallow land and kitchen gardens)
52763628,Yes,,,,,6.3,6.52,9.37,20,1,21.6,2.1,265.1,121,E20,U111,1,LT,LT0,LT01,LT011,Grassland without tree/shrub cover,Agriculture (excluding fallow land and kitchen gardens)
52823760,Yes,,,,,3.7,4.27,13.42,30.4,0,28.2,2,47.9,120,C21,U120,1,LT,LT0,LT02,LT025,Spruce dominated coniferous woodland,FORESTRY
52283782,Yes,,,,,7,7.3,17.58,19.5,59,14.9,2.2,73.3,53,B11,U111,1,LT,LT0,LT02,LT025,Common wheat,Agriculture (excluding fallow land and kitchen gardens)
52643642,Yes,,,,,7,7.34,10.28,8.6,2,16,1.1,65.8,109,B11,U111,1,LT,LT0,LT01,LT011,Common wheat,Agriculture (excluding fallow land and kitchen gardens)
52483654,Yes,,,,,5.6,5.95,14,35.8,1,15.6,3.7,84.5,93,C10,U120,1,LT,LT0,LT01,LT011,Broadleaved woodland,FORESTRY
52463652,Yes,,,,,4.6,5.61,5.72,5.2,1,65.9,0.6,32,86,B18,U111,1,LT,LT0,LT01,LT011,Triticale,Agriculture (excluding fallow land and kitchen gardens)
52283670,Yes,,,,,4.1,7.41,11.96,10.2,13,20.2,1.1,105.4,82,B41,U111,1,LT,LT0,LT01,LT011,Dry pulses,Agriculture (excluding fallow land and kitchen gardens)
52323696,Yes,,,,,7.2,7.59,13.23,15.8,19,19.1,1.6,92.1,79,B11,U111,1,LT,LT0,LT02,LT025,Common wheat,Agriculture (excluding fallow land and kitchen gardens)
52403722,Yes,,,,,5.7,6.2,5,24.1,0,19.6,1.7,42.2,79,C32,U120,1,LT,LT0,LT02,LT025,Pine dominated mixed woodland,FORESTRY
52083664,Yes,,,,,7,7.27,30.1,16.1,8,35.9,1.8,131.5,48,B32,U111,1,LT,LT0,LT02,LT022,Rape and turnip rape,Agriculture (excluding fallow land and kitchen gardens)
52323782,Yes,,,,,5.5,5.91,10.66,24.6,0,37,2.5,101.5,55,B11,U111,1,LT,LT0,LT02,LT025,Common wheat,Agriculture (excluding fallow land and kitchen gardens)
51783714,Yes,,,,,4.8,5.14,25.6,28.1,1,19.6,2.4,28.6,110,C10,U120,1,LT,LT0,LT02,LT026,Broadleaved woodland,FORESTRY
52163772,Yes,,,,,5.6,5.93,8.8,23.2,0,9.7,2.4,148,42,B11,U111,1,LT,LT0,LT02,LT025,Common wheat,Agriculture (excluding fallow land and kitchen gardens)
51923710,Yes,,,,,7.3,7.61,16.55,16.1,13,51.9,1.7,188.2,75,B11,U111,1,LT,LT0,LT02,LT026,Common wheat,Agriculture (excluding fallow land and kitchen gardens)
51783728,Yes,,,,,7.2,7.55,13.72,26.3,76,12.4,2.6,74.3,77,B32,U111,1,LT,LT0,LT02,LT026,Rape and turnip rape,Agriculture (excluding fallow land and kitchen gardens)
51883720,Yes,,,,,6.7,6.91,25,62.4,2,30.9,4.9,82.8,70,F40,U112,1,LT,LT0,LT02,LT026,OTHER BARE SOIL,Fallow land
51803718,Yes,,,,,7.2,7.58,23,28.7,41,22.9,2.3,63.5,91,B32,U111,1,LT,LT0,LT02,LT026,Rape and turnip rape,Agriculture (excluding fallow land and kitchen gardens)
51943702,Yes,,,,,7,7.28,9.65,13.2,3,12.4,1.4,90.9,78,B13,U111,1,LT,LT0,LT02,LT026,Barley,Agriculture (excluding fallow land and kitchen gardens)
52543758,Yes,,,,,7.1,7.56,13.53,11.5,7,7.2,1.2,64.6,86,B11,U111,1,LT,LT0,LT02,LT025,Common wheat,Agriculture (excluding fallow land and kitchen gardens)
53483700,Yes,,,,,6.9,7.16,16.04,18.4,15,17.9,1.9,96.4,157,E20,U111,1,LT,LT0,LT02,LT029,Grassland without tree/shrub cover,Agriculture (excluding fallow land and kitchen gardens)
53383702,Yes,,,,,5.7,6.05,7.5,10.3,3,34.2,1.2,52.9,181,B11,U111,1,LT,LT0,LT02,LT029,Common wheat,Agriculture (excluding fallow land and kitchen gardens)
52783630,Yes,,,,,5.6,5.84,7.96,19.1,0,11.4,2.2,183,131,E30,U112,1,LT,LT0,LT01,LT011,Spontaneously re-vegetated surfaces,Fallow land
52843636,Yes,,,,,5.4,5.77,5.76,11.6,0,17.9,1.3,109.6,154,B55,U111,1,LT,LT0,LT01,LT011,Temporary grassland,Agriculture (excluding fallow land and kitchen gardens)
52823638,Yes,,,,,6.5,6.67,9.3,13.6,1,9.1,1.6,98.2,130,B19,U111,1,LT,LT0,LT01,LT011,Other cereals,Agriculture (excluding fallow land and kitchen gardens)
52763646,Yes,,,,,5.5,5.74,7.96,14,0,32.1,1.4,239.2,119,E30,U112,1,LT,LT0,LT01,LT011,Spontaneously re-vegetated surfaces,Fallow land
52843662,Yes,,,,,5.9,6.05,8.12,12.7,1,9.1,1.3,189.5,163,C10,U120,1,LT,LT0,LT02,LT029,Broadleaved woodland,FORESTRY
51643776,Yes,,,,,7.3,7.74,36.2,18,103,31.3,1.8,205.6,35,B41,U111,1,LT,LT0,LT02,LT026,Dry pulses,Agriculture (excluding fallow land and kitchen gardens)
53103728,Yes,,,,,3.6,3.94,8.21,35,0,57.1,1.9,27.7,155,C23,U120,1,LT,LT0,LT02,LT029,Other coniferous woodland,FORESTRY
52643638,Yes,,,,,6.6,6.93,7.51,13.7,2,17.9,1.6,68.5,104,B11,U111,1,LT,LT0,LT01,LT011,Common wheat,Agriculture (excluding fallow land and kitchen gardens)
53543706,Yes,,,,,6.9,7.13,16.39,21.6,3,9.1,2.3,86.2,151,B18,U111,1,LT,LT0,LT02,LT029,Triticale,Agriculture (excluding fallow land and kitchen gardens)
53523718,Yes,,,,,5,5.72,11.01,14.8,1,10.2,1.6,49.7,153,C10,U120,1,LT,LT0,LT02,LT029,Broadleaved woodland,FORESTRY
52323652,Yes,,,,,4,4.35,6.35,13.6,1,46.1,1.1,47.5,83,C32,U120,1,LT,LT0,LT02,LT022,Pine dominated mixed woodland,FORESTRY
52343664,Yes,,,,,6,6.59,6.43,14.9,0,16.5,1.5,83.5,101,B18,U111,1,LT,LT0,LT01,LT011,Triticale,Agriculture (excluding fallow land and kitchen gardens)
52263646,Yes,,,,,4.8,5.26,5.07,11.2,0,18.8,1.4,105.3,80,B11,U111,1,LT,LT0,LT02,LT022,Common wheat,Agriculture (excluding fallow land and kitchen gardens)
52483770,Yes,,,,,6.3,6.46,10.92,12.7,0,18.2,1.5,79.1,83,B13,U111,1,LT,LT0,LT02,LT025,Barley,Agriculture (excluding fallow land and kitchen gardens)
52863656,Yes,,,,,6.1,6.41,4.95,10.9,0,58,1,73,139,C22,U120,1,LT,LT0,LT02,LT029,Pine dominated coniferous woodland,FORESTRY
50563632,Yes,,,,,6.4,6.55,22.8,12.8,1,42.3,1.5,104.6,8,B11,U111,1,LT,LT0,LT02,LT023,Common wheat,Agriculture (excluding fallow land and kitchen gardens)
50663728,Yes,,,,,5.4,5.86,6.09,15.3,4,23.5,1.7,139.5,127,E20,U111,1,LT,LT0,LT02,LT028,Grassland without tree/shrub cover,Agriculture (excluding fallow land and kitchen gardens)
50903700,Yes,,,,,5.2,5.46,6.53,33.9,0,18.3,2.3,30.7,159,F40,U112,1,LT,LT0,LT02,LT028,OTHER BARE SOIL,Fallow land
50843678,Yes,,,,,6.7,6.88,11.43,17.3,3,21,1.7,94.6,141,E20,U111,1,LT,LT0,LT02,LT027,Grassland without tree/shrub cover,Agriculture (excluding fallow land and kitchen gardens)
50983666,Yes,,,,,5,5.35,5.14,19.4,0,10.8,1.9,43,139,E20,U111,1,LT,LT0,LT02,LT027,Grassland without tree/shrub cover,Agriculture (excluding fallow land and kitchen gardens)
50963682,Yes,,,,,4.5,4.87,13.1,33.1,0,20.3,2.9,273.3,181,C10,U120,1,LT,LT0,LT02,LT027,Broadleaved woodland,FORESTRY
50903664,Yes,,,,,5.6,5.8,6.21,15,0,9.4,1.7,82.5,112,E20,U111,1,LT,LT0,LT02,LT027,Grassland without tree/shrub cover,Agriculture (excluding fallow land and kitchen gardens)
50403710,Yes,,,,,5.3,5.52,21.3,19.3,0,13,1.8,92.7,67,B11,U111,1,LT,LT0,LT02,LT023,Common wheat,Agriculture (excluding fallow land and kitchen gardens)
50883620,Yes,,,,,4.3,4.65,12.1,13.9,0,29.3,1.5,128.5,25,B13,U111,1,LT,LT0,LT02,LT027,Barley,Agriculture (excluding fallow land and kitchen gardens)
50883724,Yes,,,,,6.5,6.71,12.63,15.4,3,148.6,1.7,238.5,124,B11,U111,1,LT,LT0,LT02,LT028,Common wheat,Agriculture (excluding fallow land and kitchen gardens)
50623640,Yes,,,,,4.8,5.17,4.9,16.5,0,23.8,1.6,104,29,E20,U111,1,LT,LT0,LT02,LT023,Grassland without tree/shrub cover,Agriculture (excluding fallow land and kitchen gardens)
50663642,Yes,,,,,4.6,4.96,10.41,35.6,0,22.5,3,50.6,61,C10,U120,1,LT,LT0,LT02,LT023,Broadleaved woodland,FORESTRY
50763638,Yes,,,,,5.9,6.08,6.01,21.4,1,20.8,2.2,123,55,E20,U111,1,LT,LT0,LT02,LT027,Grassland without tree/shrub cover,Agriculture (excluding fallow land and kitchen gardens)
50743632,Yes,,,,,6.3,6.47,10.32,27.2,0,13.8,2.8,39.8,25,E20,U111,1,LT,LT0,LT02,LT027,Grassland without tree/shrub cover,Agriculture (excluding fallow land and kitchen gardens)
50523642,Yes,,,,,6.2,6.39,7,18.9,1,42.3,1.7,27.5,14,B12,U111,1,LT,LT0,LT02,LT023,Durum wheat,Agriculture (excluding fallow land and kitchen gardens)
53503690,Yes,,,,,5.8,6.05,10.97,32.4,0,23.9,3.1,412.4,178,E20,U111,1,LT,LT0,LT02,LT029,Grassland without tree/shrub cover,Agriculture (excluding fallow land and kitchen gardens)
50803618,Yes,,,,,6.8,6.98,6.86,11.2,1,81.5,1.3,152.9,2,B54,U111,1,LT,LT0,LT02,LT027,Mix of cereals,Agriculture (excluding fallow land and kitchen gardens)
50783736,Yes,,,,,5.1,5.48,4.28,10.3,0,15.3,1.1,73.3,123,B13,U111,1,LT,LT0,LT02,LT028,Barley,Agriculture (excluding fallow land and kitchen gardens)
50623762,Yes,,,,,7.1,7.4,16.93,21.4,8,15.4,2.2,77.1,88,B51,U111,1,LT,LT0,LT02,LT028,Clovers,Agriculture (excluding fallow land and kitchen gardens)
50563750,Yes,,,,,6.9,7.11,16.81,11,4,29.1,1.3,153.8,107,B11,U111,1,LT,LT0,LT02,LT023,Common wheat,Agriculture (excluding fallow land and kitchen gardens)
50603758,Yes,,,,,6.9,7.03,19.72,33.9,3,9.1,3.3,101.6,104,E20,U111,1,LT,LT0,LT02,LT028,Grassland without tree/shrub cover,Agriculture (excluding fallow land and kitchen gardens)
50703742,Yes,,,,,5.1,5.35,17.79,61.1,0,15.5,4.3,99,103,C33,U120,1,LT,LT0,LT02,LT028,Other mixed woodland,FORESTRY
50663746,Yes,,,,,5.8,5.92,8.85,22.6,0,5.7,2.4,101.1,91,E20,U111,1,LT,LT0,LT02,LT028,Grassland without tree/shrub cover,Agriculture (excluding fallow land and kitchen gardens)
50483728,Yes,,,,,5.7,5.78,10.52,17.5,0,11.7,1.9,88.3,112,B13,U111,1,LT,LT0,LT02,LT023,Barley,Agriculture (excluding fallow land and kitchen gardens)
50263702,Yes,,,,,4.5,4.82,9.52,15.1,0,27.9,1.3,148.5,42,B13,U111,1,LT,LT0,LT02,LT023,Barley,Agriculture (excluding fallow land and kitchen gardens)
50803744,Yes,,,,,6.5,6.59,19.55,25.7,0,29.9,2.5,185.2,92,B21,U111,1,LT,LT0,LT02,LT028,Potatoes,Agriculture (excluding fallow land and kitchen gardens)
50283700,Yes,,,,,4,4.26,6.11,36.7,0,16.6,2.3,62.2,61,C33,U120,1,LT,LT0,LT02,LT023,Other mixed woodland,FORESTRY
50683716,Yes,,,,,6.8,6.99,11.06,24.3,3,19.2,2.4,119.6,152,B53,U111,1,LT,LT0,LT02,LT028,Other Leguminous  and mixtures for fodder,Agriculture (excluding fallow land and kitchen gardens)
50623694,Yes,,,,,5.4,5.78,4.84,12.2,0,14.2,1.3,71.4,130,E20,U111,1,LT,LT0,LT02,LT028,Grassland without tree/shrub cover,Agriculture (excluding fallow land and kitchen gardens)
50663688,Yes,,,,,4.9,5.31,4.6,20.2,0,7.6,1.8,36.3,114,E20,U111,1,LT,LT0,LT02,LT028,Grassland without tree/shrub cover,Agriculture (excluding fallow land and kitchen gardens)
50483696,Yes,,,,,7.1,7.4,14.83,17.5,31,42.6,2,144.8,95,B11,U111,1,LT,LT0,LT02,LT028,Common wheat,Agriculture (excluding fallow land and kitchen gardens)
50523678,Yes,,,,,5.4,5.67,6.54,16.1,0,13.4,1.7,200.8,98,E20,U111,1,LT,LT0,LT02,LT023,Grassland without tree/shrub cover,Agriculture (excluding fallow land and kitchen gardens)
50663710,Yes,,,,,7,7.12,13.71,31.8,8,9,3.1,49.4,143,E20,U111,1,LT,LT0,LT02,LT028,Grassland without tree/shrub cover,Agriculture (excluding fallow land and kitchen gardens)
50483710,Yes,,,,,5.2,5.47,11.26,13.8,0,11.7,1.5,255.5,101,B11,U111,1,LT,LT0,LT02,LT028,Common wheat,Agriculture (excluding fallow land and kitchen gardens)
53023738,Yes,,,,,7,7.34,9.14,11.6,4,9.1,1.2,105.2,112,B11,U111,1,LT,LT0,LT02,LT029,Common wheat,Agriculture (excluding fallow land and kitchen gardens)
50683644,Yes,,,,,4.9,5.32,10.33,36.9,0,20.5,2.2,71.8,57,B13,U111,1,LT,LT0,LT02,LT023,Barley,Agriculture (excluding fallow land and kitchen gardens)
52803754,Yes,,,,,6.9,7.16,9.88,13.1,3,8.5,1.4,136.7,113,C10,U120,1,LT,LT0,LT02,LT025,Broadleaved woodland,FORESTRY
52763758,Yes,,,,,7,7.02,23.2,28.9,13,6.4,2.6,147,99,E10,U420,1,LT,LT0,LT02,LT025,Grassland with sparse tree/shrub cover,Semi-natural and natural areas not in use
52643742,Yes,,,,,6.7,6.98,8.52,19.3,1,14.4,2.1,91.7,94,B11,U111,1,LT,LT0,LT02,LT025,Common wheat,Agriculture (excluding fallow land and kitchen gardens)
52543740,Yes,,,,,7.3,7.66,13.87,21.8,49,10.2,1.8,65.7,93,B14,U111,1,LT,LT0,LT02,LT025,Rye,Agriculture (excluding fallow land and kitchen gardens)
52643732,Yes,,,,,6.8,7.17,9.93,9.8,0,4.9,1,67.3,106,B14,U111,1,LT,LT0,LT02,LT025,Rye,Agriculture (excluding fallow land and kitchen gardens)
53303718,Yes,,,,,6.9,7.1,20,44.6,18,10.4,3.6,210.7,212,E20,U111,1,LT,LT0,LT02,LT029,Grassland without tree/shrub cover,Agriculture (excluding fallow land and kitchen gardens)
52923738,Yes,,,,,6.9,7.05,9.14,14.8,6,11,1.5,114.3,141,E20,U111,1,LT,LT0,LT02,LT025,Grassland without tree/shrub cover,Agriculture (excluding fallow land and kitchen gardens)
50983654,Yes,,,,,5.1,5.52,5.46,13.7,0,6.9,1.2,83.8,89,B53,U111,1,LT,LT0,LT02,LT027,Other Leguminous  and mixtures for fodder,Agriculture (excluding fallow land and kitchen gardens)
52843744,Yes,,,,,6.6,6.75,23.5,47.3,1,16.9,4.2,79.4,113,E30,U111,1,LT,LT0,LT02,LT025,Spontaneously re-vegetated surfaces,Agriculture (excluding fallow land and kitchen gardens)
52823714,Yes,,,,,6.4,6.64,22,123.4,1,17,9.4,99.9,97,B11,U111,1,LT,LT0,LT02,LT029,Common wheat,Agriculture (excluding fallow land and kitchen gardens)
52583718,Yes,,,,,5.6,5.99,3.81,8.9,0,58,0.9,50.8,110,B14,U111,1,LT,LT0,LT02,LT029,Rye,Agriculture (excluding fallow land and kitchen gardens)
52503710,Yes,,,,,6.6,6.78,7.7,9.3,0,12.1,1.1,56.2,91,B11,U111,1,LT,LT0,LT02,LT029,Common wheat,Agriculture (excluding fallow land and kitchen gardens)
52503692,Yes,,,,,6.8,6.91,8.11,13.7,5,4.7,1.2,74.3,92,E10,U111,1,LT,LT0,LT02,LT029,Grassland with sparse tree/shrub cover,Agriculture (excluding fallow land and kitchen gardens)
52783730,Yes,,,,,7,7.34,10.16,14,3,9.9,1.6,87.9,98,B18,U111,1,LT,LT0,LT02,LT029,Triticale,Agriculture (excluding fallow land and kitchen gardens)
50443648,Yes,,,,,6.8,6.93,6.32,15.5,3,8.5,1.6,19.5,2,E20,U111,1,LT,LT0,LT02,LT023,Grassland without tree/shrub cover,Agriculture (excluding fallow land and kitchen gardens)
50303696,Yes,,,,,6.9,7.01,10.56,22.6,6,24.7,2.3,68.5,53,E20,U111,1,LT,LT0,LT02,LT023,Grassland without tree/shrub cover,Agriculture (excluding fallow land and kitchen gardens)
50263690,Yes,,,,,6.9,7.18,10.3,13.6,4,11,1.4,107.9,37,B11,U111,1,LT,LT0,LT02,LT023,Common wheat,Agriculture (excluding fallow land and kitchen gardens)
50243682,Yes,,,,,5.8,6.08,5.56,15.7,0,11.6,1.4,151.7,24,E20,U111,1,LT,LT0,LT02,LT023,Grassland without tree/shrub cover,Agriculture (excluding fallow land and kitchen gardens)
50163692,Yes,,,,,6.4,6.56,7.06,15.7,0,17.7,1.6,69.6,21,B53,U111,1,LT,LT0,LT02,LT023,Other Leguminous  and mixtures for fodder,Agriculture (excluding fallow land and kitchen gardens)
50483656,Yes,,,,,3.5,3.99,5.87,27.7,0,41.8,1.2,22.5,26,C32,U120,1,LT,LT0,LT02,LT023,Pine dominated mixed woodland,FORESTRY
50443654,Yes,,,,,5,5.61,3.33,10,0,51.3,0.8,32.4,15,E20,U111,1,LT,LT0,LT02,LT023,Grassland without tree/shrub cover,Agriculture (excluding fallow land and kitchen gardens)
53223732,Yes,,,,,6.7,6.94,9.81,10,1,5,1,77,157,B83,U120,1,LT,LT0,LT02,LT029,Nurseries,FORESTRY
50303660,Yes,,,,,5.2,5.75,13.27,20.4,0,11.6,2,30.4,0,E20,U111,1,LT,LT0,LT02,LT023,Grassland without tree/shrub cover,Agriculture (excluding fallow land and kitchen gardens)
53523682,Yes,,,,,6.4,6.67,8.5,9.8,4,12.7,1.2,128,227,B11,U111,1,LT,LT0,LT01,LT011,Common wheat,Agriculture (excluding fallow land and kitchen gardens)
50783646,Yes,,,,,7,7.16,17.5,14.9,6,8.8,1.6,88,72,B12,U111,1,LT,LT0,LT02,LT027,Durum wheat,Agriculture (excluding fallow land and kitchen gardens)
50783650,Yes,,,,,7.2,7.45,30.7,27.9,44,8.9,2.8,135.2,76,B13,U111,1,LT,LT0,LT02,LT023,Barley,Agriculture (excluding fallow land and kitchen gardens)
50623666,Yes,,,,,3.3,3.74,15.6,94.5,1,51.2,5.6,99.8,80,C31,U120,1,LT,LT0,LT02,LT023,Spruce dominated mixed woodland,FORESTRY
50303674,Yes,,,,,5,5.41,12.31,19.2,0,13.8,1.8,77.4,23,B11,U111,1,LT,LT0,LT02,LT023,Common wheat,Agriculture (excluding fallow land and kitchen gardens)
50383668,Yes,,,,,5.1,5.58,3.66,20.6,0,13.8,1.6,44.5,17,C10,U120,1,LT,LT0,LT02,LT023,Broadleaved woodland,FORESTRY
50503672,Yes,,,,,6.6,6.68,11.88,31.5,3,7.5,3,86.1,64,E20,U111,1,LT,LT0,LT02,LT023,Grassland without tree/shrub cover,Agriculture (excluding fallow land and kitchen gardens)
50303642,Yes,,,,,6.6,6.83,25.5,24.7,13,50.9,1.8,40.5,3,E30,U111,1,LT,LT0,LT02,LT023,Spontaneously re-vegetated surfaces,Agriculture (excluding fallow land and kitchen gardens)
52483720,Yes,,,,,4.6,5.04,66.6,423.9,0,52.2,26.1,209,100,C31,U120,1,LT,LT0,LT02,LT025,Spruce dominated mixed woodland,FORESTRY
52703664,Yes,,,,,3.3,4.07,17.78,87.3,0,47.1,4.5,76.1,166,C31,U120,1,LT,LT0,LT01,LT011,Spruce dominated mixed woodland,FORESTRY
53063664,Yes,,,,,5.5,5.63,263,285.5,0,44.1,27.2,147.6,168,C10,U120,1,LT,LT0,LT02,LT029,Broadleaved woodland,FORESTRY
52823656,Yes,,,,,6.1,6.34,173.1,416.2,1,26.1,29.9,74.1,123,C10,U120,1,LT,LT0,LT02,LT029,Broadleaved woodland,FORESTRY
52403700,Yes,,,,,3.3,4.22,44.8,518.5,1,90.4,19.1,168.5,86,C33,U120,1,LT,LT0,LT02,LT029,Other mixed woodland,FORESTRY
52163682,Yes,,,,,4.8,5.14,72.3,386.8,1,73.2,29.2,154.6,60,C10,U120,1,LT,LT0,LT02,LT022,Broadleaved woodland,FORESTRY
51943738,Yes,,,,,7.1,7.34,27.5,98,68,37,6.8,89,51,B11,U111,1,LT,LT0,LT02,LT025,Common wheat,Agriculture (excluding fallow land and kitchen gardens)
53003714,Yes,,,,,5.5,5.63,329,413.3,0,43.1,28.3,222.8,167,C10,U120,1,LT,LT0,LT02,LT029,Broadleaved woodland,FORESTRY
52343772,Yes,,,,,7,7.2,30.2,116.7,16,25.8,7.4,54.3,59,E20,U111,1,LT,LT0,LT02,LT025,Grassland without tree/shrub cover,Agriculture (excluding fallow land and kitchen gardens)
51603714,Yes,,,,,5.6,5.87,102.6,387.3,0,41.3,31.3,139.4,119,E20,U111,1,LT,LT0,LT02,LT026,Grassland without tree/shrub cover,Agriculture (excluding fallow land and kitchen gardens)
51103642,Yes,,,,,2.9,3.66,15.5,83.1,0,37,3.8,108,41,C21,U120,1,LT,LT0,LT02,LT027,Spruce dominated coniferous woodland,FORESTRY
51763582,Yes,,,,,5.1,5.27,254,352.9,0,61.5,27.1,244.2,76,C33,U120,1,LT,LT0,LT02,LT024,Other mixed woodland,FORESTRY
51103668,Yes,,,,,6.1,6.29,83.9,225.4,1,40.5,15.3,101.7,134,B11,U111,1,LT,LT0,LT02,LT027,Common wheat,Agriculture (excluding fallow land and kitchen gardens)
53023672,Yes,,,,,5.5,5.71,256,346.9,0,72.3,32.7,229.2,157,C33,U120,1,LT,LT0,LT02,LT029,Other mixed woodland,FORESTRY
51643668,Yes,,,,,5.4,5.84,12.5,51.9,0,21.2,4.2,53.9,98,C10,U120,1,LT,LT0,LT02,LT022,Broadleaved woodland,FORESTRY
52463692,Yes,,,,,7.5,7.78,91.9,40.3,93,17.1,2.4,42.6,83,F40,U112,1,LT,LT0,LT01,LT011,OTHER BARE SOIL,Fallow land
51423746,Yes,,,,,7.1,7.49,32.7,43.6,8,12.8,3,24.7,100,C31,U120,1,LT,LT0,LT02,LT026,Spruce dominated mixed woodland,FORESTRY
50963718,Yes,,,,,5.3,5.53,104.5,204.6,0,35.5,14.2,59.9,117,E30,U112,1,LT,LT0,LT02,LT028,Spontaneously re-vegetated surfaces,Fallow land
50343746,Yes,,,,,7.1,7.34,50,155.8,61,32.3,11.8,76.9,19,E30,U112,1,LT,LT0,LT02,LT023,Spontaneously re-vegetated surfaces,Fallow land
50383678,Yes,,,,,6.2,6.4,14.85,29,0,12.5,2.7,38.5,41,C10,U420,1,LT,LT0,LT02,LT023,Broadleaved woodland,Semi-natural and natural areas not in use
52903740,Yes,,,,,6.2,6.5,95.2,82.3,0,36.7,7.5,116.2,148,C10,U120,1,LT,LT0,LT02,LT025,Broadleaved woodland,FORESTRY
52683580,Yes,,,,,4.2,4.55,209,390.2,1,77.1,37.6,261.1,143,E30,U112,1,LT,LT0,LT01,LT011,Spontaneously re-vegetated surfaces,Fallow land
51363628,Yes,,,,,7,7.22,12.3,17.9,9,15,1.9,121.1,42,B11,U111,1,LT,LT0,LT02,LT027,Common wheat,Agriculture (excluding fallow land and kitchen gardens)
52683728,Yes,,,,,4.3,4.66,12.52,25,0,10.5,1.7,65.5,119,C21,U120,1,LT,LT0,LT02,LT025,Spruce dominated coniferous woodland,FORESTRY
52543704,Yes,,,,,3,3.8,28.1,271.5,0,51.2,10.9,232.4,99,C21,U120,1,LT,LT0,LT02,LT029,Spruce dominated coniferous woodland,FORESTRY
52103674,Yes,,,,,6.6,6.74,21.2,41.7,3,9.3,3.6,38.3,71,C21,U120,1,LT,LT0,LT02,LT022,Spruce dominated coniferous woodland,FORESTRY
52303734,Yes,,,,,7.1,7.51,13.19,22.7,28,8.8,1.4,49.8,61,E30,U112,1,LT,LT0,LT02,LT025,Spontaneously re-vegetated surfaces,Fallow land
51763594,Yes,,,,,5.1,5.59,7.77,18.5,0,6.1,2.2,16.9,51,E20,U111,1,LT,LT0,LT02,LT024,Grassland without tree/shrub cover,Agriculture (excluding fallow land and kitchen gardens)
51323614,Yes,,,,,6.2,6.4,12.42,17.3,0,28.7,1.7,107.7,38,B11,U111,1,LT,LT0,LT02,LT024,Common wheat,Agriculture (excluding fallow land and kitchen gardens)
52463552,Yes,,,,,4.7,5.19,5.28,9.6,0,8.8,1.1,49.8,129,B18,U111,1,LT,LT0,LT02,LT021,Triticale,Agriculture (excluding fallow land and kitchen gardens)
