Point_ID,Revisited_point,Coarse,Clay,Sand,Silt,pH(CaCl2),pH(H2O),EC,OC,CaCO3,P,N,K,Elevation,LC1,LU1,Soil_Stones,NUTS_0,NUTS_1,NUTS_2,NUTS_3,LC1_Desc,LU1_Desc
46742602,No,22,21,24,55,4.5,5,19.66,40.6,0,8.4,3.4,55.4,1387,C21,U120,1,AT,AT2,AT21,AT213,Spruce dominated coniferous woodland,FORESTRY
44362656,No,17,9,37,54,7,7.24,54.1,33.6,70,12.9,3.3,61,1380,E20,U111,1,AT,AT3,AT33,AT332,Grassland without tree/shrub cover,Agriculture (excluding fallow land and kitchen gardens)
43542718,No,11,14,25,61,4.5,4.9,76.5,57.4,0,33.7,6.6,117.9,1026,E20,U111,1,AT,AT3,AT33,AT331,Grassland without tree/shrub cover,Agriculture (excluding fallow land and kitchen gardens)
46722692,No,,,,,3.9,4.28,36.8,62.5,1,43.7,5.2,137.8,1092,C31,U120,1,AT,AT2,AT22,AT226,Spruce dominated mixed woodland,FORESTRY
46062628,No,8,9,44,46,5.9,6.1,72.8,80.8,2,14.7,4.7,135.4,1162,C21,U120,2,AT,AT2,AT21,AT211,Spruce dominated coniferous woodland,FORESTRY
45962734,No,27,38,9,53,6.4,6.85,10.83,33.2,1,0,2.1,172.9,1010,C31,U120,2,AT,AT3,AT31,AT315,Spruce dominated mixed woodland,FORESTRY
46722638,No,17,12,32,55,4.7,5.02,27.1,29.5,0,19.2,3.4,113.8,1170,E20,U111,1,AT,AT2,AT21,AT213,Grassland without tree/shrub cover,Agriculture (excluding fallow land and kitchen gardens)
46722642,No,10,6,50,44,4.6,4.76,66.9,31.4,0,34.3,4.3,186.9,1172,E20,U111,1,AT,AT2,AT21,AT213,Grassland without tree/shrub cover,Agriculture (excluding fallow land and kitchen gardens)
46562646,No,14,16,23,62,5,5.29,48.1,33,0,29.3,4.4,123.2,696,E20,U111,2,AT,AT2,AT21,AT213,Grassland without tree/shrub cover,Agriculture (excluding fallow land and kitchen gardens)
46462644,No,17,11,37,52,6.3,6.5,30.2,7.9,0,34,1.1,690.5,874,E20,U111,2,AT,AT2,AT21,AT213,Grassland without tree/shrub cover,Agriculture (excluding fallow land and kitchen gardens)
46502658,No,20,17,32,52,5.2,5.49,29.2,21.4,1,68.7,1.6,70.9,1252,C21,U120,3,AT,AT2,AT21,AT213,Spruce dominated coniferous woodland,FORESTRY
46402652,No,22,7,40,53,3.9,4.22,25.3,30.4,0,24,3.1,38.4,841,D10,U120,1,AT,AT2,AT21,AT213,Shrubland with sparse tree cover,FORESTRY
46022620,No,28,9,44,46,6.6,6.81,52.1,73.1,257,6.9,4.6,154.1,1047,C31,U120,2,AT,AT2,AT21,AT211,Spruce dominated mixed woodland,FORESTRY
46622648,No,20,21,25,54,5,5.15,42,40.8,1,12.9,3.9,155.6,645,C31,U120,1,AT,AT2,AT21,AT213,Spruce dominated mixed woodland,FORESTRY
46462636,No,18,8,47,45,6.1,6.28,47.7,20.2,1,53.9,2.7,45.1,762,E20,U111,2,AT,AT2,AT21,AT213,Grassland without tree/shrub cover,Agriculture (excluding fallow land and kitchen gardens)
46022632,No,10,10,38,52,4.9,5.08,85.5,103.2,0,14.9,7.2,297.8,992,C31,U120,3,AT,AT2,AT21,AT211,Spruce dominated mixed woodland,FORESTRY
46442642,No,18,9,43,48,4.1,4.33,34.4,25.5,0,41.8,2.9,199.7,1034,C10,U120,1,AT,AT2,AT21,AT213,Broadleaved woodland,FORESTRY
45902624,No,14,6,54,40,6.3,6.4,121.2,303.6,6,17.9,14.3,220,1143,C31,U120,1,AT,AT2,AT21,AT211,Spruce dominated mixed woodland,FORESTRY
46082638,No,13,8,49,43,3.6,4.27,15.45,146.3,0,30.5,7.9,142,1371,C23,U120,2,AT,AT2,AT21,AT212,Other coniferous woodland,FORESTRY
46002652,No,11,8,41,51,3.9,4.26,36.3,76.7,0,22.9,5.7,121.4,1324,C21,U120,1,AT,AT2,AT21,AT212,Spruce dominated coniferous woodland,FORESTRY
45722614,No,17,13,33,54,4.1,4.52,12.23,77.3,0,7.1,4.6,53.2,1088,C31,U120,1,AT,AT2,AT21,AT212,Spruce dominated mixed woodland,FORESTRY
45722612,No,22,5,70,25,4.1,4.56,172.5,329.8,0,102.6,18.4,546.5,1460,C21,U120,2,AT,AT2,AT21,AT212,Spruce dominated coniferous woodland,FORESTRY
46342650,No,27,14,36,51,4.1,4.44,38.5,56,0,43.8,4.5,100.6,906,C21,U120,2,AT,AT2,AT21,AT213,Spruce dominated coniferous woodland,FORESTRY
46262660,No,17,8,52,40,3.9,4.42,16.39,127.3,0,39,7.8,163.3,1330,C21,U120,2,AT,AT2,AT21,AT213,Spruce dominated coniferous woodland,FORESTRY
46362660,No,18,9,45,46,3.4,3.9,35.8,167.8,0,68.4,9.6,172.3,1162,C21,U120,1,AT,AT2,AT21,AT213,Spruce dominated coniferous woodland,FORESTRY
46402674,No,25,13,46,42,5.1,5.34,53.7,31.9,0,26.1,3.9,147.8,911,E20,U111,1,AT,AT2,AT22,AT226,Grassland without tree/shrub cover,Agriculture (excluding fallow land and kitchen gardens)
45482646,No,18,6,59,34,3.7,4.17,21.2,173.2,0,34.2,8.4,209.5,1540,C21,U120,2,AT,AT2,AT21,AT212,Spruce dominated coniferous woodland,FORESTRY
47682754,No,20,5,63,31,6.8,6.85,32.7,368.3,23,70.2,16.3,284,549,C31,U120,1,AT,AT1,AT12,AT122,Spruce dominated mixed woodland,FORESTRY
45362696,No,32,24,31,45,4.5,5.05,5.59,25.2,0,9.8,2.1,224,1234,F40,U111,2,AT,AT3,AT32,AT322,OTHER BARE SOIL,Agriculture (excluding fallow land and kitchen gardens)
45382662,No,23,9,47,44,5,5.27,29.1,27.6,0,5.2,2.4,18.1,1249,C23,U120,1,AT,AT2,AT21,AT212,Other coniferous woodland,FORESTRY
45542648,No,18,9,51,39,4.6,5.04,10.8,21.5,1,5.5,2.1,46.9,1015,E10,U111,2,AT,AT2,AT21,AT212,Grassland with sparse tree/shrub cover,Agriculture (excluding fallow land and kitchen gardens)
45362642,No,24,6,62,32,4,4.54,10.74,45.1,0,16.2,3.3,147,1407,D10,U120,3,AT,AT3,AT33,AT333,Shrubland with sparse tree cover,FORESTRY
46622750,No,46,16,35,49,6.1,6.3,46.6,156.3,5,16.4,11.4,362.5,1048,C31,U120,2,AT,AT3,AT31,AT314,Spruce dominated mixed woodland,FORESTRY
46702650,No,12,6,51,43,5.9,6.17,89.6,62,1,21.7,4.8,133.9,1023,C21,U120,1,AT,AT2,AT21,AT213,Spruce dominated coniferous woodland,FORESTRY
46282726,No,24,10,45,45,4.7,5.15,24.8,105.4,0,9.1,7.9,60.6,1398,E30,U120,1,AT,AT2,AT22,AT222,Spontaneously re-vegetated surfaces,FORESTRY
45782730,No,34,4,75,21,6.9,7.05,94.2,265,7,61.4,19.7,1498.4,1350,E10,U111,1,AT,AT3,AT32,AT323,Grassland with sparse tree/shrub cover,Agriculture (excluding fallow land and kitchen gardens)
45442740,No,21,21,25,54,4.6,5.15,11.47,41.9,1,10.2,3.5,81.7,628,C31,U120,1,AT,AT3,AT32,AT323,Spruce dominated mixed woodland,FORESTRY
46622642,No,12,21,33,47,6.7,6.93,19.92,16.8,2,48.2,2,144.2,554,B16,U111,2,AT,AT2,AT21,AT213,Maize,Agriculture (excluding fallow land and kitchen gardens)
47842680,No,28,25,12,63,4.8,5.1,19.53,25.6,0,42,3.1,186.8,260,B33,U111,1,AT,AT1,AT11,AT113,Soya,Agriculture (excluding fallow land and kitchen gardens)
46262642,No,28,16,43,41,3.8,4.26,6.92,36.6,0,14.5,3,53.2,1311,C31,U120,2,AT,AT2,AT21,AT212,Spruce dominated mixed woodland,FORESTRY
47622754,No,45,15,42,43,6.4,6.47,116.2,190.2,109,36.8,10.2,169.8,1188,C31,U120,1,AT,AT1,AT12,AT122,Spruce dominated mixed woodland,FORESTRY
47522746,No,26,12,44,44,4.5,5.01,10.75,34.8,0,54.2,3.3,85.9,793,C21,U120,2,AT,AT1,AT12,AT122,Spruce dominated coniferous woodland,FORESTRY
47482742,No,27,4,68,28,3.8,4.24,94.3,328.5,0,67.9,17.2,452.4,0,C21,U120,4,AT,AT2,AT22,AT223,Spruce dominated coniferous woodland,FORESTRY
47502772,No,33,6,67,27,6.3,6.42,131.3,334.7,13,36.2,15.9,267.4,820,C33,U120,1,AT,AT1,AT12,AT122,Other mixed woodland,FORESTRY
47662760,No,24,24,18,58,6.5,6.61,29.6,71.5,3,13.1,6.7,203.7,730,E20,U111,1,AT,AT1,AT12,AT122,Grassland without tree/shrub cover,Agriculture (excluding fallow land and kitchen gardens)
47422758,No,33,20,31,50,7,7.15,43.1,129.7,64,12.4,9.4,322.5,929,E30,U120,3,AT,AT1,AT12,AT122,Spontaneously re-vegetated surfaces,FORESTRY
47242764,No,28,17,21,62,7.1,7.19,57.4,109.8,159,5.5,3.7,46.8,1036,C21,U120,4,AT,AT1,AT12,AT122,Spruce dominated coniferous woodland,FORESTRY
46642626,No,18,13,45,42,6.5,6.68,34.7,24.6,0,76.6,2.8,137.8,463,B16,U111,2,AT,AT2,AT21,AT211,Maize,Agriculture (excluding fallow land and kitchen gardens)
46442606,No,21,26,20,54,4.6,5.13,8.76,42.8,0,6,3.8,113,1057,C21,U120,1,AT,AT2,AT21,AT211,Spruce dominated coniferous woodland,FORESTRY
46462834,No,25,10,57,33,5.3,5.81,9.06,30.6,0,19.6,2.8,111.6,0,E10,U111,1,AT,AT3,AT31,AT313,Grassland with sparse tree/shrub cover,Agriculture (excluding fallow land and kitchen gardens)
45502702,No,25,16,33,51,5.1,5.48,10.56,28.6,1,8.4,3,61.8,1260,E20,U111,1,AT,AT3,AT32,AT322,Grassland without tree/shrub cover,Agriculture (excluding fallow land and kitchen gardens)
47482734,No,26,7,46,47,6.7,6.9,82.9,141.3,370,24.9,6.1,62.9,987,C31,U120,1,AT,AT2,AT22,AT223,Spruce dominated mixed woodland,FORESTRY
47402716,No,20,8,38,54,4,4.54,18.77,70.4,1,38.6,4.7,65.9,1094,C21,U120,1,AT,AT2,AT22,AT223,Spruce dominated coniferous woodland,FORESTRY
47402738,No,17,10,33,56,4.2,4.42,49.2,51.2,0,66.1,4.1,45.1,1283,E20,U111,1,AT,AT2,AT22,AT223,Grassland without tree/shrub cover,Agriculture (excluding fallow land and kitchen gardens)
47462746,No,26,16,42,43,3.4,3.85,12.51,128.7,0,17.8,6.3,58.2,1063,C21,U120,1,AT,AT2,AT22,AT223,Spruce dominated coniferous woodland,FORESTRY
47442738,No,22,9,37,53,3.2,3.61,16.49,143.2,1,32.7,7.4,70.4,1270,C21,U120,1,AT,AT2,AT22,AT223,Spruce dominated coniferous woodland,FORESTRY
47322744,No,18,13,29,58,7,7.12,74.2,103.3,102,22.6,7.2,49.1,811,E20,U111,1,AT,AT2,AT22,AT223,Grassland without tree/shrub cover,Agriculture (excluding fallow land and kitchen gardens)
47262634,No,14,25,16,58,4,4.52,7.36,45.2,0,0,2.6,92.5,399,C32,U120,1,AT,AT2,AT22,AT225,Pine dominated mixed woodland,FORESTRY
47082630,No,13,9,43,48,3.7,4.27,9.85,64.2,0,10.5,3.6,60.5,1109,C21,U120,2,AT,AT2,AT22,AT225,Spruce dominated coniferous woodland,FORESTRY
46982660,No,6,9,38,53,3.7,4.02,38,100.4,1,24,6,106.4,1081,D10,U120,1,AT,AT2,AT21,AT213,Shrubland with sparse tree cover,FORESTRY
46182646,No,31,13,42,44,4.7,5.27,10.19,42.4,0,15.1,4.8,89.4,1089,E20,U111,1,AT,AT2,AT21,AT212,Grassland without tree/shrub cover,Agriculture (excluding fallow land and kitchen gardens)
47122662,No,15,10,37,53,3.4,3.8,30.4,99,0,29.3,6,108.9,1162,C31,U120,1,AT,AT2,AT22,AT225,Spruce dominated mixed woodland,FORESTRY
47642728,No,23,6,45,49,3.5,3.87,30.2,139.1,0,43,8.6,112.1,1389,C21,U120,1,AT,AT2,AT22,AT224,Spruce dominated coniferous woodland,FORESTRY
45582696,No,25,18,27,55,6.9,7.36,18.56,30.3,29,92.6,2.9,24.2,816,E20,U111,1,AT,AT3,AT32,AT322,Grassland without tree/shrub cover,Agriculture (excluding fallow land and kitchen gardens)
45482700,No,34,20,27,52,5,5.35,15.59,31.4,0,10.6,2.5,141.3,1171,C21,U120,1,AT,AT3,AT32,AT322,Spruce dominated coniferous woodland,FORESTRY
45602672,No,14,4,63,33,3.3,3.65,27.9,111.3,0,87.8,6.9,146.9,1253,C21,U120,1,AT,AT3,AT32,AT322,Spruce dominated coniferous woodland,FORESTRY
45582678,No,20,10,33,57,4,4.82,18.03,57.1,0,20.8,4.1,32.6,1366,C21,U120,1,AT,AT3,AT32,AT322,Spruce dominated coniferous woodland,FORESTRY
45642684,No,22,17,23,60,4,4.37,11.69,52.4,1,11.5,5,75.9,1285,C21,U120,1,AT,AT3,AT32,AT322,Spruce dominated coniferous woodland,FORESTRY
45642688,No,23,14,15,70,4.2,4.59,15.18,56.5,0,24.1,4.9,102.5,1201,E20,U111,1,AT,AT3,AT32,AT322,Grassland without tree/shrub cover,Agriculture (excluding fallow land and kitchen gardens)
45782694,No,29,11,29,60,5.4,5.78,28.7,40.2,1,43.7,4.1,197.2,1033,E20,U111,1,AT,AT3,AT32,AT322,Grassland without tree/shrub cover,Agriculture (excluding fallow land and kitchen gardens)
45182728,No,43,37,14,49,5.2,5.53,16.25,61.1,1,7.5,4.7,142.8,1004,C31,U120,1,AT,AT3,AT32,AT322,Spruce dominated mixed woodland,FORESTRY
46502720,No,16,6,55,38,3.8,4.2,40.8,63.1,0,33.5,4.5,129.3,1138,E10,U120,2,AT,AT2,AT22,AT222,Grassland with sparse tree/shrub cover,FORESTRY
47082660,No,8,9,40,51,4.4,4.75,18.33,44,0,14,4.4,72.7,1155,E20,U111,1,AT,AT2,AT22,AT225,Grassland without tree/shrub cover,Agriculture (excluding fallow land and kitchen gardens)
47502700,No,17,12,30,58,5.6,5.94,36.9,29.5,2,29.3,3.5,70.7,760,E20,U111,1,AT,AT2,AT22,AT224,Grassland without tree/shrub cover,Agriculture (excluding fallow land and kitchen gardens)
47222676,No,19,19,29,52,5.2,5.58,17.59,33,0,10.3,3.9,94.7,466,B71,U111,1,AT,AT2,AT22,AT221,Apple fruit,Agriculture (excluding fallow land and kitchen gardens)
47542736,No,21,7,53,41,3.3,3.75,15.78,121.6,0,16.1,6.5,90.7,1170,C21,U120,1,AT,AT2,AT22,AT223,Spruce dominated coniferous woodland,FORESTRY
47582744,No,20,9,29,62,6.9,7.09,71.8,159,30,24.2,6.1,64.6,790,C21,U120,1,AT,AT1,AT12,AT122,Spruce dominated coniferous woodland,FORESTRY
46942670,No,11,8,43,49,4.2,5.22,35.8,91.8,1,32.4,5.1,99.2,1431,E10,U120,1,AT,AT2,AT22,AT225,Grassland with sparse tree/shrub cover,FORESTRY
47082664,No,8,7,59,35,3.4,3.83,16.12,116.2,0,20.3,5.4,68.1,972,C21,U120,1,AT,AT2,AT22,AT225,Spruce dominated coniferous woodland,FORESTRY
46962676,No,7,11,33,56,5.7,6,27.9,62.7,3,5.5,6.1,77.7,1514,E20,U111,1,AT,AT2,AT22,AT225,Grassland without tree/shrub cover,Agriculture (excluding fallow land and kitchen gardens)
47182690,No,32,18,26,55,7.2,7.47,31,39.9,194,5.4,3.2,24.5,530,E20,U111,1,AT,AT2,AT22,AT221,Grassland without tree/shrub cover,Agriculture (excluding fallow land and kitchen gardens)
47322694,No,25,14,32,53,3.5,3.95,13.63,138.6,4,23,6.9,76,985,C21,U120,1,AT,AT2,AT22,AT221,Spruce dominated coniferous woodland,FORESTRY
47562732,No,21,10,29,61,4.4,4.62,35.2,39.6,1,19.4,4.2,141.9,1111,E20,U111,1,AT,AT2,AT22,AT224,Grassland without tree/shrub cover,Agriculture (excluding fallow land and kitchen gardens)
47442702,No,26,16,25,59,5.2,5.55,22.8,43.9,1,11.5,5.2,53.2,982,E20,U111,1,AT,AT2,AT22,AT224,Grassland without tree/shrub cover,Agriculture (excluding fallow land and kitchen gardens)
47582730,No,17,12,30,58,7,7.16,73.9,53.4,321,20.1,6.7,123.7,964,E20,U111,1,AT,AT2,AT22,AT224,Grassland without tree/shrub cover,Agriculture (excluding fallow land and kitchen gardens)
47122698,No,6,10,39,52,3.7,4,26,82.5,1,74.5,5.4,93.8,1271,C21,U120,1,AT,AT2,AT22,AT221,Spruce dominated coniferous woodland,FORESTRY
47322712,No,22,9,46,44,6.9,7.04,53.6,122.6,7,16.4,4.1,32.6,697,C21,U120,1,AT,AT2,AT22,AT223,Spruce dominated coniferous woodland,FORESTRY
47362708,No,18,18,31,51,3.3,3.71,25.4,61.5,1,20.8,3.8,59.7,1318,E10,U120,1,AT,AT2,AT22,AT224,Grassland with sparse tree/shrub cover,FORESTRY
47342710,No,17,26,24,50,4.9,5.28,11.1,61.5,1,5.5,4,58.4,1146,C21,U120,1,AT,AT2,AT22,AT223,Spruce dominated coniferous woodland,FORESTRY
47562710,No,12,12,41,47,3.8,4.13,25.3,61.7,0,20.9,3.9,50.7,952,C21,U120,1,AT,AT2,AT22,AT224,Spruce dominated coniferous woodland,FORESTRY
47562706,No,13,13,31,56,3.4,3.7,25,101.2,0,22.7,5.5,74,822,C21,U120,1,AT,AT2,AT22,AT224,Spruce dominated coniferous woodland,FORESTRY
47702722,No,11,13,41,46,3.8,3.93,19.39,57.9,0,14.5,2.8,43.5,850,C21,U120,1,AT,AT2,AT22,AT224,Spruce dominated coniferous woodland,FORESTRY
47742728,No,15,11,40,50,3.7,4.01,18.29,58.8,0,16.2,3.6,60.1,957,C21,U120,1,AT,AT2,AT22,AT224,Spruce dominated coniferous woodland,FORESTRY
47402730,No,19,26,14,60,5.3,5.61,15.74,22.6,0,16.1,2.9,53,642,E20,U111,1,AT,AT2,AT22,AT223,Grassland without tree/shrub cover,Agriculture (excluding fallow land and kitchen gardens)
46202640,No,28,15,39,46,3.9,4.23,21.6,58.7,0,14.6,3.9,78.2,1169,C23,U120,2,AT,AT2,AT21,AT212,Other coniferous woodland,FORESTRY
47422704,No,22,11,32,57,5,5.22,55.1,46.9,1,33.7,5.5,117.8,836,E20,U111,1,AT,AT2,AT22,AT224,Grassland without tree/shrub cover,Agriculture (excluding fallow land and kitchen gardens)
46782664,No,11,8,53,39,3.8,4.51,16.97,95.4,1,17.3,5,230.3,1142,C21,U120,1,AT,AT2,AT21,AT213,Spruce dominated coniferous woodland,FORESTRY
46142734,No,27,29,15,56,5.2,5.57,18.22,36.5,2,0,2.3,49.8,1058,C31,U120,4,AT,AT2,AT22,AT222,Spruce dominated mixed woodland,FORESTRY
46462682,No,14,16,33,51,4.9,5.16,20.9,24.6,0,4.4,2,58,1075,C21,U120,1,AT,AT2,AT22,AT226,Spruce dominated coniferous woodland,FORESTRY
46382686,No,11,7,54,40,6.7,6.85,44.2,35,6,19.2,3.7,117.4,1135,B75,U111,2,AT,AT2,AT22,AT226,Other fruit trees and berries,Agriculture (excluding fallow land and kitchen gardens)
46362688,No,12,7,46,47,3.9,4.5,18.14,98,0,26.1,6.4,159.7,1736,C21,U111,1,AT,AT2,AT22,AT226,Spruce dominated coniferous woodland,Agriculture (excluding fallow land and kitchen gardens)
46402688,No,13,13,35,53,6.9,7.18,52.5,36,119,10.7,4,138.6,1213,E20,U111,1,AT,AT2,AT22,AT226,Grassland without tree/shrub cover,Agriculture (excluding fallow land and kitchen gardens)
46422690,No,16,9,46,45,4,4.55,14.35,88.8,0,18,5.1,220.8,1234,C21,U120,1,AT,AT2,AT22,AT226,Spruce dominated coniferous woodland,FORESTRY
46442692,No,10,7,49,44,3.8,4.28,32.2,105.2,0,40.2,6.3,213.6,1247,C21,U120,1,AT,AT2,AT22,AT226,Spruce dominated coniferous woodland,FORESTRY
46622720,No,23,10,24,66,4,4.1,28.4,29.2,0,31,3.4,83.6,872,E20,U111,1,AT,AT2,AT22,AT222,Grassland without tree/shrub cover,Agriculture (excluding fallow land and kitchen gardens)
47122706,No,7,6,53,41,4.6,4.98,21.7,25.4,1,23.8,3,133.7,948,E20,U111,1,AT,AT2,AT22,AT223,Grassland without tree/shrub cover,Agriculture (excluding fallow land and kitchen gardens)
46582666,No,13,9,33,57,5.1,5.38,53.5,44.8,0,29,5.2,151.7,1162,E20,U111,1,AT,AT2,AT22,AT226,Grassland without tree/shrub cover,Agriculture (excluding fallow land and kitchen gardens)
46842660,No,9,10,46,44,4,4.54,10.39,43.6,0,12.7,2.8,111,981,C21,U120,1,AT,AT2,AT21,AT213,Spruce dominated coniferous woodland,FORESTRY
46622668,No,13,15,32,53,6.4,6.6,37.3,27.9,1,14.3,3,87.1,1023,E20,U111,1,AT,AT2,AT22,AT226,Grassland without tree/shrub cover,Agriculture (excluding fallow land and kitchen gardens)
46702674,No,26,9,44,48,5.2,5.35,96.6,106.4,6,19.9,6.7,306.5,1595,C21,U120,1,AT,AT2,AT22,AT226,Spruce dominated coniferous woodland,FORESTRY
46802674,No,10,8,49,43,3.8,4.25,21.8,82.2,0,13.9,4.5,182.2,1088,C21,U120,1,AT,AT2,AT22,AT226,Spruce dominated coniferous woodland,FORESTRY
45842658,No,11,7,50,43,4.4,4.61,94.2,150.9,2,42.4,9.4,235.1,951,C21,U120,4,AT,AT2,AT21,AT212,Spruce dominated coniferous woodland,FORESTRY
45962662,No,12,14,28,58,5,5.44,21.5,40,0,15.7,4.4,86.8,1158,E20,U111,1,AT,AT2,AT21,AT212,Grassland without tree/shrub cover,Agriculture (excluding fallow land and kitchen gardens)
45642656,No,12,8,48,44,4.2,4.5,33.1,47,0,12.1,3.8,43.4,1143,C31,U120,1,AT,AT2,AT21,AT212,Spruce dominated mixed woodland,FORESTRY
46942692,No,6,13,38,49,3.6,4.16,12.08,55,0,15.8,3.5,65.8,897,C21,U120,1,AT,AT2,AT22,AT226,Spruce dominated coniferous woodland,FORESTRY
45002638,No,15,9,43,48,4.3,4.74,16.71,83.3,1,30,4.7,166.5,1830,C21,U120,3,AT,AT3,AT33,AT333,Spruce dominated coniferous woodland,FORESTRY
45962708,No,24,21,18,61,6.9,7.08,53.9,54.1,48,12.4,4.3,91.2,1179,E10,U111,1,AT,AT2,AT22,AT222,Grassland with sparse tree/shrub cover,Agriculture (excluding fallow land and kitchen gardens)
46022704,No,30,8,42,51,3.6,4.17,16.27,88.6,0,25.9,5.8,89.2,1319,C21,U120,1,AT,AT2,AT22,AT222,Spruce dominated coniferous woodland,FORESTRY
46862694,No,13,8,50,42,3.2,3.82,15.72,108.3,0,14.2,5.1,124.4,838,C21,U120,1,AT,AT2,AT22,AT226,Spruce dominated coniferous woodland,FORESTRY
46662682,No,15,9,46,46,3.8,4.07,27.5,62.5,0,20.1,4.3,140.7,1106,C21,U120,1,AT,AT2,AT22,AT226,Spruce dominated coniferous woodland,FORESTRY
46262696,No,17,4,61,35,4.8,5.02,91.4,87.2,1,32.5,6.6,148.9,1237,C21,U120,2,AT,AT2,AT22,AT222,Spruce dominated coniferous woodland,FORESTRY
46562722,No,15,15,36,50,4.5,4.84,8.43,31.5,1,4.9,2.5,70.6,1109,E10,U120,1,AT,AT2,AT22,AT222,Grassland with sparse tree/shrub cover,FORESTRY
46242712,No,11,11,26,63,3.4,3.75,27.1,86.4,0,43,4.8,276.8,1047,F40,U120,1,AT,AT2,AT22,AT222,OTHER BARE SOIL,FORESTRY
46362702,No,9,5,54,41,4.3,4.67,27.6,43.1,1,18.6,3.9,809.2,1111,C21,U120,1,AT,AT2,AT22,AT222,Spruce dominated coniferous woodland,FORESTRY
46042706,No,18,13,22,65,4.9,5.2,48,24.9,0,15.6,3.2,388,818,E20,U111,1,AT,AT2,AT22,AT222,Grassland without tree/shrub cover,Agriculture (excluding fallow land and kitchen gardens)
46762724,No,8,18,26,56,5.9,6.08,31.1,21.2,1,0,2.4,310.9,900,E20,U111,1,AT,AT2,AT22,AT223,Grassland without tree/shrub cover,Agriculture (excluding fallow land and kitchen gardens)
46642712,No,13,12,25,63,3.7,4.4,36.2,76.1,0,24,4.8,283.6,1284,C21,U120,1,AT,AT2,AT22,AT226,Spruce dominated coniferous woodland,FORESTRY
46762716,No,24,12,39,49,3.9,4.25,23.6,49.3,0,14.8,3.5,239.7,1274,C21,U120,2,AT,AT2,AT22,AT223,Spruce dominated coniferous woodland,FORESTRY
46522674,No,18,15,24,61,4.3,4.5,25,26.2,0,17,3,81,999,E20,U111,1,AT,AT2,AT22,AT226,Grassland without tree/shrub cover,Agriculture (excluding fallow land and kitchen gardens)
46162668,No,30,5,59,35,3.9,4.24,45.4,112.1,0,47.9,7.1,452.3,1090,C21,U120,1,AT,AT3,AT32,AT321,Spruce dominated coniferous woodland,FORESTRY
45402624,No,18,6,48,46,4.1,4.47,41.5,95.1,0,49.5,6.2,110.9,1206,C31,U120,4,AT,AT2,AT21,AT212,Spruce dominated mixed woodland,FORESTRY
46602700,No,12,10,41,49,4.6,4.9,37.9,26,1,19.4,3.3,234.8,1041,E20,U111,1,AT,AT2,AT22,AT226,Grassland without tree/shrub cover,Agriculture (excluding fallow land and kitchen gardens)
46902702,No,16,11,37,51,4.2,4.58,38.2,36.6,0,22.2,3,812,1368,C23,U120,1,AT,AT2,AT22,AT226,Other coniferous woodland,FORESTRY
46542702,No,10,8,41,51,4.2,4.36,87.1,67,1,28.1,6.3,224.9,1063,E20,U111,1,AT,AT2,AT22,AT226,Grassland without tree/shrub cover,Agriculture (excluding fallow land and kitchen gardens)
46122678,No,11,10,38,51,3.7,4.29,23,131.6,0,32.2,7.5,234.7,1243,C21,U120,1,AT,AT3,AT32,AT321,Spruce dominated coniferous woodland,FORESTRY
46202682,No,11,9,43,48,4.2,4.52,34.9,64.5,0,15.6,4.3,174.8,1351,C21,U120,1,AT,AT2,AT22,AT226,Spruce dominated coniferous woodland,FORESTRY
47082720,No,25,9,33,58,4.4,4.88,18.46,37.3,0,25.7,3.7,128.7,752,C21,U120,1,AT,AT2,AT22,AT223,Spruce dominated coniferous woodland,FORESTRY
47062718,No,20,7,49,44,3.2,3.98,47.6,308.3,0,63.1,15.9,411.3,915,C23,U120,1,AT,AT2,AT22,AT223,Other coniferous woodland,FORESTRY
46562692,No,11,8,55,37,4,4.52,16.02,96.3,0,25.3,5.5,175.8,1231,C21,U120,2,AT,AT2,AT22,AT226,Spruce dominated coniferous woodland,FORESTRY
46482688,No,11,10,32,58,4.3,4.53,47.6,97.6,0,19.6,5.9,189.2,1217,E20,U111,1,AT,AT2,AT22,AT226,Grassland without tree/shrub cover,Agriculture (excluding fallow land and kitchen gardens)
46182666,No,23,5,57,38,4.1,4.36,64,142.7,0,49.3,9.9,343.5,1084,C21,U120,1,AT,AT2,AT22,AT226,Spruce dominated coniferous woodland,FORESTRY
43622690,No,33,21,19,59,5.8,6.05,133.1,135.9,2,25.9,10.2,173.5,1183,C23,U120,1,AT,AT3,AT33,AT331,Other coniferous woodland,FORESTRY
43682658,No,27,18,21,61,6.7,6.86,35.4,47.2,20,11,5.5,87.2,1342,E20,U111,1,AT,AT3,AT33,AT334,Grassland without tree/shrub cover,Agriculture (excluding fallow land and kitchen gardens)
43762672,No,13,10,38,52,4.7,4.95,55.2,40.3,0,54.7,4.2,44,1107,E20,U111,1,AT,AT3,AT33,AT334,Grassland without tree/shrub cover,Agriculture (excluding fallow land and kitchen gardens)
43242668,No,12,8,40,52,4,4.28,48.4,70.6,0,22.1,6.1,66.1,1042,C21,U120,1,AT,AT3,AT34,AT341,Spruce dominated coniferous woodland,FORESTRY
44982658,No,18,5,59,36,5.2,5.46,76.1,68.8,2,12.7,4.6,67.4,1483,C10,U420,1,AT,AT3,AT33,AT333,Broadleaved woodland,Semi-natural and natural areas not in use
42882682,No,22,19,16,65,6.9,7,54.9,63.3,26,18.6,5.6,137.9,431,E20,U111,1,AT,AT3,AT34,AT342,Grassland without tree/shrub cover,Agriculture (excluding fallow land and kitchen gardens)
43482660,No,23,9,52,39,6.8,6.97,54.4,19.7,3,12.3,2,183.3,1247,E20,U111,2,AT,AT3,AT33,AT334,Grassland without tree/shrub cover,Agriculture (excluding fallow land and kitchen gardens)
43582664,No,21,8,52,39,3.9,4.13,111.4,146.2,0,31.5,6.9,228.4,1440,C21,U120,1,AT,AT3,AT33,AT334,Spruce dominated coniferous woodland,FORESTRY
43162652,No,28,6,65,30,4.2,4.63,44.5,108.2,0,31.1,7.4,71.7,1438,C21,U120,1,AT,AT3,AT34,AT341,Spruce dominated coniferous woodland,FORESTRY
45242636,No,17,11,33,55,3.7,3.9,30.1,89.2,1,16.4,4.3,88.9,1745,E10,U120,1,AT,AT3,AT33,AT333,Grassland with sparse tree/shrub cover,FORESTRY
43562686,No,12,6,63,31,4.1,4.41,135.9,328,1,78.4,16.5,75.2,1241,C23,U120,1,AT,AT3,AT33,AT331,Other coniferous woodland,FORESTRY
43802702,No,32,13,29,58,6.9,6.96,131.5,161.7,77,45.3,11.7,140,1050,E20,U111,1,AT,AT3,AT33,AT331,Grassland without tree/shrub cover,Agriculture (excluding fallow land and kitchen gardens)
43662688,No,29,9,32,59,6.8,7.04,82,163.9,100,17.9,5.4,172.1,1308,C23,U120,2,AT,AT3,AT33,AT331,Other coniferous woodland,FORESTRY
43682686,No,42,21,21,58,6.7,6.78,109.7,153.1,36,15.4,10.6,122.4,1727,C21,U111,2,AT,AT3,AT33,AT331,Spruce dominated coniferous woodland,Agriculture (excluding fallow land and kitchen gardens)
44382670,No,26,13,27,60,7,7.1,58.9,34.3,27,16.2,4.5,44.8,1370,E20,U111,1,AT,AT3,AT33,AT332,Grassland without tree/shrub cover,Agriculture (excluding fallow land and kitchen gardens)
44222658,No,19,11,38,51,4.1,4.27,23.7,30.1,1,11.5,3,40.5,1310,E10,U120,2,AT,AT3,AT33,AT332,Grassland with sparse tree/shrub cover,FORESTRY
43782660,No,13,7,55,38,3.8,4.34,10.27,80.1,1,22.7,4.3,168.4,1270,C21,U120,1,AT,AT3,AT33,AT334,Spruce dominated coniferous woodland,FORESTRY
43642710,No,39,21,25,53,4,4.21,89.5,89.9,0,26.7,7.1,276.3,1290,C21,U120,1,AT,AT3,AT33,AT331,Spruce dominated coniferous woodland,FORESTRY
44102696,No,25,2,82,16,3.6,4.25,107.5,388.3,0,95.9,19.6,598.4,1310,C31,U120,1,AT,AT3,AT33,AT332,Spruce dominated mixed woodland,FORESTRY
44402664,No,21,9,48,42,4.3,4.76,3.76,20.5,1,6,1.7,30.3,1490,C21,U120,1,AT,AT3,AT33,AT332,Spruce dominated coniferous woodland,FORESTRY
44282656,No,18,4,75,22,6.1,6.28,226,291.3,5,86.9,28.9,521.3,1415,E20,U111,1,AT,AT3,AT33,AT332,Grassland without tree/shrub cover,Agriculture (excluding fallow land and kitchen gardens)
43402682,No,20,10,44,46,6,6.22,264,259.9,12,36.1,13,424,1237,C23,U120,1,AT,AT3,AT33,AT331,Other coniferous woodland,FORESTRY
46442710,No,13,5,56,38,3.5,4.09,58,260.5,0,242.1,15.2,330.7,1230,C21,U120,1,AT,AT2,AT22,AT222,Spruce dominated coniferous woodland,FORESTRY
45182714,No,32,9,50,41,6.7,6.97,43.2,157.5,56,13.8,7.2,201.1,1006,C33,U120,1,AT,AT3,AT33,AT335,Other mixed woodland,FORESTRY
45542620,No,17,15,22,62,4.6,4.97,26.1,52.1,0,19.4,5.9,152.5,680,E20,U111,1,AT,AT2,AT21,AT212,Grassland without tree/shrub cover,Agriculture (excluding fallow land and kitchen gardens)
46782690,No,16,13,32,55,4.8,5.03,61.4,33.7,0,23.9,4.5,150.9,777,E20,U111,1,AT,AT2,AT22,AT226,Grassland without tree/shrub cover,Agriculture (excluding fallow land and kitchen gardens)
46442684,No,18,7,53,40,3.2,3.89,26.3,194.9,0,28,8.8,137.7,1277,C21,U120,1,AT,AT2,AT22,AT226,Spruce dominated coniferous woodland,FORESTRY
46842692,No,8,8,61,32,3.7,4.38,15.35,153.9,0,32.9,8.5,175.1,848,C21,U120,1,AT,AT2,AT22,AT226,Spruce dominated coniferous woodland,FORESTRY
46602676,No,18,5,60,34,4.7,4.8,80.8,73.3,3,48.4,5.8,132.2,1084,C21,U120,1,AT,AT2,AT22,AT226,Spruce dominated coniferous woodland,FORESTRY
46682698,No,16,5,57,38,4.2,4.48,18.65,30.5,0,39.3,3.4,78.2,1205,E20,U111,1,AT,AT2,AT22,AT226,Grassland without tree/shrub cover,Agriculture (excluding fallow land and kitchen gardens)
46302682,No,18,7,48,45,3.9,4.54,18.74,79.2,0,52.1,5,133.7,1343,C21,U120,1,AT,AT2,AT22,AT226,Spruce dominated coniferous woodland,FORESTRY
46442702,No,9,8,47,45,3.7,4.16,39.8,124.9,0,32.3,8.3,197.8,1466,C21,U120,1,AT,AT2,AT22,AT226,Spruce dominated coniferous woodland,FORESTRY
46942710,No,25,14,33,53,4.1,4.34,40.1,54.3,0,25.6,4.2,61.9,692,C21,U120,1,AT,AT2,AT22,AT223,Spruce dominated coniferous woodland,FORESTRY
43782700,No,26,38,10,53,5.6,5.77,52,39.4,1,7.2,3.6,54,1406,C21,U120,1,AT,AT3,AT33,AT331,Spruce dominated coniferous woodland,FORESTRY
46642736,No,21,16,25,59,3.4,3.88,21.5,140.1,0,30,10,172.8,819,C21,U120,1,AT,AT2,AT22,AT222,Spruce dominated coniferous woodland,FORESTRY
44302680,No,19,14,24,62,4.4,4.69,51.8,46.9,0,35,5.3,147.2,1077,E20,U111,1,AT,AT3,AT33,AT332,Grassland without tree/shrub cover,Agriculture (excluding fallow land and kitchen gardens)
44222668,No,7,10,33,56,6.9,7,55.4,64.7,7,64.8,6.2,93.5,1014,E20,U111,1,AT,AT3,AT33,AT332,Grassland without tree/shrub cover,Agriculture (excluding fallow land and kitchen gardens)
44622708,No,22,9,44,46,7,7.18,65.7,58.1,108,9.6,3.4,32.9,535,C10,U120,1,AT,AT3,AT33,AT335,Broadleaved woodland,FORESTRY
44382684,No,29,8,47,45,6.4,6.68,45.4,140.8,50,58.6,7.2,190.4,1070,C21,U120,1,AT,AT3,AT33,AT332,Spruce dominated coniferous woodland,FORESTRY
44082690,No,14,16,28,56,5.3,5.54,71.5,77.9,0,9.4,4,67.5,1330,C21,U120,1,AT,AT3,AT33,AT332,Spruce dominated coniferous woodland,FORESTRY
44582712,No,16,19,26,55,6.6,6.89,60.3,62.7,5,0,4.1,62.1,1049,C33,U120,1,AT,AT3,AT33,AT335,Other mixed woodland,FORESTRY
43862700,No,43,20,27,53,6.9,6.98,120.9,120.6,295,24.4,8,206.6,1044,C10,U120,1,AT,AT3,AT33,AT331,Broadleaved woodland,FORESTRY
43902682,No,13,10,45,45,4.6,4.95,52,47.9,1,16.9,4.2,85,1090,C31,U410,1,AT,AT3,AT33,AT334,Spruce dominated mixed woodland,Abandoned areas
45362624,No,18,8,51,41,5.3,5.74,13.07,73.4,0,15.8,5.5,127,1015,C31,U120,1,AT,AT2,AT21,AT212,Spruce dominated mixed woodland,FORESTRY
46842710,No,7,12,26,62,4.4,4.57,48.6,31.2,0,16.7,3.7,67.8,710,E20,U111,1,AT,AT2,AT22,AT223,Grassland without tree/shrub cover,Agriculture (excluding fallow land and kitchen gardens)
45262728,No,19,3,77,21,5.1,5.33,94.7,385.5,6,82.3,21.9,163.7,615,C33,U120,1,AT,AT3,AT32,AT322,Other mixed woodland,FORESTRY
46762666,No,17,9,47,44,3.6,4.34,19.01,123.7,0,24.9,6.3,45,1295,C21,U120,1,AT,AT2,AT21,AT213,Spruce dominated coniferous woodland,FORESTRY
43322692,No,28,17,22,61,3.5,4.13,10.67,71.5,0,23.2,5.6,50.3,1307,C21,U120,1,AT,AT3,AT34,AT341,Spruce dominated coniferous woodland,FORESTRY
43362694,No,32,13,30,57,6,6.22,117.7,128,1,8.9,11,47.9,1158,C21,U120,1,AT,AT3,AT34,AT341,Spruce dominated coniferous woodland,FORESTRY
43202710,No,14,17,33,49,4.9,5.28,45.9,31.1,0,6.8,2.7,83.8,1090,C31,U120,1,AT,AT3,AT34,AT342,Spruce dominated mixed woodland,FORESTRY
43142682,No,24,20,40,40,3.6,4.23,11.99,67.8,0,13.3,4.4,68.4,1330,C21,U120,1,AT,AT3,AT34,AT341,Spruce dominated coniferous woodland,FORESTRY
42982692,No,16,19,19,62,5.1,5.46,25.3,29.4,0,20.9,3.7,80.8,1065,E20,U111,1,AT,AT3,AT34,AT342,Grassland without tree/shrub cover,Agriculture (excluding fallow land and kitchen gardens)
46122668,No,15,7,53,39,4,4.41,29.3,62.6,0,23.9,3.9,96.2,1249,C31,U120,1,AT,AT3,AT32,AT321,Spruce dominated mixed woodland,FORESTRY
45882676,No,6,7,48,45,6.5,6.7,52.6,45.6,32,0,3,33.4,1330,C21,U120,1,AT,AT3,AT32,AT321,Spruce dominated coniferous woodland,FORESTRY
46882668,No,8,9,52,39,3.6,4.15,23.8,87.9,0,35.8,4.8,20.9,1391,C21,U120,1,AT,AT2,AT21,AT213,Spruce dominated coniferous woodland,FORESTRY
44662698,No,30,11,31,58,3.8,4.4,11.19,58,1,21,4.1,70.5,1369,C21,U120,1,AT,AT3,AT33,AT335,Spruce dominated coniferous woodland,FORESTRY
44562702,No,16,1,85,14,4,4.61,41.7,399.2,0,93.9,20.3,100,897,C31,U120,1,AT,AT3,AT33,AT335,Spruce dominated mixed woodland,FORESTRY
46802648,No,14,7,53,40,3.1,3.83,38.1,194.6,0,66.2,10.3,100.2,1490,C21,U120,1,AT,AT2,AT21,AT213,Spruce dominated coniferous woodland,FORESTRY
46982642,No,9,6,53,41,3.9,4.28,68.6,129.6,0,49,9.1,33.6,1367,C21,U120,2,AT,AT2,AT21,AT213,Spruce dominated coniferous woodland,FORESTRY
47022632,No,8,9,43,48,4.1,4.58,31.9,56.3,0,26.3,4.4,151.1,1000,C21,U120,1,AT,AT2,AT21,AT213,Spruce dominated coniferous woodland,FORESTRY
47042630,No,10,8,45,47,4.1,4.63,42.3,100.3,0,29.1,6.9,33.6,1302,C21,U120,1,AT,AT2,AT21,AT213,Spruce dominated coniferous woodland,FORESTRY
47042658,No,12,8,42,50,3.3,3.91,44.4,124.6,0,35.2,7.3,45.4,1348,C21,U120,1,AT,AT2,AT22,AT225,Spruce dominated coniferous woodland,FORESTRY
46882664,No,10,10,40,50,4.9,5.53,11.57,30.9,0,10.6,3.1,29,1090,B14,U111,1,AT,AT2,AT21,AT213,Rye,Agriculture (excluding fallow land and kitchen gardens)
46222770,No,20,27,28,45,5.2,5.68,21.7,13.8,0,42,1.9,95.6,509,B32,U111,1,AT,AT3,AT31,AT314,Rape and turnip rape,Agriculture (excluding fallow land and kitchen gardens)
46142762,No,13,23,22,55,4.6,5.09,22.6,18.4,1,11.5,2.4,168.7,627,E20,U111,1,AT,AT3,AT31,AT315,Grassland without tree/shrub cover,Agriculture (excluding fallow land and kitchen gardens)
46262786,No,7,18,19,63,3.5,3.88,36.8,80.6,1,44.1,5.6,46.3,390,C31,U120,1,AT,AT3,AT31,AT312,Spruce dominated mixed woodland,FORESTRY
47022650,No,8,9,43,49,4,4.32,67.3,95.7,1,29.7,5.4,30.7,1483,E20,U111,1,AT,AT2,AT21,AT213,Grassland without tree/shrub cover,Agriculture (excluding fallow land and kitchen gardens)
45022700,No,25,20,28,52,3.9,4.18,21.9,70.7,0,15.9,5.1,81.6,1037,C21,U120,1,AT,AT3,AT33,AT335,Spruce dominated coniferous woodland,FORESTRY
45162712,No,28,27,20,54,6.9,7.12,16.57,27.8,18,0,2.3,143.3,1103,C10,U120,1,AT,AT3,AT33,AT335,Broadleaved woodland,FORESTRY
45122710,No,21,20,23,57,5.7,5.96,9.73,25,3,8.4,2.5,103.6,851,C21,U120,1,AT,AT3,AT33,AT335,Spruce dominated coniferous woodland,FORESTRY
45202708,No,28,12,35,52,4.1,4.61,13.71,42.3,0,6.8,2.7,108.1,1094,C23,U120,1,AT,AT3,AT32,AT322,Other coniferous woodland,FORESTRY
45922694,No,25,12,27,61,6.4,6.58,24.4,31.5,2,7.6,3,247.9,1384,C21,U120,1,AT,AT3,AT32,AT322,Spruce dominated coniferous woodland,FORESTRY
46042680,No,18,7,41,52,4.9,5.04,133.5,174.4,0,39.7,15.4,217.2,1228,E20,U111,1,AT,AT3,AT32,AT321,Grassland without tree/shrub cover,Agriculture (excluding fallow land and kitchen gardens)
46082678,No,13,17,27,56,3.9,4.2,7.26,52,1,8.5,2.9,173.5,1124,C21,U120,1,AT,AT3,AT32,AT321,Spruce dominated coniferous woodland,FORESTRY
45222700,No,31,14,42,44,3.6,3.73,45.1,90.7,0,19.7,5.2,120.8,1049,C21,U120,1,AT,AT3,AT32,AT322,Spruce dominated coniferous woodland,FORESTRY
45102688,No,9,7,34,59,4.7,5.17,13.31,26.5,0,20.7,2.8,77.9,789,A30,U319,1,AT,AT3,AT32,AT322,OTHER ARTIFICIAL AREAS," Electricity, gas and thermal power distribution"
45102684,No,15,6,34,59,4.7,4.96,11.55,18,0,8.4,2.2,82.2,930,E20,U111,1,AT,AT3,AT32,AT322,Grassland without tree/shrub cover,Agriculture (excluding fallow land and kitchen gardens)
44522672,No,33,5,52,43,3.7,4.29,45.9,127.4,0,102.5,6.9,79.1,1452,C21,U120,1,AT,AT3,AT33,AT335,Spruce dominated coniferous woodland,FORESTRY
45042696,No,31,16,30,54,4,4.36,11.88,63.6,0,24.3,6,177.5,1105,E20,U111,1,AT,AT3,AT33,AT335,Grassland without tree/shrub cover,Agriculture (excluding fallow land and kitchen gardens)
47322736,No,36,14,35,52,4.4,4.83,64.8,57.6,1,21.4,4.7,69.3,834,C31,U120,3,AT,AT2,AT22,AT223,Spruce dominated mixed woodland,FORESTRY
45062720,No,26,29,9,62,4.9,5.18,13.02,37.6,0,12.9,5.1,47.9,630,E20,U111,1,AT,AT3,AT33,AT335,Grassland without tree/shrub cover,Agriculture (excluding fallow land and kitchen gardens)
44962698,No,32,11,40,49,4.4,4.6,89.5,84.5,0,19,7,60.1,1085,E20,U111,1,AT,AT3,AT33,AT335,Grassland without tree/shrub cover,Agriculture (excluding fallow land and kitchen gardens)
44982708,No,14,15,36,50,5.7,5.84,51.4,29.9,0,14.4,3.8,81.9,780,E20,U111,1,AT,AT3,AT33,AT335,Grassland without tree/shrub cover,Agriculture (excluding fallow land and kitchen gardens)
44882726,No,14,14,30,56,5.9,6.2,15.09,38.2,0,8.2,4.7,75.3,486,E20,U111,1,AT,AT3,AT33,AT335,Grassland without tree/shrub cover,Agriculture (excluding fallow land and kitchen gardens)
44862714,No,18,15,33,52,5.5,5.79,14.47,32.6,0,9.8,3.6,160.8,719,E20,U111,1,AT,AT3,AT33,AT335,Grassland without tree/shrub cover,Agriculture (excluding fallow land and kitchen gardens)
44942712,No,32,11,54,35,3.9,4.29,9.88,44.4,0,9.8,3.3,81.3,992,C33,U120,1,AT,AT3,AT33,AT335,Other mixed woodland,FORESTRY
44822704,No,15,5,69,26,4,4.51,18.79,72.2,0,14.6,5.3,181.2,855,C33,U120,1,AT,AT3,AT33,AT335,Other mixed woodland,FORESTRY
44782720,No,22,14,32,54,6.5,6.71,49.1,116.8,13,8.8,5.6,162.9,1029,C21,U120,1,AT,AT3,AT33,AT335,Spruce dominated coniferous woodland,FORESTRY
44742720,No,40,33,12,55,6,6.17,54.3,69.3,1,0,5.6,71.1,960,C10,U120,1,AT,AT3,AT33,AT335,Broadleaved woodland,FORESTRY
45102682,No,29,3,73,23,5.7,6,5.72,10.3,0,5.6,0.9,20,1040,C21,U120,1,AT,AT3,AT32,AT322,Spruce dominated coniferous woodland,FORESTRY
47042780,No,41,30,13,57,4.9,5.16,49.2,36.5,1,13,4.1,182.5,422,D20,U120,2,AT,AT1,AT12,AT121,Shrubland without tree cover,FORESTRY
46342722,No,12,14,21,65,6,6.1,89.2,37.3,2,24.1,4.7,111.3,640,E20,U111,1,AT,AT2,AT22,AT222,Grassland without tree/shrub cover,Agriculture (excluding fallow land and kitchen gardens)
47082754,No,22,8,38,54,7.1,7.34,53.7,115.1,377,11.3,5.3,85,1133,C31,U120,2,AT,AT1,AT12,AT121,Spruce dominated mixed woodland,FORESTRY
47202790,No,21,31,12,57,5.9,6.15,20.8,17.9,1,69.7,2.4,146.5,308,B55,U111,1,AT,AT1,AT12,AT121,Temporary grassland,Agriculture (excluding fallow land and kitchen gardens)
47662810,No,26,31,14,55,7.5,8.02,14.87,13.6,135,8.4,1.4,49.8,236,B51,U111,2,AT,AT1,AT12,AT126,Clovers,Agriculture (excluding fallow land and kitchen gardens)
47522858,No,22,16,50,34,7.4,8,19.36,15.7,65,60.7,1.6,331.1,352,B82,U111,1,AT,AT1,AT12,AT124,Vineyards,Agriculture (excluding fallow land and kitchen gardens)
45842740,No,43,28,16,56,6.4,6.84,45.5,44.1,3,0,3.8,124.7,567,C31,U120,2,AT,AT3,AT32,AT323,Spruce dominated mixed woodland,FORESTRY
45782734,No,39,18,34,48,4.9,5.54,19.61,78.1,1,39.4,8.5,292.8,1370,E20,U111,2,AT,AT3,AT32,AT323,Grassland without tree/shrub cover,Agriculture (excluding fallow land and kitchen gardens)
47202740,No,58,17,33,50,3.8,4.13,14.56,52.1,0,27,3.5,75.1,1076,C21,U120,4,AT,AT2,AT22,AT223,Spruce dominated coniferous woodland,FORESTRY
46942756,No,24,27,7,67,5.3,5.78,38.5,54,3,0,4.5,65.2,680,C31,U120,1,AT,AT1,AT12,AT121,Spruce dominated mixed woodland,FORESTRY
46462726,No,26,9,41,50,3.4,3.79,65.9,277,1,41.9,14.6,99.8,641,C21,U120,1,AT,AT2,AT22,AT222,Spruce dominated coniferous woodland,FORESTRY
47042738,No,32,8,56,36,6.7,6.86,134,255.2,20,13.9,15.8,150.8,717,C21,U120,1,AT,AT2,AT22,AT223,Spruce dominated coniferous woodland,FORESTRY
47642704,Yes,,,,,6.6,6.81,37.5,47.5,5,24.7,3.1,75,431,C32,U120,1,AT,AT2,AT22,AT224,Pine dominated mixed woodland,FORESTRY
47842688,Yes,,,,,4.8,5.17,24.1,22.3,0,30.2,2.7,79.6,280,B35,U111,1,AT,AT2,AT22,AT224,Other fibre and oleaginous crops,Agriculture (excluding fallow land and kitchen gardens)
47862690,Yes,,,,,4.3,4.6,27.5,39.5,0,25.3,2.7,141,298,C23,U120,1,AT,AT1,AT11,AT113,Other coniferous woodland,FORESTRY
47322686,Yes,,,,,6,6.22,23,78.1,0,19.8,5.1,155.5,559,C33,U120,1,AT,AT2,AT22,AT221,Other mixed woodland,FORESTRY
47782686,Yes,,,,,6,6.36,8,13.7,0,22.7,1.6,135.8,330,B13,U111,1,AT,AT2,AT22,AT224,Barley,Agriculture (excluding fallow land and kitchen gardens)
47642682,Yes,,,,,6.6,6.85,18.34,19.4,3,32.2,2.3,153,310,B13,U111,1,AT,AT2,AT22,AT224,Barley,Agriculture (excluding fallow land and kitchen gardens)
46902810,Yes,,,,,5.9,6.11,12.84,28.1,0,41.5,3,124.6,0,B55,U111,1,AT,AT3,AT31,AT313,Temporary grassland,Agriculture (excluding fallow land and kitchen gardens)
47462692,Yes,,,,,4.4,4.78,26.6,28.4,0,19.3,3,120.9,501,E20,U111,1,AT,AT2,AT22,AT224,Grassland without tree/shrub cover,Agriculture (excluding fallow land and kitchen gardens)
46842852,Yes,,,,,5.6,5.96,58.5,44.8,0,37.5,5.6,620.9,634,E20,U111,1,AT,AT1,AT12,AT124,Grassland without tree/shrub cover,Agriculture (excluding fallow land and kitchen gardens)
47182790,Yes,,,,,5,5.27,21.4,11.2,0,25.7,1.6,172.5,335,B16,U111,1,AT,AT1,AT12,AT121,Maize,Agriculture (excluding fallow land and kitchen gardens)
47002816,Yes,,,,,3.4,4.08,17.66,145.2,0,57.8,8.5,116.9,813,C31,U120,1,AT,AT1,AT12,AT124,Spruce dominated mixed woodland,FORESTRY
46642802,Yes,,,,,5.9,6.08,173.4,65.1,6,208.8,7.1,967.1,243,C10,U120,2,AT,AT3,AT31,AT313,Broadleaved woodland,FORESTRY
46522836,Yes,,,,,4.8,4.99,94.8,70.9,0,62.4,7.6,244.7,682,E20,U111,1,AT,AT3,AT31,AT313,Grassland without tree/shrub cover,Agriculture (excluding fallow land and kitchen gardens)
45562754,Yes,,,,,6.8,7.2,50.9,45.6,23,53.8,5.1,5,617,E20,U111,1,AT,AT3,AT32,AT323,Grassland without tree/shrub cover,Agriculture (excluding fallow land and kitchen gardens)
46822808,Yes,,,,,4.1,4.5,39.3,60.5,0,68.3,5.7,87.5,0,C21,U120,2,AT,AT3,AT31,AT313,Spruce dominated coniferous woodland,FORESTRY
47002806,Yes,,,,,4,4.37,32.5,55,0,35.5,4.9,30.7,697,C21,U120,1,AT,AT1,AT12,AT121,Spruce dominated coniferous woodland,FORESTRY
46722822,Yes,,,,,5.3,5.48,61.4,56.2,0,37.1,5.4,66.8,666,E20,U111,1,AT,AT3,AT31,AT313,Grassland without tree/shrub cover,Agriculture (excluding fallow land and kitchen gardens)
47802696,Yes,,,,,3.9,4.46,12.17,54.4,0,24.7,3.1,97.7,653,C32,U120,1,AT,AT2,AT22,AT224,Pine dominated mixed woodland,FORESTRY
47682690,Yes,,,,,3.8,4.38,9.24,33.2,0,18.2,2.1,26.3,415,C21,U120,1,AT,AT2,AT22,AT224,Spruce dominated coniferous woodland,FORESTRY
47622700,Yes,,,,,6,6.27,17.51,33.3,0,15.1,2.5,217.1,683,C21,U120,1,AT,AT2,AT22,AT224,Spruce dominated coniferous woodland,FORESTRY
47742710,Yes,,,,,5.5,5.72,42.7,21.8,0,39.6,2.7,69.5,395,B16,U111,1,AT,AT2,AT22,AT224,Maize,Agriculture (excluding fallow land and kitchen gardens)
46862842,Yes,,,,,5.9,6.15,19.04,37.7,0,41.9,3.7,468.6,716,B18,U111,1,AT,AT1,AT12,AT124,Triticale,Agriculture (excluding fallow land and kitchen gardens)
47722698,Yes,,,,,5.4,5.69,22.3,11.7,0,54,1.8,182.1,321,F40,U111,1,AT,AT2,AT22,AT224,OTHER BARE SOIL,Agriculture (excluding fallow land and kitchen gardens)
47862672,Yes,,,,,6.5,6.63,8.72,4,0,16.4,0.6,92.9,328,B16,U111,1,AT,AT2,AT22,AT224,Maize,Agriculture (excluding fallow land and kitchen gardens)
47742674,Yes,,,,,3.9,4.4,8.39,42.7,0,18.8,2.7,124.7,365,C32,U120,1,AT,AT2,AT22,AT224,Pine dominated mixed woodland,FORESTRY
47662698,Yes,,,,,5.7,6,7.99,18,0,83.2,2.1,288.4,392,B55,U111,1,AT,AT2,AT22,AT224,Temporary grassland,Agriculture (excluding fallow land and kitchen gardens)
47982796,Yes,,,,,7.2,7.68,35.6,25.8,100,37.4,2.4,497.3,172,B23,U111,1,AT,AT1,AT12,AT127,Other root crops,Agriculture (excluding fallow land and kitchen gardens)
46922800,Yes,,,,,5,5.3,35.1,23.4,0,57.3,2.9,126.7,424,E20,U111,1,AT,AT1,AT12,AT121,Grassland without tree/shrub cover,Agriculture (excluding fallow land and kitchen gardens)
45102712,Yes,,,,,4.9,5.36,15.78,47.1,0,26.2,4.9,76.3,745,E20,U111,1,AT,AT3,AT33,AT335,Grassland without tree/shrub cover,Agriculture (excluding fallow land and kitchen gardens)
47562650,Yes,,,,,5.3,5.69,13.94,12.1,0,32.3,1.5,174,306,B16,U111,2,AT,AT2,AT22,AT224,Maize,Agriculture (excluding fallow land and kitchen gardens)
47562664,Yes,,,,,6.2,6.4,32.5,26.9,0,39.5,3,219.8,340,E20,U111,1,AT,AT2,AT22,AT224,Grassland without tree/shrub cover,Agriculture (excluding fallow land and kitchen gardens)
47442660,Yes,,,,,5.5,5.85,13.68,16.5,0,24.4,1.6,134.2,403,B35,U111,1,AT,AT2,AT22,AT225,Other fibre and oleaginous crops,Agriculture (excluding fallow land and kitchen gardens)
47642668,Yes,,,,,5.7,6,32.4,13.6,0,106.2,1.8,203,300,B16,U111,1,AT,AT2,AT22,AT224,Maize,Agriculture (excluding fallow land and kitchen gardens)
45322702,Yes,,,,,4.7,5.06,17.69,53,0,39.3,6,108.7,831,E20,U111,1,AT,AT3,AT32,AT322,Grassland without tree/shrub cover,Agriculture (excluding fallow land and kitchen gardens)
47322640,Yes,,,,,4.4,4.82,20.9,22.1,0,15.8,2.7,42.7,372,E20,U111,1,AT,AT2,AT22,AT225,Grassland without tree/shrub cover,Agriculture (excluding fallow land and kitchen gardens)
47362636,Yes,,,,,4,4.64,5.89,33.1,0,0,2.1,57.2,456,C10,U120,1,AT,AT2,AT22,AT225,Broadleaved woodland,FORESTRY
45282706,Yes,,,,,4.3,4.77,13.93,54.3,0,22.1,4.7,66,876,E20,U111,1,AT,AT3,AT32,AT322,Grassland without tree/shrub cover,Agriculture (excluding fallow land and kitchen gardens)
45122688,Yes,,,,,4.4,4.74,34.5,23.9,0,26.7,3,61.5,833,E20,U111,1,AT,AT3,AT32,AT322,Grassland without tree/shrub cover,Agriculture (excluding fallow land and kitchen gardens)
45062714,Yes,,,,,6.9,7.06,14.21,41.6,1,11.9,3,13.6,708,E20,U111,1,AT,AT3,AT33,AT335,Grassland without tree/shrub cover,Agriculture (excluding fallow land and kitchen gardens)
44922684,Yes,,,,,4.6,4.99,5.59,6.4,0,9.1,1.4,20.5,874,E20,U111,1,AT,AT3,AT32,AT322,Grassland without tree/shrub cover,Agriculture (excluding fallow land and kitchen gardens)
45502694,Yes,,,,,4.5,4.91,10.49,17.4,0,11.6,2.3,9.8,832,E20,U111,1,AT,AT3,AT32,AT322,Grassland without tree/shrub cover,Agriculture (excluding fallow land and kitchen gardens)
47302662,Yes,,,,,5.8,6.09,25,18.2,0,42.5,2.1,92.1,324,B35,U111,1,AT,AT2,AT22,AT221,Other fibre and oleaginous crops,Agriculture (excluding fallow land and kitchen gardens)
45462760,Yes,,,,,5.1,5.38,61.6,42.1,0,70.3,5.1,96.7,669,E20,U111,1,AT,AT3,AT32,AT323,Grassland without tree/shrub cover,Agriculture (excluding fallow land and kitchen gardens)
48222780,Yes,,,,,7.3,7.88,21.3,23.8,94,26.9,2.4,358.5,132,B82,U111,1,AT,AT1,AT11,AT112,Vineyards,Agriculture (excluding fallow land and kitchen gardens)
47942784,Yes,,,,,7.4,7.84,21.5,32.5,266,19.3,2.5,650.2,201,B11,U111,1,AT,AT1,AT12,AT127,Common wheat,Agriculture (excluding fallow land and kitchen gardens)
47502726,Yes,,,,,4.8,5.28,9.01,52.8,0,35.6,5.4,96.7,845,E20,U111,1,AT,AT2,AT22,AT224,Grassland without tree/shrub cover,Agriculture (excluding fallow land and kitchen gardens)
47642718,Yes,,,,,3.8,4.21,13.04,45.9,0,30.4,2.9,8.9,773,C21,U120,1,AT,AT2,AT22,AT224,Spruce dominated coniferous woodland,FORESTRY
47622718,Yes,,,,,5.9,6.1,17.69,28.1,0,18.5,3.1,45.3,949,E20,U111,1,AT,AT2,AT22,AT224,Grassland without tree/shrub cover,Agriculture (excluding fallow land and kitchen gardens)
47242638,Yes,,,,,4.5,4.77,27.5,44.6,0,19.2,2.7,431.9,390,E20,U111,1,AT,AT2,AT22,AT225,Grassland without tree/shrub cover,Agriculture (excluding fallow land and kitchen gardens)
47382664,Yes,,,,,4.9,5.32,7.19,16.3,0,63.5,1.8,179.3,324,B35,U111,1,AT,AT2,AT22,AT221,Other fibre and oleaginous crops,Agriculture (excluding fallow land and kitchen gardens)
47522800,Yes,,,,,4.3,4.66,30.4,26.9,0,29.9,2.8,67.1,330,C10,U120,1,AT,AT1,AT12,AT123,Broadleaved woodland,FORESTRY
47462736,Yes,,,,,5.9,6.04,76.5,47.9,1,45.5,5.4,112.6,744,E20,U111,1,AT,AT2,AT22,AT223,Grassland without tree/shrub cover,Agriculture (excluding fallow land and kitchen gardens)
47742642,Yes,,,,,6.1,6.4,10.37,21.8,1,31.5,2.5,43.6,238,E20,U111,1,AT,AT2,AT22,AT224,Grassland without tree/shrub cover,Agriculture (excluding fallow land and kitchen gardens)
47582644,Yes,,,,,5.1,5.36,28.8,18.8,0,9.2,2.3,77.2,265,B13,U111,1,AT,AT2,AT22,AT225,Barley,Agriculture (excluding fallow land and kitchen gardens)
47642640,Yes,,,,,7,7.28,35.8,17,2,21.7,2,32.3,235,B16,U111,1,AT,AT2,AT22,AT224,Maize,Agriculture (excluding fallow land and kitchen gardens)
47682646,Yes,,,,,4.8,5.04,30.5,22.5,0,11.7,2.8,76.7,244,B13,U111,1,AT,AT2,AT22,AT224,Barley,Agriculture (excluding fallow land and kitchen gardens)
47462636,Yes,,,,,3.9,4.52,8.15,31.6,0,9.8,2.4,68.9,404,C10,U120,1,AT,AT2,AT22,AT225,Broadleaved woodland,FORESTRY
47042684,Yes,,,,,5.7,5.89,44.1,45.8,0,34.5,5.5,427.4,721,E20,U111,1,AT,AT2,AT22,AT225,Grassland without tree/shrub cover,Agriculture (excluding fallow land and kitchen gardens)
47742664,Yes,,,,,5.6,5.89,13.19,24.1,0,19.6,2.6,67.5,288,C10,U120,2,AT,AT2,AT22,AT224,Broadleaved woodland,FORESTRY
46442722,Yes,,,,,5.2,5.37,75.1,36.3,0,20.4,4.5,143.3,782,E20,U111,1,AT,AT2,AT22,AT222,Grassland without tree/shrub cover,Agriculture (excluding fallow land and kitchen gardens)
45302640,Yes,,,,,5.6,5.91,46.4,31.8,0,80.3,3.5,767.9,735,B16,U111,2,AT,AT3,AT33,AT333,Maize,Agriculture (excluding fallow land and kitchen gardens)
45362638,Yes,,,,,7,7.27,35.6,17.5,27,18.4,1.9,21.8,668,B16,U111,1,AT,AT3,AT33,AT333,Maize,Agriculture (excluding fallow land and kitchen gardens)
45942634,Yes,,,,,6.9,7.15,64.9,33.5,15,45.7,3.6,54.3,542,E20,U111,1,AT,AT2,AT21,AT212,Grassland without tree/shrub cover,Agriculture (excluding fallow land and kitchen gardens)
47282676,Yes,,,,,3.7,4.01,18.04,33.5,0,17.3,2.5,42.5,499,C31,U120,1,AT,AT2,AT22,AT221,Spruce dominated mixed woodland,FORESTRY
47522738,Yes,,,,,6.5,6.68,18.31,25,0,8.1,2.7,18.7,760,E20,U361,1,AT,AT2,AT22,AT223,Grassland without tree/shrub cover,"Amenities, museum, leisure (e.g. parks, botanical gardens)"
46082614,Yes,,,,,7.2,7.59,27.6,68.7,363,0,2.5,66.2,554,E20,U111,2,AT,AT2,AT21,AT211,Grassland without tree/shrub cover,Agriculture (excluding fallow land and kitchen gardens)
47762666,Yes,,,,,5.2,5.52,22,15.7,0,33.8,2,136,269,B16,U111,1,AT,AT2,AT22,AT224,Maize,Agriculture (excluding fallow land and kitchen gardens)
46482646,Yes,,,,,4.7,5,74.4,31.7,0,27.6,4,182.9,862,E20,U111,1,AT,AT2,AT21,AT213,Grassland without tree/shrub cover,Agriculture (excluding fallow land and kitchen gardens)
47202670,Yes,,,,,6,6.22,13.64,20.2,0,10.6,2.1,1047.8,390,E20,U111,1,AT,AT2,AT22,AT225,Grassland without tree/shrub cover,Agriculture (excluding fallow land and kitchen gardens)
47162666,Yes,,,,,5.2,5.59,7.44,36.3,0,22.1,3.2,59.6,516,E20,U111,1,AT,AT2,AT22,AT225,Grassland without tree/shrub cover,Agriculture (excluding fallow land and kitchen gardens)
47382700,Yes,,,,,6.9,7.17,41.1,23.9,15,18.3,2.9,94.5,646,E20,U111,1,AT,AT2,AT22,AT224,Grassland without tree/shrub cover,Agriculture (excluding fallow land and kitchen gardens)
47302694,Yes,,,,,6.2,6.42,61.6,49.8,0,70.2,5.6,91.3,748,E20,U111,1,AT,AT2,AT22,AT221,Grassland without tree/shrub cover,Agriculture (excluding fallow land and kitchen gardens)
47462712,Yes,,,,,4.8,5.03,63.3,40.4,0,31.6,4.7,211.8,859,E20,U111,1,AT,AT2,AT22,AT224,Grassland without tree/shrub cover,Agriculture (excluding fallow land and kitchen gardens)
47782656,Yes,,,,,6,6.31,20.2,27,0,116.3,3.3,508.2,264,B16,U111,1,AT,AT2,AT22,AT224,Maize,Agriculture (excluding fallow land and kitchen gardens)
46602618,Yes,,,,,7.1,7.39,57.5,33,74,93.4,3.7,60.9,760,E20,U111,1,AT,AT2,AT21,AT211,Grassland without tree/shrub cover,Agriculture (excluding fallow land and kitchen gardens)
48202738,Yes,,,,,6.3,6.6,11.83,9.8,1,34.9,1.1,221.8,276,B11,U111,3,AT,AT1,AT11,AT111,Common wheat,Agriculture (excluding fallow land and kitchen gardens)
48122730,Yes,,,,,6.3,6.53,11.22,16.3,1,50.1,1.9,256,236,B16,U111,1,AT,AT1,AT11,AT111,Maize,Agriculture (excluding fallow land and kitchen gardens)
48162724,Yes,,,,,6.1,6.38,5.93,13.2,0,38.6,1.5,154.2,235,F40,U111,1,AT,AT1,AT11,AT111,OTHER BARE SOIL,Agriculture (excluding fallow land and kitchen gardens)
46422624,Yes,,,,,5.6,5.96,5.77,16.7,0,22,2.1,65.7,541,E20,U111,1,AT,AT2,AT21,AT211,Grassland without tree/shrub cover,Agriculture (excluding fallow land and kitchen gardens)
46522626,Yes,,,,,4.2,4.64,7.31,31.9,0,23.6,2.5,54.2,521,C31,U120,1,AT,AT2,AT21,AT211,Spruce dominated mixed woodland,FORESTRY
46562632,Yes,,,,,5.4,5.63,27.4,19.8,0,24,2.5,47.4,493,B16,U111,2,AT,AT2,AT21,AT211,Maize,Agriculture (excluding fallow land and kitchen gardens)
45982612,Yes,,,,,5.2,5.45,65.4,45.1,0,34.9,5.4,96.5,683,E20,U111,1,AT,AT2,AT21,AT211,Grassland without tree/shrub cover,Agriculture (excluding fallow land and kitchen gardens)
46522640,Yes,,,,,4,4.49,9.72,66.6,0,68.1,4.2,74,741,C21,U120,1,AT,AT2,AT21,AT213,Spruce dominated coniferous woodland,FORESTRY
46522722,Yes,,,,,4.6,4.83,93.2,42.6,0,61.6,5.7,163.3,684,E20,U111,1,AT,AT2,AT22,AT222,Grassland without tree/shrub cover,Agriculture (excluding fallow land and kitchen gardens)
46682636,Yes,,,,,6.9,7.16,35.3,41.7,33,21.3,3,91,606,C31,U120,1,AT,AT2,AT21,AT213,Spruce dominated mixed woodland,FORESTRY
46482614,Yes,,,,,5.8,6.13,34.5,29.8,0,33.1,3.5,74.9,565,E20,U111,1,AT,AT2,AT21,AT211,Grassland without tree/shrub cover,Agriculture (excluding fallow land and kitchen gardens)
46262620,Yes,,,,,6,6.27,24.1,32.9,0,11.1,3.6,55.3,586,E20,U111,1,AT,AT2,AT21,AT211,Grassland without tree/shrub cover,Agriculture (excluding fallow land and kitchen gardens)
46522632,Yes,,,,,7,7.2,90.6,45.5,27,30.1,4.3,108.1,561,C10,U120,2,AT,AT2,AT21,AT213,Broadleaved woodland,FORESTRY
46542614,Yes,,,,,6.2,6.46,30.2,37.1,4,10.3,2.4,41,472,C33,U120,1,AT,AT2,AT21,AT211,Other mixed woodland,FORESTRY
46582638,Yes,,,,,7,7.25,16.19,24.4,18,45.5,2.4,120,554,B16,U111,2,AT,AT2,AT21,AT213,Maize,Agriculture (excluding fallow land and kitchen gardens)
46782766,Yes,,,,,6.6,6.81,62.3,104.3,3,12.4,9.1,635.9,554,C31,U120,1,AT,AT1,AT12,AT121,Spruce dominated mixed woodland,FORESTRY
47702714,Yes,,,,,4.4,4.64,49.8,39.8,0,36,4.5,158.7,690,C10,U120,1,AT,AT2,AT22,AT224,Broadleaved woodland,FORESTRY
45482768,Yes,,,,,5.2,5.51,23.4,26.1,0,42.9,3.1,203.7,626,E20,U111,1,AT,AT3,AT32,AT323,Grassland without tree/shrub cover,Agriculture (excluding fallow land and kitchen gardens)
45542782,Yes,,,,,3.8,4.53,12.18,78.5,0,70.4,5.4,98.1,453,C10,U120,2,AT,AT3,AT31,AT311,Broadleaved woodland,FORESTRY
46102726,Yes,,,,,7.1,7.33,74.1,80,93,153.9,7.7,191.9,894,C33,U120,3,AT,AT2,AT22,AT222,Other mixed woodland,FORESTRY
45642724,Yes,,,,,7.2,7.63,25.1,47,239,8.5,2.6,60.8,502,D10,U120,3,AT,AT3,AT32,AT323,Shrubland with sparse tree cover,FORESTRY
45882646,Yes,,,,,5.1,5.44,35,45.2,0,34.2,5.2,88.6,879,E20,U111,1,AT,AT2,AT21,AT212,Grassland without tree/shrub cover,Agriculture (excluding fallow land and kitchen gardens)
44542698,Yes,,,,,6.9,7.16,27.2,35.1,44,22.6,3.6,17.9,525,E20,U111,1,AT,AT3,AT33,AT335,Grassland without tree/shrub cover,Agriculture (excluding fallow land and kitchen gardens)
46942878,Yes,,,,,3.3,3.85,17.06,91.5,0,47.8,4.8,12.1,566,C21,U120,1,AT,AT1,AT12,AT124,Spruce dominated coniferous woodland,FORESTRY
47022884,Yes,,,,,3.5,4.04,8.22,45.7,0,19.5,2.5,10,627,C21,U120,1,AT,AT1,AT12,AT124,Spruce dominated coniferous woodland,FORESTRY
47042874,Yes,,,,,5.1,5.53,17.15,10.5,0,38.2,1.4,218.1,522,B16,U111,1,AT,AT1,AT12,AT124,Maize,Agriculture (excluding fallow land and kitchen gardens)
45462768,Yes,,,,,4.9,5.1,80.1,33.4,0,34.6,4.2,41.7,430,E20,U111,1,AT,AT3,AT32,AT323,Grassland without tree/shrub cover,Agriculture (excluding fallow land and kitchen gardens)
45442766,Yes,,,,,3.6,3.95,28.3,75.7,0,30.7,5.2,72.7,459,C21,U120,1,AT,AT3,AT32,AT323,Spruce dominated coniferous woodland,FORESTRY
44922728,Yes,,,,,5,5.32,49,36.4,0,20.3,4.5,56.2,686,E20,U111,1,AT,AT3,AT33,AT335,Grassland without tree/shrub cover,Agriculture (excluding fallow land and kitchen gardens)
46182722,Yes,,,,,5.3,5.67,25.6,24.3,0,5.7,2.7,26.9,822,E20,U111,1,AT,AT2,AT22,AT222,Grassland without tree/shrub cover,Agriculture (excluding fallow land and kitchen gardens)
46882726,Yes,,,,,4,4.2,30.5,37.4,0,23.8,3.4,89.8,807,C21,U120,3,AT,AT2,AT22,AT223,Spruce dominated coniferous woodland,FORESTRY
47122726,Yes,,,,,6.9,7.16,102.4,77.2,89,28.8,6.9,235,670,E20,U111,1,AT,AT2,AT22,AT223,Grassland without tree/shrub cover,Agriculture (excluding fallow land and kitchen gardens)
46422682,Yes,,,,,4.7,4.97,36.7,39.3,0,20.6,4.5,74.8,812,E20,U111,1,AT,AT2,AT22,AT226,Grassland without tree/shrub cover,Agriculture (excluding fallow land and kitchen gardens)
46842682,Yes,,,,,5.1,5.32,29.8,16.3,0,35,1.9,97.1,735,B35,U111,1,AT,AT2,AT22,AT226,Other fibre and oleaginous crops,Agriculture (excluding fallow land and kitchen gardens)
46862684,Yes,,,,,4.4,4.66,30.8,38.9,0,28.1,3.7,154.4,693,C21,U120,1,AT,AT2,AT22,AT226,Spruce dominated coniferous woodland,FORESTRY
45622768,Yes,,,,,3.9,4.22,47.6,55.5,0,14.7,5.2,95.1,551,C21,U120,1,AT,AT3,AT32,AT323,Spruce dominated coniferous woodland,FORESTRY
45482622,Yes,,,,,4.6,5.14,7.52,43.4,0,8.6,3.4,55.7,775,C21,U120,1,AT,AT2,AT21,AT212,Spruce dominated coniferous woodland,FORESTRY
45562730,Yes,,,,,6.6,6.81,218,79.1,15,68.3,9,246,465,A30,U319,1,AT,AT3,AT32,AT323,OTHER ARTIFICIAL AREAS," Electricity, gas and thermal power distribution"
46882710,Yes,,,,,4.6,4.81,50.3,20.8,0,23,2.6,0.8,683,E20,U111,1,AT,AT2,AT22,AT223,Grassland without tree/shrub cover,Agriculture (excluding fallow land and kitchen gardens)
44382686,Yes,,,,,4,4.29,78.1,146.9,0,55.4,10.7,91.8,601,D10,U120,1,AT,AT3,AT33,AT332,Shrubland with sparse tree cover,FORESTRY
42942676,Yes,,,,,4.9,5.03,128.3,96.7,0,16.5,7.1,81.8,940,C33,U120,1,AT,AT3,AT34,AT341,Other mixed woodland,FORESTRY
44302682,Yes,,,,,6.7,6.87,41.6,34.2,7,19.2,4.2,42.6,845,E20,U111,1,AT,AT3,AT33,AT332,Grassland without tree/shrub cover,Agriculture (excluding fallow land and kitchen gardens)
47982822,Yes,,,,,6.8,7.13,12.47,13.3,1,34.5,1.5,190.6,185,F40,U111,2,AT,AT1,AT12,AT126,OTHER BARE SOIL,Agriculture (excluding fallow land and kitchen gardens)
47822862,Yes,,,,,7.4,7.79,11.87,17.9,6,18.1,1.8,268.2,179,B22,U111,2,AT,AT1,AT12,AT125,Sugar beet,Agriculture (excluding fallow land and kitchen gardens)
47942860,Yes,,,,,7.3,7.63,14.57,15.4,2,17.8,1.9,228.5,209,B11,U111,1,AT,AT1,AT12,AT125,Common wheat,Agriculture (excluding fallow land and kitchen gardens)
47982850,Yes,,,,,7.5,7.95,23.7,12.1,134,14.5,1.4,342.2,288,B16,U111,1,AT,AT1,AT12,AT125,Maize,Agriculture (excluding fallow land and kitchen gardens)
47982846,Yes,,,,,7.2,7.54,23.6,26.1,78,24.3,2.8,654,243,B11,U111,2,AT,AT1,AT12,AT125,Common wheat,Agriculture (excluding fallow land and kitchen gardens)
47802840,Yes,,,,,7.5,8.06,16.12,20.4,128,21.6,1.6,240.8,263,B21,U111,1,AT,AT1,AT12,AT126,Potatoes,Agriculture (excluding fallow land and kitchen gardens)
47882830,Yes,,,,,4.7,5.1,15.56,25.1,1,16.4,2.5,109.3,336,C10,U120,1,AT,AT1,AT12,AT126,Broadleaved woodland,FORESTRY
48202836,Yes,,,,,7.5,7.9,15.83,17.6,26,22.6,1.9,142.4,239,B31,U111,1,AT,AT1,AT12,AT126,Sunflower,Agriculture (excluding fallow land and kitchen gardens)
47782854,Yes,,,,,7.4,7.75,22.4,21.3,12,12.9,2.4,439.7,235,B31,U111,1,AT,AT1,AT12,AT125,Sunflower,Agriculture (excluding fallow land and kitchen gardens)
47742848,Yes,,,,,7.3,7.63,17.47,23.8,114,14.9,2,286.7,291,C32,U120,1,AT,AT1,AT12,AT125,Pine dominated mixed woodland,FORESTRY
47882836,Yes,,,,,7.6,7.99,18.19,15.9,50,31.6,2.1,347.8,276,B11,U111,1,AT,AT1,AT12,AT126,Common wheat,Agriculture (excluding fallow land and kitchen gardens)
47822830,Yes,,,,,7.4,7.87,20.6,18.7,42,30.5,2,223.6,218,F40,U111,1,AT,AT1,AT12,AT126,OTHER BARE SOIL,Agriculture (excluding fallow land and kitchen gardens)
47882704,Yes,,,,,4.5,5.08,4.69,18.1,0,12.3,1.7,71.4,360,C21,U120,1,AT,AT1,AT11,AT113,Spruce dominated coniferous woodland,FORESTRY
48002872,Yes,,,,,7.1,7.46,18.64,26.2,9,38.9,2.7,628,213,B11,U111,2,AT,AT1,AT12,AT125,Common wheat,Agriculture (excluding fallow land and kitchen gardens)
47862838,Yes,,,,,7.5,7.91,20.5,9.8,34,0,1.6,280.6,235,B11,U111,1,AT,AT1,AT12,AT126,Common wheat,Agriculture (excluding fallow land and kitchen gardens)
48082820,Yes,,,,,7.4,8.03,13.09,10.6,54,16.6,1,97,165,B41,U111,2,AT,AT1,AT12,AT126,Dry pulses,Agriculture (excluding fallow land and kitchen gardens)
47042788,Yes,,,,,6.5,6.47,31,121,12,19.5,7.6,136.8,287,C31,U120,1,AT,AT1,AT12,AT121,Spruce dominated mixed woodland,FORESTRY
48242800,Yes,,,,,7.5,7.88,25.5,15.5,67,9.8,1.8,125.4,186,B33,U111,1,AT,AT1,AT12,AT127,Soya,Agriculture (excluding fallow land and kitchen gardens)
48122798,Yes,,,,,7.5,7.88,24.8,18,113,32.4,1.8,309.1,179,B22,U111,1,AT,AT1,AT12,AT127,Sugar beet,Agriculture (excluding fallow land and kitchen gardens)
48442784,Yes,,,,,7.2,7.6,16.84,14.6,1,9.3,1.7,125.4,162,B12,U111,1,AT,AT1,AT11,AT112,Durum wheat,Agriculture (excluding fallow land and kitchen gardens)
47722816,Yes,,,,,7.4,7.76,21.4,13.9,34,34.6,1.8,200.5,179,B22,U111,1,AT,AT1,AT12,AT126,Sugar beet,Agriculture (excluding fallow land and kitchen gardens)
48282804,Yes,,,,,7,7.26,24.3,44.9,142,20.9,3.9,88.3,150,C10,U420,1,AT,AT1,AT12,AT126,Broadleaved woodland,Semi-natural and natural areas not in use
47942870,Yes,,,,,6.3,6.5,7.98,8.1,0,32.1,0.9,102.7,180,B11,U111,1,AT,AT1,AT12,AT125,Common wheat,Agriculture (excluding fallow land and kitchen gardens)
48202842,Yes,,,,,7.5,8.08,15.24,14.1,110,10.6,1.2,108.7,199,E30,U112,1,AT,AT1,AT12,AT125,Spontaneously re-vegetated surfaces,Fallow land
48002836,Yes,,,,,7.5,7.99,12.11,16.4,180,11.5,1.4,214.1,244,E30,U112,1,AT,AT1,AT12,AT126,Spontaneously re-vegetated surfaces,Fallow land
48082834,Yes,,,,,4.8,5.13,8.94,30.9,0,15.7,2.7,74.2,236,C10,U120,1,AT,AT1,AT12,AT126,Broadleaved woodland,FORESTRY
48162858,Yes,,,,,7.3,7.73,10.78,13.1,5,17.8,1.3,144.1,183,B13,U111,1,AT,AT1,AT12,AT125,Barley,Agriculture (excluding fallow land and kitchen gardens)
48182862,Yes,,,,,7.5,7.86,28.9,23.7,104,34.1,2.7,690,188,B13,U111,1,AT,AT1,AT12,AT125,Barley,Agriculture (excluding fallow land and kitchen gardens)
48182826,Yes,,,,,7.5,8.01,25.5,18.6,194,22.4,1.4,357.2,166,B11,U111,3,AT,AT1,AT12,AT126,Common wheat,Agriculture (excluding fallow land and kitchen gardens)
48262816,Yes,,,,,7.4,7.95,12.47,15.8,57,17.7,1.4,140.8,153,B11,U111,1,AT,AT1,AT12,AT126,Common wheat,Agriculture (excluding fallow land and kitchen gardens)
47702818,Yes,,,,,7.2,7.47,16.32,14.3,5,25.5,1.8,230.3,183,B16,U111,1,AT,AT1,AT12,AT126,Maize,Agriculture (excluding fallow land and kitchen gardens)
48222820,Yes,,,,,6.7,6.82,11.09,18.9,6,9.8,1.7,43.1,152,C10,U120,1,AT,AT1,AT12,AT126,Broadleaved woodland,FORESTRY
47422872,Yes,,,,,3.9,4.38,6.51,24,0,35.3,1.9,59.5,501,C23,U120,1,AT,AT1,AT12,AT124,Other coniferous woodland,FORESTRY
48082844,Yes,,,,,7.2,7.48,9.94,13.4,3,17.3,1.6,207.6,278,B32,U111,1,AT,AT1,AT12,AT125,Rape and turnip rape,Agriculture (excluding fallow land and kitchen gardens)
47322802,Yes,,,,,7.2,7.59,19.81,13.2,12,84.3,1.8,313.1,268,E30,U111,1,AT,AT1,AT12,AT123,Spontaneously re-vegetated surfaces,Agriculture (excluding fallow land and kitchen gardens)
47022848,Yes,,,,,5.6,5.87,5.12,20.8,0,60.1,2.2,233.6,600,B13,U111,1,AT,AT1,AT12,AT124,Barley,Agriculture (excluding fallow land and kitchen gardens)
47082858,Yes,,,,,5.6,5.82,5.72,14.6,0,51.3,1.8,96,587,B13,U111,1,AT,AT1,AT12,AT124,Barley,Agriculture (excluding fallow land and kitchen gardens)
47462794,Yes,,,,,3.6,4.13,5.14,33.1,0,20.3,2.2,58.2,459,C10,U120,1,AT,AT1,AT12,AT123,Broadleaved woodland,FORESTRY
47322870,Yes,,,,,5,5.2,38.5,12.2,0,29.8,1.7,205.4,494,B11,U111,1,AT,AT1,AT12,AT124,Common wheat,Agriculture (excluding fallow land and kitchen gardens)
47422854,Yes,,,,,3.8,4.28,9.26,55.4,0,47.8,3.9,172.3,383,C10,U120,1,AT,AT1,AT12,AT124,Broadleaved woodland,FORESTRY
47222878,Yes,,,,,4.1,4.42,22.1,32.5,0,21.4,2.8,93.9,451,C21,U120,1,AT,AT1,AT12,AT124,Spruce dominated coniferous woodland,FORESTRY
47362808,Yes,,,,,6.5,6.7,22.4,16.2,0,214.9,2,495.5,308,B16,U111,1,AT,AT1,AT12,AT123,Maize,Agriculture (excluding fallow land and kitchen gardens)
47182862,Yes,,,,,4.6,4.95,14.78,20.9,0,23,2.3,117.3,576,F40,U111,1,AT,AT1,AT12,AT124,OTHER BARE SOIL,Agriculture (excluding fallow land and kitchen gardens)
47302860,Yes,,,,,3.7,4.08,15.86,68,0,23.4,3.2,98.4,547,C21,U120,1,AT,AT1,AT12,AT124,Spruce dominated coniferous woodland,FORESTRY
47062836,Yes,,,,,6.8,7.12,22,34,16,32.5,2.8,177.3,723,B13,U111,1,AT,AT1,AT12,AT124,Barley,Agriculture (excluding fallow land and kitchen gardens)
47202848,Yes,,,,,5.5,5.81,43.5,29.8,0,21.2,3.3,75.1,543,E20,U111,1,AT,AT1,AT12,AT124,Grassland without tree/shrub cover,Agriculture (excluding fallow land and kitchen gardens)
47122882,Yes,,,,,6.1,6.37,10.27,11.8,0,49.7,1.3,176.5,458,B14,U111,1,AT,AT1,AT12,AT124,Rye,Agriculture (excluding fallow land and kitchen gardens)
47322798,Yes,,,,,7.3,7.79,21.8,14.6,13,131.6,1.8,272,301,B11,U111,1,AT,AT1,AT12,AT123,Common wheat,Agriculture (excluding fallow land and kitchen gardens)
47462848,Yes,,,,,7.2,7.41,9.91,9.7,0,63.1,1.2,186.6,428,B21,U111,1,AT,AT1,AT12,AT124,Potatoes,Agriculture (excluding fallow land and kitchen gardens)
46242762,Yes,,,,,6.2,6.33,7.72,26.2,0,9.3,2.4,204.8,759,C31,U120,2,AT,AT3,AT31,AT314,Spruce dominated mixed woodland,FORESTRY
47462830,Yes,,,,,7.4,7.69,16.97,18,3,78.7,2,358.5,197,B33,U111,1,AT,AT1,AT12,AT124,Soya,Agriculture (excluding fallow land and kitchen gardens)
47482810,Yes,,,,,7.4,7.78,18.22,14.7,51,104.1,1.5,335.8,226,B16,U111,1,AT,AT1,AT12,AT123,Maize,Agriculture (excluding fallow land and kitchen gardens)
47502820,Yes,,,,,7.4,7.81,20.7,29.7,128,30.7,2.1,227.6,194,B13,U111,1,AT,AT1,AT12,AT123,Barley,Agriculture (excluding fallow land and kitchen gardens)
47542840,Yes,,,,,7.6,7.9,29.4,18.3,184,15,1.3,141.8,302,B16,U111,1,AT,AT1,AT12,AT125,Maize,Agriculture (excluding fallow land and kitchen gardens)
47362862,Yes,,,,,4.5,4.74,25.7,17.2,0,32,2,109.9,522,B13,U111,1,AT,AT1,AT12,AT124,Barley,Agriculture (excluding fallow land and kitchen gardens)
47642862,Yes,,,,,7.4,7.76,15.07,21,17,94.8,2.1,456.5,236,B82,U111,1,AT,AT1,AT12,AT125,Vineyards,Agriculture (excluding fallow land and kitchen gardens)
47982688,Yes,,,,,3.9,4.19,22.9,22.1,1,13.4,1.8,79.7,262,C33,U120,1,AT,AT1,AT11,AT113,Other mixed woodland,FORESTRY
47362856,Yes,,,,,7.4,7.93,15.93,10.9,49,23.8,1.2,130.8,313,E20,U111,1,AT,AT1,AT12,AT124,Grassland without tree/shrub cover,Agriculture (excluding fallow land and kitchen gardens)
47482878,Yes,,,,,3.9,4.45,6.25,26,0,19.7,2.1,85.8,468,C33,U120,1,AT,AT1,AT12,AT125,Other mixed woodland,FORESTRY
47522872,Yes,,,,,5.8,6.04,15.53,11.1,0,36,1.4,149.4,428,B11,U111,1,AT,AT1,AT12,AT125,Common wheat,Agriculture (excluding fallow land and kitchen gardens)
47482864,Yes,,,,,6.6,6.8,24.9,47.6,13,14.7,2.9,131.8,413,C21,U120,1,AT,AT1,AT12,AT124,Spruce dominated coniferous woodland,FORESTRY
47482860,Yes,,,,,7.3,7.84,11.46,11.2,80,25.5,1.3,208.5,398,B54,U111,1,AT,AT1,AT12,AT124,Mix of cereals,Agriculture (excluding fallow land and kitchen gardens)
47362816,Yes,,,,,6.2,6.39,14.52,20.6,0,73,2.1,287.3,309,B32,U111,1,AT,AT1,AT12,AT123,Rape and turnip rape,Agriculture (excluding fallow land and kitchen gardens)
47662860,Yes,,,,,7.5,7.98,12.88,16.6,14,29,1.6,332.8,255,B82,U111,1,AT,AT1,AT12,AT125,Vineyards,Agriculture (excluding fallow land and kitchen gardens)
46082830,Yes,,,,,5.3,5.68,14.31,13.5,0,22,1.8,37.7,597,B13,U111,1,AT,AT3,AT31,AT313,Barley,Agriculture (excluding fallow land and kitchen gardens)
46882650,Yes,,,,,5.7,5.98,35.7,21,0,43.2,2,141.7,516,B13,U111,1,AT,AT2,AT21,AT213,Barley,Agriculture (excluding fallow land and kitchen gardens)
46142788,Yes,,,,,6.9,7.31,10.17,15.8,3,73.4,1.8,88.3,365,B33,U111,1,AT,AT3,AT31,AT312,Soya,Agriculture (excluding fallow land and kitchen gardens)
45922802,Yes,,,,,7.1,7.3,13.44,22.6,5,34.2,2.6,94.5,440,B16,U111,1,AT,AT3,AT31,AT311,Maize,Agriculture (excluding fallow land and kitchen gardens)
45982782,Yes,,,,,3.4,3.96,23.5,97,0,42.8,6.8,103,462,C10,U120,1,AT,AT3,AT31,AT315,Broadleaved woodland,FORESTRY
46022826,Yes,,,,,4.4,4.76,32.6,24.3,0,34.3,2.9,52.9,569,B55,U111,1,AT,AT3,AT31,AT313,Temporary grassland,Agriculture (excluding fallow land and kitchen gardens)
45842808,Yes,,,,,6,6.37,36.5,17.2,0,27.9,2.3,142.5,430,B16,U111,1,AT,AT3,AT31,AT311,Maize,Agriculture (excluding fallow land and kitchen gardens)
46042842,Yes,,,,,4.6,4.98,25.7,23.5,0,27.9,2.7,96.2,664,B55,U111,1,AT,AT3,AT31,AT313,Temporary grassland,Agriculture (excluding fallow land and kitchen gardens)
46202808,Yes,,,,,7.2,7.68,30,22.7,63,23,1.4,58.2,260,B16,U111,1,AT,AT3,AT31,AT312,Maize,Agriculture (excluding fallow land and kitchen gardens)
46182828,Yes,,,,,5.1,5.42,38.2,37.1,0,54.6,4.5,162.1,551,E20,U111,1,AT,AT3,AT31,AT313,Grassland without tree/shrub cover,Agriculture (excluding fallow land and kitchen gardens)
46222796,Yes,,,,,6.4,6.6,41.2,33.7,0,93.8,3.8,356.1,321,B16,U111,1,AT,AT3,AT31,AT312,Maize,Agriculture (excluding fallow land and kitchen gardens)
46202812,Yes,,,,,7,7.41,19.43,12.5,4,64,1.5,132.8,265,B16,U111,1,AT,AT3,AT31,AT312,Maize,Agriculture (excluding fallow land and kitchen gardens)
46322834,Yes,,,,,4.9,5.18,46,29.7,0,33.7,3.1,533.9,798,E20,U111,1,AT,AT3,AT31,AT313,Grassland without tree/shrub cover,Agriculture (excluding fallow land and kitchen gardens)
46382836,Yes,,,,,3.5,3.97,47,117.1,0,50.4,7.3,182.2,886,C21,U120,1,AT,AT3,AT31,AT313,Spruce dominated coniferous woodland,FORESTRY
47182762,Yes,,,,,6.9,6.87,32.7,94.9,16,7.9,5.8,101.5,976,C23,U120,1,AT,AT1,AT12,AT122,Other coniferous woodland,FORESTRY
46002792,Yes,,,,,6.8,7.07,57.5,37.7,14,31.7,3.7,127.2,428,C23,U120,1,AT,AT3,AT31,AT311,Other coniferous woodland,FORESTRY
43162706,Yes,,,,,4.1,4.8,8.31,37,0,18.1,3.6,87,825,E20,U111,1,AT,AT3,AT34,AT341,Grassland without tree/shrub cover,Agriculture (excluding fallow land and kitchen gardens)
44862732,Yes,,,,,6.1,6.23,13.51,54.3,1,14.1,5.9,74.5,636,E20,U111,1,AT,AT3,AT33,AT335,Grassland without tree/shrub cover,Agriculture (excluding fallow land and kitchen gardens)
44882714,Yes,,,,,5.9,6.02,15.36,33.7,0,17.2,3.7,19.9,638,E20,U111,1,AT,AT3,AT33,AT335,Grassland without tree/shrub cover,Agriculture (excluding fallow land and kitchen gardens)
44782710,Yes,,,,,6.8,6.96,28.2,139.4,0,25.7,8.6,56.3,540,E20,U111,1,AT,AT3,AT33,AT335,Grassland without tree/shrub cover,Agriculture (excluding fallow land and kitchen gardens)
44642706,Yes,,,,,6.9,7.07,30.4,39.4,223,30.4,4.5,27.1,520,B15,U111,1,AT,AT3,AT33,AT335,Oats,Agriculture (excluding fallow land and kitchen gardens)
46202782,Yes,,,,,5.9,6.16,14.65,13.9,0,44.1,1.8,189.3,386,B15,U111,1,AT,AT3,AT31,AT312,Oats,Agriculture (excluding fallow land and kitchen gardens)
43122714,Yes,,,,,5.7,5.94,53.1,42.7,0,28.8,5.1,78.1,579,E20,U111,1,AT,AT3,AT34,AT342,Grassland without tree/shrub cover,Agriculture (excluding fallow land and kitchen gardens)
46862636,Yes,,,,,4.8,5.11,51.6,30.8,0,27.5,3.6,110.7,650,E20,U111,1,AT,AT2,AT21,AT213,Grassland without tree/shrub cover,Agriculture (excluding fallow land and kitchen gardens)
43122702,Yes,,,,,4.6,5.06,18.63,28.8,0,31.6,3.5,154.8,669,E20,U111,1,AT,AT3,AT34,AT341,Grassland without tree/shrub cover,Agriculture (excluding fallow land and kitchen gardens)
43182690,Yes,,,,,7,7.14,21.4,55,154,20,4.4,149.5,989,E20,U111,1,AT,AT3,AT34,AT341,Grassland without tree/shrub cover,Agriculture (excluding fallow land and kitchen gardens)
42982676,Yes,,,,,6.9,7.19,22.6,51.7,163,39.6,3.4,44.1,499,E20,U111,1,AT,AT3,AT34,AT342,Grassland without tree/shrub cover,Agriculture (excluding fallow land and kitchen gardens)
42942690,Yes,,,,,6.5,6.48,19.39,48.9,3,50.2,5.8,65.1,474,E20,U111,1,AT,AT3,AT34,AT342,Grassland without tree/shrub cover,Agriculture (excluding fallow land and kitchen gardens)
45762794,Yes,,,,,5,5.27,27.2,14.1,0,68.7,1.9,80.2,466,B13,U111,1,AT,AT3,AT31,AT311,Barley,Agriculture (excluding fallow land and kitchen gardens)
46582774,Yes,,,,,5.2,5.38,23,36.4,0,22.2,4.1,145.9,588,E20,U111,1,AT,AT3,AT31,AT314,Grassland without tree/shrub cover,Agriculture (excluding fallow land and kitchen gardens)
46262794,Yes,,,,,6.9,7.09,76.1,67,113,52.7,4.8,73.2,301,B11,U111,2,AT,AT3,AT31,AT312,Common wheat,Agriculture (excluding fallow land and kitchen gardens)
46662794,Yes,,,,,4.2,4.68,13.01,38.4,0,21.6,3.8,346.5,274,C10,U120,1,AT,AT1,AT12,AT121,Broadleaved woodland,FORESTRY
46502766,Yes,,,,,6.8,6.79,39.8,37,5,13,4.7,119.5,650,E20,U111,1,AT,AT3,AT31,AT314,Grassland without tree/shrub cover,Agriculture (excluding fallow land and kitchen gardens)
46602762,Yes,,,,,4.1,4.49,13.65,15,0,0,1.6,16.2,466,C33,U120,2,AT,AT3,AT31,AT314,Other mixed woodland,FORESTRY
46722786,Yes,,,,,6,6.27,32.7,18.3,0,90.6,2.6,231.7,367,B16,U111,2,AT,AT1,AT12,AT121,Maize,Agriculture (excluding fallow land and kitchen gardens)
46822790,Yes,,,,,7.3,7.58,21.6,34.4,118,39.8,2.4,164.4,281,B13,U111,3,AT,AT1,AT12,AT121,Barley,Agriculture (excluding fallow land and kitchen gardens)
46722792,Yes,,,,,4.7,4.98,21.9,22,0,23.7,2.7,94.2,308,B11,U111,1,AT,AT1,AT12,AT121,Common wheat,Agriculture (excluding fallow land and kitchen gardens)
46782778,Yes,,,,,5.9,6.12,28.8,28.9,0,94.5,3,364.6,476,B16,U111,2,AT,AT1,AT12,AT121,Maize,Agriculture (excluding fallow land and kitchen gardens)
46382776,Yes,,,,,5.7,5.96,19.28,22.3,0,58.6,2.5,312.5,416,B43,U111,3,AT,AT3,AT31,AT314,Other fresh vegetables,Agriculture (excluding fallow land and kitchen gardens)
46642772,Yes,,,,,5.4,5.54,14.1,36,0,29.6,3.9,343.2,608,E20,U111,4,AT,AT1,AT12,AT121,Grassland without tree/shrub cover,Agriculture (excluding fallow land and kitchen gardens)
47082776,Yes,,,,,4.2,4.57,16.78,35.2,0,13.2,3.4,76.4,402,C31,U120,1,AT,AT1,AT12,AT121,Spruce dominated mixed woodland,FORESTRY
46742758,Yes,,,,,5.1,5.34,31.7,30.5,0,19.9,3.7,61.2,549,E20,U111,1,AT,AT3,AT31,AT314,Grassland without tree/shrub cover,Agriculture (excluding fallow land and kitchen gardens)
45902768,Yes,,,,,5.8,6.11,18.51,23.2,0,78.5,2.6,207.2,493,B16,U111,2,AT,AT3,AT31,AT315,Maize,Agriculture (excluding fallow land and kitchen gardens)
47302738,Yes,,,,,3.9,4.44,9.14,70,0,34.5,5.1,22.5,844,C21,U120,3,AT,AT2,AT22,AT223,Spruce dominated coniferous woodland,FORESTRY
47982724,Yes,,,,,5.8,6.15,7.94,11.4,0,35.9,1.5,230.8,445,F40,U111,1,AT,AT1,AT11,AT111,OTHER BARE SOIL,Agriculture (excluding fallow land and kitchen gardens)
46662780,Yes,,,,,5.6,5.84,21.1,37.2,0,24.5,4.4,145.6,348,E20,U111,1,AT,AT1,AT12,AT121,Grassland without tree/shrub cover,Agriculture (excluding fallow land and kitchen gardens)
45822796,Yes,,,,,5.8,6.24,5.78,33.6,0,50.9,3.8,57.9,442,B41,U111,2,AT,AT3,AT31,AT311,Dry pulses,Agriculture (excluding fallow land and kitchen gardens)
46362804,Yes,,,,,4.7,5.08,17.82,9.9,0,60.3,1.4,193.1,281,B16,U111,1,AT,AT3,AT31,AT312,Maize,Agriculture (excluding fallow land and kitchen gardens)
46382834,Yes,,,,,4.3,4.52,40.3,27.8,0,33.6,2.8,264,800,E20,U111,1,AT,AT3,AT31,AT313,Grassland without tree/shrub cover,Agriculture (excluding fallow land and kitchen gardens)
46182814,Yes,,,,,5.8,6.12,39.7,15.9,0,93.6,2.1,264.6,288,B11,U111,1,AT,AT3,AT31,AT312,Common wheat,Agriculture (excluding fallow land and kitchen gardens)
46102812,Yes,,,,,4.6,4.97,24.6,20.9,0,53,2.7,253.9,474,B41,U111,1,AT,AT3,AT31,AT312,Dry pulses,Agriculture (excluding fallow land and kitchen gardens)
46062818,Yes,,,,,5,5.36,29.9,28.4,0,36.7,3.3,96.9,613,E20,U111,1,AT,AT3,AT31,AT311,Grassland without tree/shrub cover,Agriculture (excluding fallow land and kitchen gardens)
45962820,Yes,,,,,4.4,4.83,32,43.4,0,35.1,4.2,475.6,582,E20,U111,1,AT,AT3,AT31,AT311,Grassland without tree/shrub cover,Agriculture (excluding fallow land and kitchen gardens)
46562790,Yes,,,,,7.2,7.37,40.7,16.5,5,74.9,2.2,230.3,358,B22,U111,1,AT,AT1,AT12,AT121,Sugar beet,Agriculture (excluding fallow land and kitchen gardens)
45722796,Yes,,,,,4.5,4.77,47.7,24.7,0,27.9,3.3,57.3,415,E20,U111,1,AT,AT3,AT31,AT311,Grassland without tree/shrub cover,Agriculture (excluding fallow land and kitchen gardens)
45742784,Yes,,,,,6,6.29,6.91,19.8,0,34.6,2.2,26,380,E30,U111,2,AT,AT3,AT31,AT311,Spontaneously re-vegetated surfaces,Agriculture (excluding fallow land and kitchen gardens)
45722786,Yes,,,,,5.3,5.54,47.5,33.3,0,58.5,4,101.4,577,E20,U111,1,AT,AT3,AT31,AT311,Grassland without tree/shrub cover,Agriculture (excluding fallow land and kitchen gardens)
45682788,Yes,,,,,3.3,3.81,25.4,153.5,0,42.8,8.6,68.9,528,C21,U120,1,AT,AT3,AT31,AT311,Spruce dominated coniferous woodland,FORESTRY
46262776,Yes,,,,,5.9,6.16,19.03,17.3,0,31.1,2.2,66.8,455,B15,U111,1,AT,AT3,AT31,AT314,Oats,Agriculture (excluding fallow land and kitchen gardens)
46342786,Yes,,,,,5.6,5.86,15.41,12.6,0,59.9,1.6,165.7,323,B16,U111,1,AT,AT3,AT31,AT312,Maize,Agriculture (excluding fallow land and kitchen gardens)
46502798,Yes,,,,,5.5,5.79,21.8,16.9,0,35.8,2.1,144.9,256,B13,U111,1,AT,AT3,AT31,AT312,Barley,Agriculture (excluding fallow land and kitchen gardens)
45842800,Yes,,,,,6.2,6.48,20.7,21,0,56.2,2.6,159.8,421,B13,U111,1,AT,AT3,AT31,AT311,Barley,Agriculture (excluding fallow land and kitchen gardens)
48122780,Yes,,,,,7.4,7.9,15,26,133,16.3,2.2,296.6,221,B12,U111,1,AT,AT1,AT12,AT127,Durum wheat,Agriculture (excluding fallow land and kitchen gardens)
48342774,Yes,,,,,7.3,7.91,19.04,31.1,85,39.8,3.1,329.8,122,B13,U111,1,AT,AT1,AT11,AT112,Barley,Agriculture (excluding fallow land and kitchen gardens)
48042766,Yes,,,,,6.9,7.11,74.2,64.1,19,38.7,4.3,156.9,263,C10,U120,2,AT,AT1,AT11,AT112,Broadleaved woodland,FORESTRY
48002764,Yes,,,,,7.4,7.83,31.7,22.8,159,26.9,2.3,298.5,234,B11,U111,1,AT,AT1,AT11,AT112,Common wheat,Agriculture (excluding fallow land and kitchen gardens)
47882776,Yes,,,,,7.2,7.76,21.3,32,158,40.3,2.3,700.1,257,B52,U111,3,AT,AT1,AT12,AT127,Lucerne,Agriculture (excluding fallow land and kitchen gardens)
47822764,Yes,,,,,7.1,7.6,13.87,42.6,122,25,3.9,346,212,E20,U111,4,AT,AT1,AT12,AT122,Grassland without tree/shrub cover,Agriculture (excluding fallow land and kitchen gardens)
47742758,Yes,,,,,6.9,7.04,26.7,71.6,82,23.9,6.8,568.9,466,E10,U111,1,AT,AT1,AT12,AT122,Grassland with sparse tree/shrub cover,Agriculture (excluding fallow land and kitchen gardens)
48122762,Yes,,,,,7.2,7.58,12.05,13.7,18,16.4,1.4,148.4,176,B33,U111,1,AT,AT1,AT11,AT112,Soya,Agriculture (excluding fallow land and kitchen gardens)
48462776,Yes,,,,,7.3,7.98,18.06,18.7,137,22,2,275,139,F40,U111,1,AT,AT1,AT11,AT112,OTHER BARE SOIL,Agriculture (excluding fallow land and kitchen gardens)
47462764,Yes,,,,,6.6,6.79,26.5,111.4,82,20.4,7.2,162.5,713,C31,U120,1,AT,AT1,AT12,AT122,Spruce dominated mixed woodland,FORESTRY
47822736,Yes,,,,,3.8,4.36,13.21,157.2,3,45.4,8.3,132.8,700,C21,U120,1,AT,AT1,AT12,AT122,Spruce dominated coniferous woodland,FORESTRY
47802732,Yes,,,,,5,5.34,16.48,35.7,0,53.3,3.7,89.4,691,B14,U111,1,AT,AT1,AT12,AT122,Rye,Agriculture (excluding fallow land and kitchen gardens)
47402780,Yes,,,,,6.8,7.11,29,50.8,31,11.1,4.7,235.1,705,E20,U111,1,AT,AT1,AT12,AT122,Grassland without tree/shrub cover,Agriculture (excluding fallow land and kitchen gardens)
47882740,Yes,,,,,5.3,5.77,6.37,23.6,0,18.9,2.6,83,713,E20,U111,1,AT,AT1,AT12,AT122,Grassland without tree/shrub cover,Agriculture (excluding fallow land and kitchen gardens)
47942726,Yes,,,,,5.2,5.62,16.91,24.5,0,27.6,3,146.9,556,E20,U111,1,AT,AT1,AT12,AT122,Grassland without tree/shrub cover,Agriculture (excluding fallow land and kitchen gardens)
45742754,Yes,,,,,3.9,4.22,40.5,45.6,0,16.3,3.6,177.2,707,C33,U120,3,AT,AT3,AT31,AT315,Other mixed woodland,FORESTRY
47802746,Yes,,,,,3.9,4.34,9.22,35.1,0,21.6,3.1,104.5,483,C31,U120,1,AT,AT1,AT12,AT122,Spruce dominated mixed woodland,FORESTRY
47242774,Yes,,,,,4.7,5.1,23.3,45.7,1,10.2,4,193.1,696,C31,U120,1,AT,AT1,AT12,AT123,Spruce dominated mixed woodland,FORESTRY
48002776,Yes,,,,,7.4,7.93,18.99,28.9,243,28.3,2.4,215.6,213,A30,U111,1,AT,AT1,AT12,AT127,OTHER ARTIFICIAL AREAS,Agriculture (excluding fallow land and kitchen gardens)
48122770,Yes,,,,,6.5,6.74,19.74,17.5,1,62.6,2.2,212.2,158,B31,U111,3,AT,AT1,AT11,AT112,Sunflower,Agriculture (excluding fallow land and kitchen gardens)
47582788,Yes,,,,,4.3,4.85,8.11,33.5,1,8.6,2.9,116.4,565,C31,U120,1,AT,AT1,AT12,AT122,Spruce dominated mixed woodland,FORESTRY
48482762,Yes,,,,,7.6,8.04,32.3,45.3,197,30.8,4.1,341.9,117,B21,U111,1,AT,AT1,AT11,AT112,Potatoes,Agriculture (excluding fallow land and kitchen gardens)
45642750,Yes,,,,,7.1,7.29,68.7,83.5,112,21.7,6,128.5,687,E20,U111,2,AT,AT3,AT32,AT323,Grassland without tree/shrub cover,Agriculture (excluding fallow land and kitchen gardens)
45842754,Yes,,,,,4.5,5.18,6.9,17.3,0,0,2.2,127.5,597,E20,U111,1,AT,AT3,AT31,AT315,Grassland without tree/shrub cover,Agriculture (excluding fallow land and kitchen gardens)
45682752,Yes,,,,,4.5,4.84,48.4,38.7,0,21.9,4.4,100.3,540,E20,U111,1,AT,AT3,AT31,AT315,Grassland without tree/shrub cover,Agriculture (excluding fallow land and kitchen gardens)
46982766,Yes,,,,,7.2,7.47,41.1,110.1,89,11.6,6.1,103.2,658,C10,U120,1,AT,AT1,AT12,AT121,Broadleaved woodland,FORESTRY
46362810,Yes,,,,,4.2,4.55,79.1,79.2,1,67.2,6.4,180.5,391,C10,U120,1,AT,AT3,AT31,AT312,Broadleaved woodland,FORESTRY
45702780,Yes,,,,,3,3.97,32.8,174.7,0,54.7,9.5,147.2,658,C33,U120,1,AT,AT3,AT31,AT311,Other mixed woodland,FORESTRY
46362822,Yes,,,,,3.1,4.23,59.9,329.2,0,140.5,15.7,320.2,802,C21,U120,1,AT,AT3,AT31,AT312,Spruce dominated coniferous woodland,FORESTRY
45962824,Yes,,,,,3.5,4.28,63.8,165.4,0,92.6,11.8,212,576,D10,U120,1,AT,AT3,AT31,AT311,Shrubland with sparse tree cover,FORESTRY
45822828,Yes,,,,,3.3,4.25,63.9,332.6,0,79.2,16.9,260.8,449,C31,U120,3,AT,AT3,AT31,AT311,Spruce dominated mixed woodland,FORESTRY
43002704,Yes,,,,,7,7.41,21.3,37.3,108,19,3.4,108,402,H11,U420,1,AT,AT3,AT34,AT342,Inland marshes,Semi-natural and natural areas not in use
46422762,Yes,,,,,7.1,7.32,74.6,139.5,114,18.5,8,131.9,479,C33,U120,1,AT,AT3,AT31,AT314,Other mixed woodland,FORESTRY
43022698,Yes,,,,,6.5,6.82,37.6,74.6,22,13.1,5.4,210.5,507,C10,U120,1,AT,AT3,AT34,AT342,Broadleaved woodland,FORESTRY
46382758,Yes,,,,,6.9,7.01,106,187.3,32,18.7,11.3,212.9,672,C31,U120,1,AT,AT3,AT31,AT314,Spruce dominated mixed woodland,FORESTRY
47722780,Yes,,,,,6.4,6.64,174.5,325,23,23.7,16.5,163.8,507,C32,U120,1,AT,AT1,AT12,AT122,Pine dominated mixed woodland,FORESTRY
44042690,Yes,,,,,6.8,7.02,124.6,126.5,30,92.6,8,385.6,655,C33,U120,1,AT,AT3,AT33,AT332,Other mixed woodland,FORESTRY
43702704,Yes,,,,,6.5,6.81,44.1,166.6,22,32.8,9.5,221.6,920,C21,U120,4,AT,AT3,AT33,AT331,Spruce dominated coniferous woodland,FORESTRY
43062670,Yes,,,,,4.4,4.7,63.7,55.9,0,36.1,4.8,98.9,658,E20,U111,2,AT,AT3,AT34,AT341,Grassland without tree/shrub cover,Agriculture (excluding fallow land and kitchen gardens)
43802684,Yes,,,,,7,7.17,126,146.5,100,74.6,12.8,121.2,795,E20,U111,1,AT,AT3,AT33,AT334,Grassland without tree/shrub cover,Agriculture (excluding fallow land and kitchen gardens)
44142686,Yes,,,,,6.8,7.18,78.9,286.8,65,49,11.5,161.5,796,C22,U120,2,AT,AT3,AT33,AT332,Pine dominated coniferous woodland,FORESTRY
46102852,Yes,,,,,3.9,4.12,65.5,77.1,0,44,6.1,101.2,841,C21,U120,1,AT,AT3,AT31,AT313,Spruce dominated coniferous woodland,FORESTRY
46942846,Yes,,,,,3.4,3.92,11.84,60.3,2,57.9,2.9,89.4,617,C22,U120,1,AT,AT1,AT12,AT124,Pine dominated coniferous woodland,FORESTRY
46522628,Yes,,,,,5.2,5.46,96.8,168.4,1,69.7,14,96.2,461,B11,U111,1,AT,AT2,AT21,AT211,Common wheat,Agriculture (excluding fallow land and kitchen gardens)
47402702,Yes,,,,,3.6,4.25,15.75,101.1,1,32.9,6,93.6,788,C21,U120,1,AT,AT2,AT22,AT224,Spruce dominated coniferous woodland,FORESTRY
47522710,Yes,,,,,3.5,4.09,24.9,105.1,0,71.2,6.5,89.3,600,C21,U120,1,AT,AT2,AT22,AT224,Spruce dominated coniferous woodland,FORESTRY
45242730,Yes,,,,,6.2,6.56,76.6,218.7,32,47,13.8,201.1,911,D10,U120,1,AT,AT3,AT32,AT322,Shrubland with sparse tree cover,FORESTRY
45242722,Yes,,,,,6.8,7.33,16.18,27.7,54,11.3,2.3,56.6,625,E20,U111,1,AT,AT3,AT32,AT322,Grassland without tree/shrub cover,Agriculture (excluding fallow land and kitchen gardens)
44622688,Yes,,,,,3.6,4.4,25.8,206,0,68.3,11.7,111,806,C21,U120,1,AT,AT3,AT33,AT335,Spruce dominated coniferous woodland,FORESTRY
45562732,Yes,,,,,7,7.14,125.1,64.5,78,46.2,5.9,134.8,474,C31,U120,1,AT,AT3,AT32,AT323,Spruce dominated mixed woodland,FORESTRY
46962744,Yes,,,,,6.9,7.01,168.2,319.3,65,42.1,14.3,157.6,801,C31,U120,1,AT,AT2,AT22,AT222,Spruce dominated mixed woodland,FORESTRY
45542694,Yes,,,,,5,5.31,10,16.8,0,3.5,2,35.7,885,E20,U111,1,AT,AT3,AT32,AT322,Grassland without tree/shrub cover,Agriculture (excluding fallow land and kitchen gardens)
45402772,Yes,,,,,6.9,7.03,81,49.9,8,49.3,5.6,200.1,477,E20,U111,3,AT,AT3,AT32,AT323,Grassland without tree/shrub cover,Agriculture (excluding fallow land and kitchen gardens)
47722672,Yes,,,,,5.7,5.98,22.3,19.4,0,58,2.4,244.9,323,E20,U111,1,AT,AT2,AT22,AT224,Grassland without tree/shrub cover,Agriculture (excluding fallow land and kitchen gardens)
45882618,Yes,,,,,6.8,6.99,65.1,53.9,3,16.6,5.9,90,630,E20,U111,1,AT,AT2,AT21,AT212,Grassland without tree/shrub cover,Agriculture (excluding fallow land and kitchen gardens)
45342706,Yes,,,,,6,6.12,30.7,24.2,0,4.6,3.2,32.7,719,E20,U111,1,AT,AT3,AT32,AT322,Grassland without tree/shrub cover,Agriculture (excluding fallow land and kitchen gardens)
47742660,Yes,,,,,4.2,4.68,7.3,26,0,9.6,2.2,162,344,C10,U120,1,AT,AT2,AT22,AT224,Broadleaved woodland,FORESTRY
