Point_ID,Revisited_point,Coarse,Clay,Sand,Silt,pH(CaCl2),pH(H2O),EC,OC,CaCO3,P,N,K,Elevation,LC1,LU1,Soil_Stones,NUTS_0,NUTS_1,NUTS_2,NUTS_3,LC1_Desc,LU1_Desc
50642910,No,18,18,33,48,4.4,4.8,6.73,18.8,1,8.9,1.7,76,903,C21,U120,4,SK,SK0,SK03,SK032,Spruce dominated coniferous woodland,FORESTRY
52142920,No,14,25,14,61,5.9,6.17,9.15,15.8,1,65.1,1.6,368.2,113,B13,U111,1,SK,SK0,SK04,SK042,Barley,Agriculture (excluding fallow land and kitchen gardens)
50602934,No,14,25,29,46,5.8,6.03,8.07,19.7,1,27.5,1.9,115.3,792,B15,U111,4,SK,SK0,SK04,SK041,Oats,Agriculture (excluding fallow land and kitchen gardens)
50102914,No,14,10,52,38,4,4.31,7.26,47.1,0,12.7,3.2,67.9,1135,C21,U120,1,SK,SK0,SK03,SK031,Spruce dominated coniferous woodland,FORESTRY
48822884,No,13,15,34,51,5.3,5.63,7.6,22.5,0,7.2,2.4,63.4,398,E20,U111,2,SK,SK0,SK02,SK022,Grassland without tree/shrub cover,Agriculture (excluding fallow land and kitchen gardens)
49242832,No,31,33,11,56,7.1,7.42,15.87,18.9,8,25.2,2.2,310.3,215,B11,U111,1,SK,SK0,SK02,SK023,Common wheat,Agriculture (excluding fallow land and kitchen gardens)
49402872,No,43,28,13,59,6.5,6.62,14.93,23.6,2,23,2.4,261.7,254,B52,U111,1,SK,SK0,SK02,SK022,Lucerne,Agriculture (excluding fallow land and kitchen gardens)
49702880,No,34,17,25,58,5.2,5.55,13.32,42.8,0,15.6,3.7,186.3,565,C10,U120,1,SK,SK0,SK03,SK032,Broadleaved woodland,FORESTRY
50222920,No,18,6,57,37,7.2,7.51,24.3,91.3,488,7.2,3.1,40.4,1041,C21,U120,1,SK,SK0,SK03,SK031,Spruce dominated coniferous woodland,FORESTRY
50522866,No,15,33,12,55,5.9,5.98,10.43,11.2,1,26,1.3,133.1,348,B16,U111,1,SK,SK0,SK03,SK032,Maize,Agriculture (excluding fallow land and kitchen gardens)
49542830,No,13,37,14,49,6.8,6.97,11.14,17.5,1,48.3,2,165.3,161,B11,U111,1,SK,SK0,SK02,SK023,Common wheat,Agriculture (excluding fallow land and kitchen gardens)
49642882,No,60,25,23,52,5.2,5.6,14.42,44.7,0,17.9,3.4,730.7,597,C21,U120,1,SK,SK0,SK02,SK022,Spruce dominated coniferous woodland,FORESTRY
50002954,No,6,20,32,48,4.7,5.04,6.93,19.2,0,8.6,2.3,44.5,787,E20,U111,1,SK,SK0,SK03,SK031,Grassland without tree/shrub cover,Agriculture (excluding fallow land and kitchen gardens)
50142948,No,20,33,12,55,4.2,4.63,9.05,30.2,1,7.3,3.1,121.6,1120,C21,U120,1,SK,SK0,SK03,SK031,Spruce dominated coniferous woodland,FORESTRY
51542896,No,19,29,17,55,7,7.3,14.51,14.6,3,9.2,1.8,152.8,165,B11,U111,1,SK,SK0,SK04,SK042,Common wheat,Agriculture (excluding fallow land and kitchen gardens)
51362950,No,15,24,29,47,5.9,6.15,8.15,8.8,0,20.1,1.3,111.5,426,B11,U111,1,SK,SK0,SK04,SK041,Common wheat,Agriculture (excluding fallow land and kitchen gardens)
51002942,No,8,13,44,43,4.5,4.88,9.46,20.1,0,11.1,2.4,38,804,E20,U111,1,SK,SK0,SK04,SK041,Grassland without tree/shrub cover,Agriculture (excluding fallow land and kitchen gardens)
50302926,No,28,31,12,57,4.7,5.11,8.39,20.6,0,7.8,2.4,89.4,682,E20,U111,4,SK,SK0,SK03,SK031,Grassland without tree/shrub cover,Agriculture (excluding fallow land and kitchen gardens)
50602888,No,14,13,43,44,4.8,5.14,8.96,11.6,0,5.5,1.4,101,495,C10,U120,1,SK,SK0,SK03,SK032,Broadleaved woodland,FORESTRY
50562924,No,20,11,55,34,5,5.33,26.1,88.9,1,22.8,6.2,404.8,997,C21,U120,4,SK,SK0,SK04,SK041,Spruce dominated coniferous woodland,FORESTRY
50322912,No,22,11,53,37,4.9,5.44,9.81,31.5,0,14.5,2.7,134,1039,C31,U120,3,SK,SK0,SK03,SK032,Spruce dominated mixed woodland,FORESTRY
50562928,No,10,15,49,36,7,7.26,15.54,28.7,16,8.9,1.7,66.9,1014,C33,U120,4,SK,SK0,SK04,SK041,Other mixed woodland,FORESTRY
49162898,Yes,,,,,7.2,7.3,47.8,38.8,52,11,3.8,121.1,286,C10,U120,1,SK,SK0,SK02,SK022,Broadleaved woodland,FORESTRY
49342934,Yes,,,,,5.2,5.85,5.04,10.6,0,5.1,1.3,74.5,381,B72,U410,1,SK,SK0,SK02,SK022,Pear fruit,Abandoned areas
49242940,Yes,,,,,5.8,6.2,10.22,25.7,1,6.5,2.3,237.2,594,C10,U120,4,SK,SK0,SK02,SK022,Broadleaved woodland,FORESTRY
49302928,Yes,,,,,6.5,6.68,13.91,38.5,3,12.4,3.9,212,474,E20,U111,1,SK,SK0,SK02,SK022,Grassland without tree/shrub cover,Agriculture (excluding fallow land and kitchen gardens)
48622874,Yes,,,,,6,6.33,9.4,13.3,1,51.1,1.7,326.2,277,B11,U111,1,SK,SK0,SK02,SK021,Common wheat,Agriculture (excluding fallow land and kitchen gardens)
49342910,Yes,,,,,7,7.04,17.56,52.1,45,8.4,4.4,163.9,631,D10,U112,4,SK,SK0,SK02,SK022,Shrubland with sparse tree cover,Fallow land
49602904,Yes,,,,,6.9,7.05,29,122.8,157,15.3,5.9,136.7,628,C33,U120,1,SK,SK0,SK03,SK031,Other mixed woodland,FORESTRY
49302906,Yes,,,,,6.6,6.87,14.57,55.3,9,9.4,4.2,207.2,604,C31,U120,3,SK,SK0,SK02,SK022,Spruce dominated mixed woodland,FORESTRY
49442934,Yes,,,,,7,7.15,22.4,36.1,254,10.4,3.6,132.5,388,E20,U111,1,SK,SK0,SK03,SK031,Grassland without tree/shrub cover,Agriculture (excluding fallow land and kitchen gardens)
48702882,Yes,,,,,6.9,6.99,17.97,45.8,14,7.1,4.6,326.9,374,E20,U111,1,SK,SK0,SK02,SK022,Grassland without tree/shrub cover,Agriculture (excluding fallow land and kitchen gardens)
49062904,Yes,,,,,6.8,6.98,28.2,36.3,18,8,3.8,225.3,378,E20,U111,1,SK,SK0,SK02,SK022,Grassland without tree/shrub cover,Agriculture (excluding fallow land and kitchen gardens)
48842878,Yes,,,,,5.6,5.98,9.25,15.4,0,14.8,1.9,297.7,333,C10,U410,1,SK,SK0,SK02,SK022,Broadleaved woodland,Abandoned areas
48942888,Yes,,,,,6.3,6.42,13.1,26.9,1,6,2.9,138.9,422,E20,U111,1,SK,SK0,SK02,SK022,Grassland without tree/shrub cover,Agriculture (excluding fallow land and kitchen gardens)
49322920,Yes,,,,,5.2,5.54,6.82,19.3,1,13.4,2,91.1,332,E20,U111,1,SK,SK0,SK02,SK022,Grassland without tree/shrub cover,Agriculture (excluding fallow land and kitchen gardens)
49162838,Yes,,,,,7.1,7.52,19.1,19.1,0,28.1,1.7,213,150,B16,U111,1,SK,SK0,SK02,SK023,Maize,Agriculture (excluding fallow land and kitchen gardens)
49382906,Yes,,,,,7.2,7.4,20.1,32,104,9.3,3.7,180.4,625,E20,U111,2,SK,SK0,SK02,SK022,Grassland without tree/shrub cover,Agriculture (excluding fallow land and kitchen gardens)
49002812,Yes,,,,,7.4,7.71,14.61,32.5,9,37.1,3,256.1,118,B16,U111,1,SK,SK0,SK02,SK023,Maize,Agriculture (excluding fallow land and kitchen gardens)
48742792,Yes,,,,,7.2,7.48,14.72,34.7,89,72.9,3.2,279.7,124,B13,U111,1,SK,SK0,SK02,SK021,Barley,Agriculture (excluding fallow land and kitchen gardens)
48422818,Yes,,,,,7.1,7.68,20.8,21.9,131,13.6,2.7,186.6,173,B11,U111,1,SK,SK0,SK01,SK010,Common wheat,Agriculture (excluding fallow land and kitchen gardens)
48442820,Yes,,,,,4.3,4.84,13.85,24.8,1,22.2,2.4,93.3,271,C10,U420,1,SK,SK0,SK01,SK010,Broadleaved woodland,Semi-natural and natural areas not in use
48382850,Yes,,,,,5,5.55,4.87,5.7,0,15.5,0.7,46.8,162,C10,U420,1,SK,SK0,SK01,SK010,Broadleaved woodland,Semi-natural and natural areas not in use
48402834,Yes,,,,,5.6,5.88,6.79,14.1,1,8.7,1.2,75.3,172,D10,U410,1,SK,SK0,SK01,SK010,Shrubland with sparse tree cover,Abandoned areas
48522868,Yes,,,,,6.9,7.13,19.86,12.1,4,22.8,1.7,185.7,266,B16,U111,1,SK,SK0,SK02,SK021,Maize,Agriculture (excluding fallow land and kitchen gardens)
49082776,Yes,,,,,7.7,8.13,18.62,24.8,122,44.6,2.3,269.7,115,B32,U111,1,SK,SK0,SK02,SK023,Rape and turnip rape,Agriculture (excluding fallow land and kitchen gardens)
49422774,Yes,,,,,7.5,8.07,16.32,20.1,96,24.7,1.9,144.2,107,B31,U111,1,SK,SK0,SK02,SK023,Sunflower,Agriculture (excluding fallow land and kitchen gardens)
49122798,Yes,,,,,7.4,7.71,22.5,5.7,71,24.9,1.7,301.2,121,B16,U111,1,SK,SK0,SK02,SK023,Maize,Agriculture (excluding fallow land and kitchen gardens)
48982888,Yes,,,,,6.8,7.1,13.09,13.4,0,15.3,1.8,129.1,304,B52,U111,1,SK,SK0,SK02,SK022,Lucerne,Agriculture (excluding fallow land and kitchen gardens)
49022896,Yes,,,,,5.4,5.74,6.87,26.4,0,7.1,3,96.2,306,E20,U111,1,SK,SK0,SK02,SK022,Grassland without tree/shrub cover,Agriculture (excluding fallow land and kitchen gardens)
49302802,Yes,,,,,7.3,7.67,16.66,28.8,30,44.7,3.1,512,118,B32,U111,1,SK,SK0,SK02,SK023,Rape and turnip rape,Agriculture (excluding fallow land and kitchen gardens)
48562860,Yes,,,,,3.8,4.46,3.58,9,1,4.2,0.5,35.6,233,C32,U120,1,SK,SK0,SK02,SK021,Pine dominated mixed woodland,FORESTRY
48782830,Yes,,,,,7.5,7.86,15.02,19.6,22,9.6,1.9,213.2,145,B13,U111,1,SK,SK0,SK02,SK021,Barley,Agriculture (excluding fallow land and kitchen gardens)
49022788,Yes,,,,,7.5,7.95,19.44,36.6,252,84.9,2.9,403.2,133,B16,U111,1,SK,SK0,SK02,SK021,Maize,Agriculture (excluding fallow land and kitchen gardens)
49262830,Yes,,,,,6.4,6.72,7.45,14.9,1,26.8,1.7,215.4,225,B13,U111,1,SK,SK0,SK02,SK023,Barley,Agriculture (excluding fallow land and kitchen gardens)
49142830,Yes,,,,,7.4,7.78,12.9,13.7,27,33.3,1.5,202.6,229,B32,U111,2,SK,SK0,SK02,SK023,Rape and turnip rape,Agriculture (excluding fallow land and kitchen gardens)
49262866,Yes,,,,,6.1,6.34,20.1,13.3,1,67.2,1.6,307.3,183,B16,U111,1,SK,SK0,SK02,SK023,Maize,Agriculture (excluding fallow land and kitchen gardens)
48922860,Yes,,,,,7.3,7.56,30.4,19.5,35,36.3,2.4,325.7,153,B11,U111,1,SK,SK0,SK02,SK021,Common wheat,Agriculture (excluding fallow land and kitchen gardens)
49102846,Yes,,,,,7.2,7.5,10.7,14.9,3,37.4,1.7,290.5,161,B16,U111,1,SK,SK0,SK02,SK023,Maize,Agriculture (excluding fallow land and kitchen gardens)
49042854,Yes,,,,,7.5,7.8,16.88,14.5,34,51.2,1.8,213.7,250,B11,U111,1,SK,SK0,SK02,SK023,Common wheat,Agriculture (excluding fallow land and kitchen gardens)
49122888,Yes,,,,,5.2,5.54,8.13,42,0,21.7,3.1,119,500,C10,U120,2,SK,SK0,SK02,SK022,Broadleaved woodland,FORESTRY
49282846,Yes,,,,,5.2,5.49,6.14,18.5,1,21.6,2,100.1,302,E20,U111,1,SK,SK0,SK02,SK023,Grassland without tree/shrub cover,Agriculture (excluding fallow land and kitchen gardens)
49162820,Yes,,,,,7.4,7.6,25.1,18.7,97,25.8,1.8,191.5,140,B16,U111,1,SK,SK0,SK02,SK023,Maize,Agriculture (excluding fallow land and kitchen gardens)
48862854,Yes,,,,,6.9,7.11,12.91,11,2,50.4,1.6,214,182,B11,U111,1,SK,SK0,SK02,SK021,Common wheat,Agriculture (excluding fallow land and kitchen gardens)
49302888,Yes,,,,,6.2,6.34,10.04,40.8,1,9.4,3.3,435.4,400,C10,U120,1,SK,SK0,SK02,SK022,Broadleaved woodland,FORESTRY
49082872,Yes,,,,,7,7.11,15.03,63.2,0,11.6,4.6,198.8,584,C10,U120,2,SK,SK0,SK02,SK022,Broadleaved woodland,FORESTRY
49142884,Yes,,,,,4.7,5.21,8.11,19.7,1,32.9,1.6,83.3,508,C10,U120,1,SK,SK0,SK02,SK022,Broadleaved woodland,FORESTRY
49382892,Yes,,,,,4.3,4.65,5.99,24.7,0,14.8,2.1,109.4,628,C10,U120,2,SK,SK0,SK02,SK022,Broadleaved woodland,FORESTRY
48662806,Yes,,,,,7.3,7.95,18.18,25.8,100,31.9,2,371.3,127,B21,U111,1,SK,SK0,SK01,SK010,Potatoes,Agriculture (excluding fallow land and kitchen gardens)
49242886,Yes,,,,,5.4,5.63,10.15,30.5,0,13.7,2.7,147.8,292,C10,U120,2,SK,SK0,SK02,SK022,Broadleaved woodland,FORESTRY
49342852,Yes,,,,,4.3,4.69,6.14,27,1,78.2,2.1,101.4,368,C10,U120,1,SK,SK0,SK02,SK023,Broadleaved woodland,FORESTRY
48662820,Yes,,,,,7.5,7.79,21.9,12.7,36,35.1,1.3,174.5,175,B16,U111,1,SK,SK0,SK01,SK010,Maize,Agriculture (excluding fallow land and kitchen gardens)
49022824,Yes,,,,,7.4,7.99,12.84,12.9,28,31.9,1.4,198.4,130,B13,U111,1,SK,SK0,SK02,SK021,Barley,Agriculture (excluding fallow land and kitchen gardens)
48802816,Yes,,,,,7.5,7.94,20.5,31.6,189,21.8,2.7,139.3,120,B18,U111,1,SK,SK0,SK02,SK021,Triticale,Agriculture (excluding fallow land and kitchen gardens)
48702840,Yes,,,,,6.7,6.96,21,14.1,5,44.8,1.5,241.5,194,B13,U111,1,SK,SK0,SK02,SK021,Barley,Agriculture (excluding fallow land and kitchen gardens)
48662842,Yes,,,,,3.9,4.44,6.83,21.8,1,9.5,2,58.4,416,C10,U120,1,SK,SK0,SK02,SK021,Broadleaved woodland,FORESTRY
49342870,Yes,,,,,6.7,6.73,20.8,30.3,4,29,3,263.7,193,C10,U361,1,SK,SK0,SK02,SK022,Broadleaved woodland,"Amenities, museum, leisure (e.g. parks, botanical gardens)"
49402836,Yes,,,,,5.5,5.95,7.41,12.7,1,77.4,1.5,379.3,169,B52,U111,1,SK,SK0,SK02,SK023,Lucerne,Agriculture (excluding fallow land and kitchen gardens)
49262836,Yes,,,,,7.1,7.24,18.7,43.6,316,15.6,4.1,192.4,209,E30,U420,2,SK,SK0,SK02,SK023,Spontaneously re-vegetated surfaces,Semi-natural and natural areas not in use
49282824,Yes,,,,,7.2,7.32,27.8,21.1,15,40.2,2.6,192.5,136,B16,U111,1,SK,SK0,SK02,SK023,Maize,Agriculture (excluding fallow land and kitchen gardens)
49342834,Yes,,,,,5.6,6.05,6.59,11,0,34.7,1.3,174.5,201,B11,U111,1,SK,SK0,SK02,SK023,Common wheat,Agriculture (excluding fallow land and kitchen gardens)
48682854,Yes,,,,,7.2,7.43,14.6,28.8,13,12.4,2.6,208.8,330,C10,U120,1,SK,SK0,SK02,SK021,Broadleaved woodland,FORESTRY
48982838,Yes,,,,,7.3,7.53,10.45,12.1,3,22.5,1.5,244.6,229,B41,U111,1,SK,SK0,SK02,SK021,Dry pulses,Agriculture (excluding fallow land and kitchen gardens)
48902836,Yes,,,,,7.4,7.88,14.79,12.7,63,8.7,1.6,123.4,129,B52,U111,1,SK,SK0,SK02,SK021,Lucerne,Agriculture (excluding fallow land and kitchen gardens)
48902848,Yes,,,,,7.5,7.94,18.43,12,79,16.1,1.5,199.6,160,B22,U111,1,SK,SK0,SK02,SK021,Sugar beet,Agriculture (excluding fallow land and kitchen gardens)
48962830,Yes,,,,,6.9,7.21,10.25,12.1,4,30.5,1.5,202.2,161,B16,U111,1,SK,SK0,SK02,SK021,Maize,Agriculture (excluding fallow land and kitchen gardens)
49662906,Yes,,,,,7.1,7.46,18.18,47,58,62.9,2.5,439.4,464,B32,U111,1,SK,SK0,SK03,SK031,Rape and turnip rape,Agriculture (excluding fallow land and kitchen gardens)
51322970,Yes,,,,,4.9,5.41,7.25,25.2,0,11.7,2.3,147.3,496,C10,U120,1,SK,SK0,SK04,SK041,Broadleaved woodland,FORESTRY
51902946,Yes,,,,,4.9,5.21,11.8,14.4,0,9.7,1.4,77.4,190,C10,U120,1,SK,SK0,SK04,SK041,Broadleaved woodland,FORESTRY
51922944,Yes,,,,,6,6.24,6.3,17.6,0,57.2,2.2,301.5,174,E20,U111,1,SK,SK0,SK04,SK041,Grassland without tree/shrub cover,Agriculture (excluding fallow land and kitchen gardens)
51182932,Yes,,,,,5.4,5.62,19.65,28,0,9.8,3,188.8,548,C32,U120,1,SK,SK0,SK04,SK041,Pine dominated mixed woodland,FORESTRY
51582966,Yes,,,,,4.3,4.73,7.93,30.5,0,9.8,2.8,152.2,352,C10,U120,2,SK,SK0,SK04,SK041,Broadleaved woodland,FORESTRY
51602980,Yes,,,,,4.9,5.26,7.34,13.3,0,46.1,1.6,119.1,262,E20,U111,1,SK,SK0,SK04,SK041,Grassland without tree/shrub cover,Agriculture (excluding fallow land and kitchen gardens)
49702910,Yes,,,,,6.3,6.51,6.49,15.3,2,22.2,1.7,187.4,494,E20,U111,1,SK,SK0,SK03,SK031,Grassland without tree/shrub cover,Agriculture (excluding fallow land and kitchen gardens)
51082954,Yes,,,,,5,5.27,9.73,23.8,0,23.6,2.9,165.2,566,B55,U111,2,SK,SK0,SK04,SK041,Temporary grassland,Agriculture (excluding fallow land and kitchen gardens)
52102944,Yes,,,,,4.1,4.52,11.96,25.4,0,8.3,2.4,67.9,495,C10,U120,1,SK,SK0,SK04,SK041,Broadleaved woodland,FORESTRY
51462960,Yes,,,,,5,5.28,13.39,15.4,0,63.7,1.8,256.9,380,E20,U111,1,SK,SK0,SK04,SK041,Grassland without tree/shrub cover,Agriculture (excluding fallow land and kitchen gardens)
51502910,Yes,,,,,5.9,6.13,8.31,10.6,0,49.6,1.3,237.5,292,B11,U111,2,SK,SK0,SK04,SK042,Common wheat,Agriculture (excluding fallow land and kitchen gardens)
51562908,Yes,,,,,6,6.1,17.66,38.1,0,39.4,3.5,337.9,296,C10,U120,1,SK,SK0,SK04,SK042,Broadleaved woodland,FORESTRY
51622914,Yes,,,,,6,6.25,8.46,17.1,0,34.6,1.8,199.4,297,B11,U111,1,SK,SK0,SK04,SK042,Common wheat,Agriculture (excluding fallow land and kitchen gardens)
51582918,Yes,,,,,5,5.2,18.38,45.7,0,20.6,4.6,159.8,301,C10,U420,1,SK,SK0,SK04,SK042,Broadleaved woodland,Semi-natural and natural areas not in use
51562926,Yes,,,,,5.7,5.98,17.84,14,0,59.4,1.6,247.5,386,B12,U111,1,SK,SK0,SK04,SK042,Durum wheat,Agriculture (excluding fallow land and kitchen gardens)
51782952,Yes,,,,,4.8,5.13,9.93,19.8,0,8,2.3,134.9,182,C10,U120,1,SK,SK0,SK04,SK041,Broadleaved woodland,FORESTRY
51902928,Yes,,,,,5.8,6,8.33,12.2,1,12.3,1.5,89.6,146,B11,U111,1,SK,SK0,SK04,SK042,Common wheat,Agriculture (excluding fallow land and kitchen gardens)
51182946,Yes,,,,,4,4.31,22.2,23.2,0,17.9,2.3,69.4,733,C10,U120,3,SK,SK0,SK04,SK041,Broadleaved woodland,FORESTRY
51402954,Yes,,,,,4.7,5.09,6.75,8.4,0,29.4,1,199.7,493,B53,U111,1,SK,SK0,SK04,SK041,Other Leguminous  and mixtures for fodder,Agriculture (excluding fallow land and kitchen gardens)
51762918,Yes,,,,,5.3,5.62,12.02,15.4,0,23.9,1.6,140.1,108,B31,U111,1,SK,SK0,SK04,SK042,Sunflower,Agriculture (excluding fallow land and kitchen gardens)
51322924,Yes,,,,,4.8,5.05,34.3,25,0,14.5,2.5,260.6,377,C10,U120,2,SK,SK0,SK04,SK042,Broadleaved woodland,FORESTRY
51402912,Yes,,,,,4.4,4.71,20.6,18.6,0,19.8,1.7,116.9,353,C10,U120,4,SK,SK0,SK04,SK042,Broadleaved woodland,FORESTRY
51462924,Yes,,,,,7.3,7.63,20.4,11.3,33,29.4,1.3,98.6,212,B11,U111,1,SK,SK0,SK04,SK041,Common wheat,Agriculture (excluding fallow land and kitchen gardens)
51902950,Yes,,,,,6.1,6.26,7.92,22.3,0,7.2,2.7,113.9,239,E20,U111,1,SK,SK0,SK04,SK041,Grassland without tree/shrub cover,Agriculture (excluding fallow land and kitchen gardens)
51582940,Yes,,,,,5.6,5.74,77,55.9,0,25.1,4.6,268,406,C10,U120,4,SK,SK0,SK04,SK041,Broadleaved woodland,FORESTRY
51262936,Yes,,,,,5.2,5.46,17.42,14.3,0,58.3,1.9,308.5,479,B53,U111,2,SK,SK0,SK04,SK041,Other Leguminous  and mixtures for fodder,Agriculture (excluding fallow land and kitchen gardens)
51402958,Yes,,,,,6.5,6.67,9.98,9.8,0,39.2,1.3,177.9,350,B13,U111,1,SK,SK0,SK04,SK041,Barley,Agriculture (excluding fallow land and kitchen gardens)
51502946,Yes,,,,,5.2,5.57,6.17,9.2,0,42.5,1.3,202,296,B16,U111,1,SK,SK0,SK04,SK041,Maize,Agriculture (excluding fallow land and kitchen gardens)
51642960,Yes,,,,,5.3,5.55,18.09,21.2,0,38,2.6,184.5,222,E20,U111,1,SK,SK0,SK04,SK041,Grassland without tree/shrub cover,Agriculture (excluding fallow land and kitchen gardens)
51742962,Yes,,,,,5,5.36,18.13,21.9,0,10.9,2.9,283.2,296,E20,U111,1,SK,SK0,SK04,SK041,Grassland without tree/shrub cover,Agriculture (excluding fallow land and kitchen gardens)
52182946,Yes,,,,,4.4,4.86,6.54,22.7,0,6.1,2.3,100.4,298,C10,U120,1,SK,SK0,SK04,SK041,Broadleaved woodland,FORESTRY
51242902,Yes,,,,,5.5,5.75,10.04,28.3,0,12.6,2.4,175.5,311,C10,U120,1,SK,SK0,SK04,SK042,Broadleaved woodland,FORESTRY
51542942,Yes,,,,,4.9,5,22.1,22.9,0,12.3,2.2,75.1,477,C10,U120,2,SK,SK0,SK04,SK041,Broadleaved woodland,FORESTRY
50742870,Yes,,,,,4.8,5.07,7.86,33.1,0,15.8,2.9,181.2,289,C10,U120,4,SK,SK0,SK03,SK032,Broadleaved woodland,FORESTRY
51862982,Yes,,,,,4,4.34,9.73,23.5,0,12.5,1.9,67.6,553,E30,U120,3,SK,SK0,SK04,SK041,Spontaneously re-vegetated surfaces,FORESTRY
51782890,Yes,,,,,6.1,6.24,7.87,15.6,0,14.5,1.8,187.2,191,B11,U111,1,SK,SK0,SK04,SK042,Common wheat,Agriculture (excluding fallow land and kitchen gardens)
52042916,Yes,,,,,5.2,5.46,13.14,29.2,0,49.2,3.5,386.9,110,B32,U111,1,SK,SK0,SK04,SK042,Rape and turnip rape,Agriculture (excluding fallow land and kitchen gardens)
51982918,Yes,,,,,5.2,5.46,9.91,20.6,0,14.3,2.6,176.9,105,B16,U111,1,SK,SK0,SK04,SK042,Maize,Agriculture (excluding fallow land and kitchen gardens)
51962908,Yes,,,,,5,5.34,6.59,16.7,0,13,2.1,143.9,101,B52,U111,1,SK,SK0,SK04,SK042,Lucerne,Agriculture (excluding fallow land and kitchen gardens)
50902936,Yes,,,,,5.3,5.57,12.54,36.1,0,34.7,2.8,281.8,645,D10,U420,3,SK,SK0,SK04,SK041,Shrubland with sparse tree cover,Semi-natural and natural areas not in use
50642960,Yes,,,,,6.2,6.35,18.14,85.1,3,9.2,5.5,113.1,1074,C21,U120,4,SK,SK0,SK04,SK041,Spruce dominated coniferous woodland,FORESTRY
52002906,Yes,,,,,6.7,6.66,16.31,28,0,30.2,3.3,283.8,101,E20,U111,4,SK,SK0,SK04,SK042,Grassland without tree/shrub cover,Agriculture (excluding fallow land and kitchen gardens)
50822946,Yes,,,,,5.5,5.75,7.22,19.5,0,23.9,2.4,147.4,694,E20,U111,3,SK,SK0,SK04,SK041,Grassland without tree/shrub cover,Agriculture (excluding fallow land and kitchen gardens)
50682936,Yes,,,,,7,7.16,18.82,17.4,3,80.8,2,228,695,B16,U111,1,SK,SK0,SK04,SK041,Maize,Agriculture (excluding fallow land and kitchen gardens)
52122904,Yes,,,,,5.5,5.78,14.67,17.3,0,15.8,2.4,157.8,107,B31,U111,3,SK,SK0,SK04,SK042,Sunflower,Agriculture (excluding fallow land and kitchen gardens)
51902878,Yes,,,,,5.1,5.38,14.72,14.8,0,27.1,1.8,137.6,104,B33,U111,1,SK,SK0,SK04,SK042,Soya,Agriculture (excluding fallow land and kitchen gardens)
50682966,Yes,,,,,7,7.11,25.8,31.8,17,22.4,3.9,79.6,784,E20,U111,3,SK,SK0,SK04,SK041,Grassland without tree/shrub cover,Agriculture (excluding fallow land and kitchen gardens)
51042966,Yes,,,,,7.2,7.26,19.6,42.8,69,10.8,4,252.6,545,C22,U420,2,SK,SK0,SK04,SK041,Pine dominated coniferous woodland,Semi-natural and natural areas not in use
51102942,Yes,,,,,3.8,4.12,12.56,29.6,0,14.1,3,136,726,C31,U120,2,SK,SK0,SK04,SK041,Spruce dominated mixed woodland,FORESTRY
50762938,Yes,,,,,5.9,6.12,5.11,16.3,0,22.7,2,168.9,723,B13,U111,3,SK,SK0,SK04,SK041,Barley,Agriculture (excluding fallow land and kitchen gardens)
50822928,Yes,,,,,3.6,3.95,10.88,42.8,0,17.2,3.3,75.1,572,C21,U420,4,SK,SK0,SK04,SK042,Spruce dominated coniferous woodland,Semi-natural and natural areas not in use
51362942,Yes,,,,,7.3,7.71,22.8,15.2,13,45.8,1.9,533.6,293,B32,U111,1,SK,SK0,SK04,SK041,Rape and turnip rape,Agriculture (excluding fallow land and kitchen gardens)
51042936,Yes,,,,,5.7,5.92,9.8,19.9,0,12.3,2.4,121.5,513,E20,U111,2,SK,SK0,SK04,SK041,Grassland without tree/shrub cover,Agriculture (excluding fallow land and kitchen gardens)
51022944,Yes,,,,,4.3,4.6,15.72,30.1,0,33.2,3.2,115.4,798,C33,U120,2,SK,SK0,SK04,SK041,Other mixed woodland,FORESTRY
50282928,Yes,,,,,6.7,6.81,12.27,18,1,69.1,2,129.4,629,B11,U111,4,SK,SK0,SK03,SK031,Common wheat,Agriculture (excluding fallow land and kitchen gardens)
50862868,Yes,,,,,4.7,5.03,8.62,36.3,0,15.4,2.8,108.1,269,C10,U120,4,SK,SK0,SK03,SK032,Broadleaved woodland,FORESTRY
50942938,Yes,,,,,5.1,5.45,15.09,29.4,0,11.5,2.4,251.1,865,C10,U120,3,SK,SK0,SK04,SK041,Broadleaved woodland,FORESTRY
51062902,Yes,,,,,3.6,4.15,51.4,184.4,0,69.2,10.9,187.9,644,C33,U120,4,SK,SK0,SK04,SK042,Other mixed woodland,FORESTRY
51782902,Yes,,,,,6.8,7,14.02,16,0,22.9,1.9,268.3,136,B11,U111,1,SK,SK0,SK04,SK042,Common wheat,Agriculture (excluding fallow land and kitchen gardens)
51582930,Yes,,,,,4.5,4.96,9.19,29.8,0,10,2.2,156.5,5460,C10,U120,3,SK,SK0,SK04,SK041,Broadleaved woodland,FORESTRY
51222918,Yes,,,,,4.3,4.6,13.5,33.9,0,14.9,2.4,97.1,551,C33,U120,4,SK,SK0,SK04,SK042,Other mixed woodland,FORESTRY
52122918,Yes,,,,,6.3,6.47,12.22,24.3,1,33.6,2.7,173.4,106,B32,U111,1,SK,SK0,SK04,SK042,Rape and turnip rape,Agriculture (excluding fallow land and kitchen gardens)
50602898,Yes,,,,,4.3,4.75,8.66,39.8,0,12.9,2.9,100.1,543,C10,U120,4,SK,SK0,SK03,SK032,Broadleaved woodland,FORESTRY
50642896,Yes,,,,,4.5,4.81,10.7,33.8,0,14.7,3.6,99.6,434,C10,U420,1,SK,SK0,SK03,SK032,Broadleaved woodland,Semi-natural and natural areas not in use
50862894,Yes,,,,,4,4.39,5.66,36.1,0,12.9,3,87.1,457,C10,U120,4,SK,SK0,SK04,SK042,Broadleaved woodland,FORESTRY
51862892,Yes,,,,,5.8,6.05,10.35,10.1,0,38.2,1.1,219.8,122,B32,U111,1,SK,SK0,SK04,SK042,Rape and turnip rape,Agriculture (excluding fallow land and kitchen gardens)
50802890,Yes,,,,,6.6,6.68,86.8,39.3,7,222.9,3.8,517.9,501,C10,U120,3,SK,SK0,SK04,SK042,Broadleaved woodland,FORESTRY
50462878,Yes,,,,,3.8,4.19,9.26,39.4,1,16.5,2.1,73.7,401,C31,U120,1,SK,SK0,SK03,SK032,Spruce dominated mixed woodland,FORESTRY
50202892,Yes,,,,,3.9,4.37,8.15,53,0,18.6,5,69.4,813,C31,U120,1,SK,SK0,SK03,SK032,Spruce dominated mixed woodland,FORESTRY
49502800,Yes,,,,,7.5,7.69,53.4,10.9,16,50.4,1.8,207,192,B16,U111,1,SK,SK0,SK02,SK023,Maize,Agriculture (excluding fallow land and kitchen gardens)
49342798,Yes,,,,,5.9,6.28,5.91,17.8,0,22.9,2.2,182.5,122,B11,U111,1,SK,SK0,SK02,SK023,Common wheat,Agriculture (excluding fallow land and kitchen gardens)
49402800,Yes,,,,,7.2,7.6,14.96,17.3,4,60.9,1.7,322.1,155,B82,U111,1,SK,SK0,SK02,SK023,Vineyards,Agriculture (excluding fallow land and kitchen gardens)
50362842,Yes,,,,,6,6.17,12.21,19.4,0,21,2.3,125.3,174,B11,U111,1,SK,SK0,SK03,SK032,Common wheat,Agriculture (excluding fallow land and kitchen gardens)
49722854,Yes,,,,,6,6.18,13.93,50.5,0,23,3.4,561.8,488,C31,U120,1,SK,SK0,SK03,SK032,Spruce dominated mixed woodland,FORESTRY
50562834,Yes,,,,,6.9,6.99,37.9,50.7,16,76.9,4.7,485.6,418,C10,U120,1,SK,SK0,SK03,SK032,Broadleaved woodland,FORESTRY
49682884,Yes,,,,,4.3,4.73,12.82,65.7,1,23.3,4.8,349.1,859,C21,U120,1,SK,SK0,SK03,SK032,Spruce dominated coniferous woodland,FORESTRY
49602822,Yes,,,,,6.7,6.91,9.36,14.3,1,34.7,1.6,137.9,155,B31,U111,1,SK,SK0,SK02,SK023,Sunflower,Agriculture (excluding fallow land and kitchen gardens)
50402876,Yes,,,,,4.3,4.7,9.28,54.7,1,33.3,4.6,243.6,830,C21,U120,1,SK,SK0,SK03,SK032,Spruce dominated coniferous woodland,FORESTRY
50402884,Yes,,,,,3.9,4.33,10.42,47.9,1,41.5,3.4,122.6,649,C21,U120,1,SK,SK0,SK03,SK032,Spruce dominated coniferous woodland,FORESTRY
49882888,Yes,,,,,5.1,5.65,8.7,30.5,0,18.4,3.3,110.7,525,E20,U111,1,SK,SK0,SK03,SK032,Grassland without tree/shrub cover,Agriculture (excluding fallow land and kitchen gardens)
49842892,Yes,,,,,6.7,6.82,20.9,62.8,22,14.8,4.8,111.3,0,C10,U120,1,SK,SK0,SK03,SK032,Broadleaved woodland,FORESTRY
49922896,Yes,,,,,6.2,6.28,15.29,42.1,3,7.3,4.4,83.6,828,E20,U111,1,SK,SK0,SK03,SK032,Grassland without tree/shrub cover,Agriculture (excluding fallow land and kitchen gardens)
51222948,Yes,,,,,4.5,4.67,30.2,21.2,0,29.8,2.6,131.4,673,E20,U111,1,SK,SK0,SK04,SK041,Grassland without tree/shrub cover,Agriculture (excluding fallow land and kitchen gardens)
50062816,Yes,,,,,6.5,6.65,11.4,15.5,0,24.7,2.2,152.2,136,B16,U111,1,SK,SK0,SK03,SK032,Maize,Agriculture (excluding fallow land and kitchen gardens)
50642870,Yes,,,,,5.7,5.99,10.9,14.6,0,30.3,1.8,215.3,242,B16,U111,1,SK,SK0,SK03,SK032,Maize,Agriculture (excluding fallow land and kitchen gardens)
49802926,Yes,,,,,7.1,7.49,14.86,19.4,21,36.5,2.4,221.1,509,B11,U111,2,SK,SK0,SK03,SK031,Common wheat,Agriculture (excluding fallow land and kitchen gardens)
50282856,Yes,,,,,5.8,6.1,6.37,16.7,1,35.4,1.5,158,316,C10,U120,1,SK,SK0,SK03,SK032,Broadleaved woodland,FORESTRY
50162836,Yes,,,,,7,7.37,11.13,15.3,2,37.6,1.8,285.6,253,B16,U111,1,SK,SK0,SK03,SK032,Maize,Agriculture (excluding fallow land and kitchen gardens)
50422852,Yes,,,,,5.7,5.98,6.22,14.5,1,24.4,1.7,230.3,209,B13,U111,1,SK,SK0,SK03,SK032,Barley,Agriculture (excluding fallow land and kitchen gardens)
50102928,Yes,,,,,4.6,4.92,5.75,30.6,0,16.9,3.7,150.6,606,E20,U111,1,SK,SK0,SK03,SK031,Grassland without tree/shrub cover,Agriculture (excluding fallow land and kitchen gardens)
50502858,Yes,,,,,5.7,6.01,5.56,12.4,1,36,1.5,111.9,230,B11,U111,1,SK,SK0,SK03,SK032,Common wheat,Agriculture (excluding fallow land and kitchen gardens)
49462810,Yes,,,,,6.9,7.04,11.16,20.2,1,31.4,2.2,314.8,185,B11,U111,1,SK,SK0,SK02,SK023,Common wheat,Agriculture (excluding fallow land and kitchen gardens)
50622872,Yes,,,,,4.5,4.98,7.59,34.9,0,11.5,3,127.5,294,C10,U120,3,SK,SK0,SK03,SK032,Broadleaved woodland,FORESTRY
50002882,Yes,,,,,6.2,6.19,9.63,21.9,0,69.7,2.4,255.6,447,E20,U111,1,SK,SK0,SK03,SK032,Grassland without tree/shrub cover,Agriculture (excluding fallow land and kitchen gardens)
50662872,Yes,,,,,6.1,6.31,9.61,23.8,1,28.9,2.5,330.8,294,E20,U111,1,SK,SK0,SK03,SK032,Grassland without tree/shrub cover,Agriculture (excluding fallow land and kitchen gardens)
50262830,Yes,,,,,5.6,5.76,11.25,29.5,0,45.4,3,234.4,165,E20,U111,1,SK,SK0,SK03,SK032,Grassland without tree/shrub cover,Agriculture (excluding fallow land and kitchen gardens)
50142940,Yes,,,,,7,7.13,14.35,96.4,116,15.5,3.5,163.6,715,E10,U111,3,SK,SK0,SK03,SK031,Grassland with sparse tree/shrub cover,Agriculture (excluding fallow land and kitchen gardens)
50822860,Yes,,,,,6.7,6.91,19.79,24.5,1,17.5,2.9,109.1,174,B31,U111,1,SK,SK0,SK03,SK032,Sunflower,Agriculture (excluding fallow land and kitchen gardens)
50702848,Yes,,,,,6.8,7.03,6.59,13.5,0,53.5,1.5,106.1,169,B11,U111,1,SK,SK0,SK03,SK032,Common wheat,Agriculture (excluding fallow land and kitchen gardens)
49602832,Yes,,,,,6.3,6.51,24.7,12.2,0,43.5,1.7,345.3,180,B16,U111,1,SK,SK0,SK02,SK023,Maize,Agriculture (excluding fallow land and kitchen gardens)
50502864,Yes,,,,,4.6,5.03,9.26,13.3,0,31.8,1.6,272.6,292,B14,U111,1,SK,SK0,SK03,SK032,Rye,Agriculture (excluding fallow land and kitchen gardens)
49702838,Yes,,,,,5.4,5.72,15.18,48.2,0,26,3.6,531.9,340,C10,U120,4,SK,SK0,SK02,SK023,Broadleaved woodland,FORESTRY
49762854,Yes,,,,,6,6.14,8.58,27.8,1,12.9,2.9,141.6,724,B73,U111,1,SK,SK0,SK03,SK032,Cherry fruit,Agriculture (excluding fallow land and kitchen gardens)
49722812,Yes,,,,,7.3,7.58,13.09,16.5,41,33.4,1.8,537.2,143,B13,U111,1,SK,SK0,SK02,SK023,Barley,Agriculture (excluding fallow land and kitchen gardens)
49602810,Yes,,,,,7.6,7.79,16.03,25.2,0,39.8,2.2,238.1,141,B16,U111,1,SK,SK0,SK02,SK023,Maize,Agriculture (excluding fallow land and kitchen gardens)
49742784,Yes,,,,,7.2,7.44,16.46,15.4,7,34.8,1.6,105,109,B33,U111,1,SK,SK0,SK02,SK023,Soya,Agriculture (excluding fallow land and kitchen gardens)
49702798,Yes,,,,,7.7,7.78,18.17,20.2,80,22.6,2.1,257.8,197,B35,U111,1,SK,SK0,SK02,SK023,Other fibre and oleaginous crops,Agriculture (excluding fallow land and kitchen gardens)
50142958,Yes,,,,,5.3,5.57,6.63,20.4,1,12.8,2.5,64.8,603,E20,U111,1,SK,SK0,SK03,SK031,Grassland without tree/shrub cover,Agriculture (excluding fallow land and kitchen gardens)
49662816,Yes,,,,,6.6,6.64,7.78,9.6,0,18.3,1.1,113.8,137,B16,U111,1,SK,SK0,SK02,SK023,Maize,Agriculture (excluding fallow land and kitchen gardens)
49582782,Yes,,,,,6.9,7.03,10.18,24.4,1,34.3,2.5,340.4,129,E30,U420,1,SK,SK0,SK02,SK023,Spontaneously re-vegetated surfaces,Semi-natural and natural areas not in use
49982866,Yes,,,,,6,6.07,12.31,35.9,0,34.9,3.3,366.4,451,C10,U120,3,SK,SK0,SK03,SK032,Broadleaved woodland,FORESTRY
49942854,Yes,,,,,5,5.32,6.77,13.5,0,42.9,1.6,300.9,459,B53,U111,1,SK,SK0,SK03,SK032,Other Leguminous  and mixtures for fodder,Agriculture (excluding fallow land and kitchen gardens)
49562968,Yes,,,,,4.5,4.87,7.74,31.1,0,13.4,3.2,146.4,499,E20,U111,1,SK,SK0,SK03,SK031,Grassland without tree/shrub cover,Agriculture (excluding fallow land and kitchen gardens)
51502898,Yes,,,,,5.4,5.72,8.15,11.6,0,25.5,1.5,133.4,151,B11,U111,1,SK,SK0,SK04,SK042,Common wheat,Agriculture (excluding fallow land and kitchen gardens)
51462892,Yes,,,,,6,6.19,8.23,14,0,23,1.8,141.4,208,B11,U111,1,SK,SK0,SK04,SK042,Common wheat,Agriculture (excluding fallow land and kitchen gardens)
51722942,Yes,,,,,7.5,7.7,16.1,17.5,186,7.8,1.8,283.6,226,B33,U111,3,SK,SK0,SK04,SK041,Soya,Agriculture (excluding fallow land and kitchen gardens)
49782958,Yes,,,,,7.3,7.52,16.62,17.3,20,6.4,1.6,152,720,A22,U120,2,SK,SK0,SK03,SK031,Non built-up linear features,FORESTRY
49982938,Yes,,,,,6.8,6.92,21.8,50.3,3,6.4,5.6,154.6,630,E20,U120,1,SK,SK0,SK03,SK031,Grassland without tree/shrub cover,FORESTRY
50002878,Yes,,,,,6.9,7.16,10.91,19.3,5,34,2.3,152.3,361,B55,U111,1,SK,SK0,SK03,SK032,Temporary grassland,Agriculture (excluding fallow land and kitchen gardens)
50102888,Yes,,,,,4.4,4.77,8.24,40.8,0,23.4,4.3,319.2,697,E20,U111,1,SK,SK0,SK03,SK032,Grassland without tree/shrub cover,Agriculture (excluding fallow land and kitchen gardens)
49982916,Yes,,,,,6.8,6.89,25.5,42.8,41,14.3,3.9,93,563,C10,U420,1,SK,SK0,SK03,SK031,Broadleaved woodland,Semi-natural and natural areas not in use
50022924,Yes,,,,,5.1,5.46,6.99,27.9,1,37,3.3,68.7,616,E20,U111,1,SK,SK0,SK03,SK031,Grassland without tree/shrub cover,Agriculture (excluding fallow land and kitchen gardens)
49882816,Yes,,,,,5.6,6.02,9.11,19.2,1,22.8,2.2,184.3,234,B32,U111,1,SK,SK0,SK02,SK023,Rape and turnip rape,Agriculture (excluding fallow land and kitchen gardens)
50142882,Yes,,,,,4.4,4.72,13.14,81.2,1,25.8,6.5,264.7,778,C31,U120,1,SK,SK0,SK03,SK032,Spruce dominated mixed woodland,FORESTRY
49742816,Yes,,,,,4.9,5.22,8.89,31.9,1,11.6,3.1,275,140,E10,U420,1,SK,SK0,SK02,SK023,Grassland with sparse tree/shrub cover,Semi-natural and natural areas not in use
50022870,Yes,,,,,5.2,5.51,5.11,15.4,0,36.3,1.6,147.8,341,E20,U111,1,SK,SK0,SK03,SK032,Grassland without tree/shrub cover,Agriculture (excluding fallow land and kitchen gardens)
51282946,Yes,,,,,6.5,6.71,17.64,17.6,1,23.1,2.5,213.7,346,B13,U111,1,SK,SK0,SK04,SK041,Barley,Agriculture (excluding fallow land and kitchen gardens)
49942944,Yes,,,,,6.2,6.33,10.1,37.6,1,6.2,4,153.9,580,E20,U111,1,SK,SK0,SK03,SK031,Grassland without tree/shrub cover,Agriculture (excluding fallow land and kitchen gardens)
50022946,Yes,,,,,4.7,5.08,8.25,36.4,0,8.6,4.5,138.4,580,E20,U111,1,SK,SK0,SK03,SK031,Grassland without tree/shrub cover,Agriculture (excluding fallow land and kitchen gardens)
50182954,Yes,,,,,4.2,4.77,6.87,18.2,1,19.6,2,65.6,874,C10,U420,1,SK,SK0,SK03,SK031,Broadleaved woodland,Semi-natural and natural areas not in use
49982962,Yes,,,,,4.2,4.65,7.97,34.1,1,31.6,4.1,138.6,725,E20,U111,1,SK,SK0,SK03,SK031,Grassland without tree/shrub cover,Agriculture (excluding fallow land and kitchen gardens)
49982970,Yes,,,,,4,4.35,9.42,38.2,1,12.6,3.2,93.3,859,C21,U120,1,SK,SK0,SK03,SK031,Spruce dominated coniferous woodland,FORESTRY
50022978,Yes,,,,,4.9,5.19,16.15,28.2,0,10,3.6,119.2,727,E20,U111,1,SK,SK0,SK03,SK031,Grassland without tree/shrub cover,Agriculture (excluding fallow land and kitchen gardens)
49782822,Yes,,,,,5.9,6.19,5.31,14.4,0,14.7,1.7,170.5,164,B13,U111,1,SK,SK0,SK02,SK023,Barley,Agriculture (excluding fallow land and kitchen gardens)
49442902,Yes,,,,,6.8,6.9,65.6,158.7,18,20.8,10.4,158.3,676,C10,U120,3,SK,SK0,SK02,SK022,Broadleaved woodland,FORESTRY
49862930,Yes,,,,,7,7.27,22.4,130.3,91,17.2,6.8,145.8,567,D20,U319,1,SK,SK0,SK03,SK031,Shrubland without tree cover," Electricity, gas and thermal power distribution"
49822900,Yes,,,,,6.9,7.09,31,90.4,65,10.7,7.2,105.4,997,C10,U120,1,SK,SK0,SK03,SK032,Broadleaved woodland,FORESTRY
48482874,Yes,,,,,7.1,7.48,15.57,17.1,2,70.2,1.8,268.2,241,B16,U111,1,SK,SK0,SK02,SK021,Maize,Agriculture (excluding fallow land and kitchen gardens)
50722882,Yes,,,,,6.3,6.58,12.01,50.3,2,6.7,4.2,245.8,317,E10,U420,4,SK,SK0,SK03,SK032,Grassland with sparse tree/shrub cover,Semi-natural and natural areas not in use
51822906,Yes,,,,,7.1,7.36,15.58,24.1,2,35.4,3,319.4,110,B33,U111,1,SK,SK0,SK04,SK042,Soya,Agriculture (excluding fallow land and kitchen gardens)
49082812,Yes,,,,,7.4,7.84,18.36,23.8,61,156.9,2.7,729.5,82,B13,U111,1,SK,SK0,SK02,SK023,Barley,Agriculture (excluding fallow land and kitchen gardens)
