Point_ID,Revisited_point,Coarse,Clay,Sand,Silt,pH(CaCl2),pH(H2O),EC,OC,CaCO3,P,N,K,Elevation,LC1,LU1,Soil_Stones,NUTS_0,NUTS_1,NUTS_2,NUTS_3,LC1_Desc,LU1_Desc
63861612,No,12,26,35,39,7.5,7.95,17.39,11.4,684,0,1.3,386.8,469,B74,U410,2,CY,CY0,CY00,CY000,Nuts trees,Abandoned areas
64561634,No,13,22,42,36,7.4,7.8,17.84,4.3,607,9.9,1.6,196.6,63,B84,U111,3,CY,CY0,CY00,CY000,Permanent industrial crops,Agriculture (excluding fallow land and kitchen gardens)
64901668,No,3,32,39,28,7.3,7.79,10.84,10.8,2,0,1.3,658.4,36,E30,U420,1,CY,CY0,CY00,CY000,Spontaneously re-vegetated surfaces,Semi-natural and natural areas not in use
64501650,No,20,17,55,28,7.2,7.55,5.95,7.1,1,0,0.7,86.1,206,D20,U420,3,CY,CY0,CY00,CY000,Shrubland without tree cover,Semi-natural and natural areas not in use
64541644,No,11,27,24,49,7.3,7.93,21,10.6,789,0,1.5,256.3,214,C10,U420,1,CY,CY0,CY00,CY000,Broadleaved woodland,Semi-natural and natural areas not in use
64601644,No,25,44,16,40,7.5,8.03,17.56,11.8,420,7.2,1.3,357.5,62,B13,U111,1,CY,CY0,CY00,CY000,Barley,Agriculture (excluding fallow land and kitchen gardens)
64821668,No,4,46,24,30,7.4,7.77,15.67,11.7,10,30.9,1.5,1075.9,52,B13,U111,1,CY,CY0,CY00,CY000,Barley,Agriculture (excluding fallow land and kitchen gardens)
64901672,No,4,34,43,23,7.3,7.8,15.09,6.7,8,29.5,0.9,479.1,75,B13,U111,1,CY,CY0,CY00,CY000,Barley,Agriculture (excluding fallow land and kitchen gardens)
64581660,No,13,25,39,36,7.4,8.04,16.63,10,660,19.6,0.9,128,174,B54,U111,1,CY,CY0,CY00,CY000,Mix of cereals,Agriculture (excluding fallow land and kitchen gardens)
63641606,No,19,38,29,34,7.6,8,28.6,7.2,604,138.3,1.7,674.6,174,B21,U111,1,CY,CY0,CY00,CY000,Potatoes,Agriculture (excluding fallow land and kitchen gardens)
63621610,No,16,27,28,45,7.3,7.81,18.53,26.5,740,10.2,2.7,262.9,274,D20,U420,3,CY,CY0,CY00,CY000,Shrubland without tree cover,Semi-natural and natural areas not in use
63601614,No,33,30,27,43,7.4,7.88,13.95,4,302,0,1.1,326.6,401,B54,U111,1,CY,CY0,CY00,CY000,Mix of cereals,Agriculture (excluding fallow land and kitchen gardens)
63661612,No,12,42,16,42,7.6,8.11,16.89,2.8,816,17,0.5,192.6,624,B82,U111,1,CY,CY0,CY00,CY000,Vineyards,Agriculture (excluding fallow land and kitchen gardens)
64401628,No,16,37,18,45,7.3,7.9,13.79,5.1,774,0,1.6,178.5,216,D10,U420,3,CY,CY0,CY00,CY000,Shrubland with sparse tree cover,Semi-natural and natural areas not in use
64301618,No,41,43,20,37,7.3,7.6,29,14.5,86,0,1.7,626.4,114,E30,U112,2,CY,CY0,CY00,CY000,Spontaneously re-vegetated surfaces,Fallow land
64461632,No,14,25,41,34,7.4,7.9,19.44,17.8,739,39.1,1.6,277.7,134,B11,U111,3,CY,CY0,CY00,CY000,Common wheat,Agriculture (excluding fallow land and kitchen gardens)
64641640,No,11,35,23,42,7.2,7.93,25.3,13.5,198,10.2,1.5,1461.7,6,B15,U111,1,CY,CY0,CY00,CY000,Oats,Agriculture (excluding fallow land and kitchen gardens)
64661656,No,8,20,57,23,7.5,8.29,19.8,3.1,524,42.1,1,523.9,6,B11,U111,1,CY,CY0,CY00,CY000,Common wheat,Agriculture (excluding fallow land and kitchen gardens)
64661660,No,8,22,43,35,7.4,8,21.3,5.9,366,65,1.4,1164.2,31,E10,U111,1,CY,CY0,CY00,CY000,Grassland with sparse tree/shrub cover,Agriculture (excluding fallow land and kitchen gardens)
63941628,No,28,14,60,26,7.1,7.38,9.41,8.2,1,0,0.6,101.7,1080,B82,U410,3,CY,CY0,CY00,CY000,Vineyards,Abandoned areas
64081650,No,16,25,30,44,7.4,7.92,17.73,10.1,63,0,1.3,306.3,346,D20,U420,3,CY,CY0,CY00,CY000,Shrubland without tree cover,Semi-natural and natural areas not in use
64061656,No,11,27,30,43,7.9,9.05,14.38,0.9,29,0,0.1,228.1,170,D20,U420,1,CY,CY0,CY00,CY000,Shrubland without tree cover,Semi-natural and natural areas not in use
64241656,No,29,27,40,32,7.1,7.58,10.14,9.9,1,27.9,1.1,234.3,331,B13,U111,1,CY,CY0,CY00,CY000,Barley,Agriculture (excluding fallow land and kitchen gardens)
63961606,No,19,39,17,44,7.4,7.78,16.65,40.1,245,0,3.6,529.2,286,E10,U420,2,CY,CY0,CY00,CY000,Grassland with sparse tree/shrub cover,Semi-natural and natural areas not in use
64061610,No,16,31,29,40,7.4,7.7,36.1,21.2,423,0,2,517.9,413,D20,U420,2,CY,CY0,CY00,CY000,Shrubland without tree cover,Semi-natural and natural areas not in use
63881608,No,9,21,48,31,7.5,8.07,13.17,12.1,699,6.1,0.8,153,579,B74,U111,1,CY,CY0,CY00,CY000,Nuts trees,Agriculture (excluding fallow land and kitchen gardens)
64061618,No,34,13,61,26,7.4,7.98,22.9,11.3,361,7.7,1.1,308.7,382,A21,U350,2,CY,CY0,CY00,CY000,Non built-up area features,COMMUNITY SERVICES
64081622,No,17,27,35,37,7.5,8.02,17.18,13.3,846,7.7,1.3,97.2,654,E10,U420,2,CY,CY0,CY00,CY000,Grassland with sparse tree/shrub cover,Semi-natural and natural areas not in use
63621618,No,22,39,21,40,7.5,8.03,13.45,12.7,748,0,0.9,99.7,610,E10,U420,3,CY,CY0,CY00,CY000,Grassland with sparse tree/shrub cover,Semi-natural and natural areas not in use
64801668,No,11,46,26,28,7.7,8.04,34.8,8.9,28,23.1,1.4,788.5,41,B21,U111,1,CY,CY0,CY00,CY000,Potatoes,Agriculture (excluding fallow land and kitchen gardens)
63621622,No,16,38,18,44,7.5,7.94,18.09,5.9,511,0,1.3,297.1,280,D10,U420,1,CY,CY0,CY00,CY000,Shrubland with sparse tree cover,Semi-natural and natural areas not in use
64041624,No,9,13,49,38,7.2,7.44,5.52,6.1,0,0,0.5,773.1,592,C22,U120,1,CY,CY0,CY00,CY000,Pine dominated coniferous woodland,FORESTRY
63961622,No,23,33,29,38,7.5,8.17,10.91,10.3,719,0,0.8,221.8,853,D20,U420,3,CY,CY0,CY00,CY000,Shrubland without tree cover,Semi-natural and natural areas not in use
64061606,No,20,21,38,41,7.5,7.9,17.44,21,743,0,1.8,204.3,187,D20,U420,2,CY,CY0,CY00,CY000,Shrubland without tree cover,Semi-natural and natural areas not in use
64001608,No,18,30,22,48,7.3,7.69,17.87,42,547,5.3,3.3,412.5,362,D10,U420,2,CY,CY0,CY00,CY000,Shrubland with sparse tree cover,Semi-natural and natural areas not in use
64101618,No,18,29,30,41,7.5,8.01,14.36,3.3,898,0,1.2,79.8,490,D20,U420,2,CY,CY0,CY00,CY000,Shrubland without tree cover,Semi-natural and natural areas not in use
63921608,No,33,30,24,46,7.4,7.83,19.67,29.6,583,0,2.9,374.8,497,B74,U111,3,CY,CY0,CY00,CY000,Nuts trees,Agriculture (excluding fallow land and kitchen gardens)
63581624,No,17,25,46,30,7.4,7.74,26.9,7.7,509,0,1.2,104.4,352,B15,U111,2,CY,CY0,CY00,CY000,Oats,Agriculture (excluding fallow land and kitchen gardens)
64281654,No,9,35,19,46,7.6,8.13,22,12.4,197,48.5,2,1823.3,348,E30,U370,1,CY,CY0,CY00,CY000,Spontaneously re-vegetated surfaces,RESIDENTIAL
64161616,No,30,19,41,41,7.3,7.78,16.61,36.3,624,4.9,1.9,164.9,365,D20,U420,2,CY,CY0,CY00,CY000,Shrubland without tree cover,Semi-natural and natural areas not in use
63741622,No,28,38,19,42,7.4,8.17,23.2,9,218,6.9,1,624.2,391,B75,U111,2,CY,CY0,CY00,CY000,Other fruit trees and berries,Agriculture (excluding fallow land and kitchen gardens)
63761600,No,18,29,33,39,7.2,7.66,15.3,20.6,28,63.5,2.5,421.1,57,B54,U111,3,CY,CY0,CY00,CY000,Mix of cereals,Agriculture (excluding fallow land and kitchen gardens)
63801598,No,12,31,34,35,7.4,7.87,21.8,11.5,469,27.7,1.7,847.8,35,B76,U111,3,CY,CY0,CY00,CY000,Oranges,Agriculture (excluding fallow land and kitchen gardens)
64221614,No,17,14,66,20,7.6,8.16,13.6,11.2,789,0,0.9,166,116,D20,U420,1,CY,CY0,CY00,CY000,Shrubland without tree cover,Semi-natural and natural areas not in use
64181630,No,20,20,49,31,6.9,7.26,12.83,7.4,2,15.2,0.7,63.1,818,B82,U111,1,CY,CY0,CY00,CY000,Vineyards,Agriculture (excluding fallow land and kitchen gardens)
64261646,No,20,14,55,31,6.8,7,7.77,13,0,0,1.3,70.9,603,E10,U420,2,CY,CY0,CY00,CY000,Grassland with sparse tree/shrub cover,Semi-natural and natural areas not in use
64401660,No,14,14,68,18,7.5,8.55,12.27,0.7,56,0,0.1,184.1,250,E30,U370,2,CY,CY0,CY00,CY000,Spontaneously re-vegetated surfaces,RESIDENTIAL
64301648,No,18,25,22,53,7.5,7.92,9.11,5.3,7,9.7,0.5,288.8,507,C22,U120,1,CY,CY0,CY00,CY000,Pine dominated coniferous woodland,FORESTRY
64261660,No,20,25,38,38,7.5,7.95,15.12,6.7,360,12.1,1.4,191.3,291,B13,U111,2,CY,CY0,CY00,CY000,Barley,Agriculture (excluding fallow land and kitchen gardens)
63941646,No,21,9,63,27,7.6,8.07,11.39,7.4,151,0,0.8,189.7,305,C22,U120,2,CY,CY0,CY00,CY000,Pine dominated coniferous woodland,FORESTRY
64101650,No,26,8,66,25,7.6,8.05,7.8,4.6,82,0,0.5,336.7,424,D10,U120,3,CY,CY0,CY00,CY000,Shrubland with sparse tree cover,FORESTRY
64161652,No,18,34,24,42,7.6,7.99,17.13,19.9,527,14.7,1.2,217.1,365,B54,U111,1,CY,CY0,CY00,CY000,Mix of cereals,Agriculture (excluding fallow land and kitchen gardens)
64881666,No,15,50,23,27,6.7,6.97,21.1,8.4,1,155.8,1.3,1123,23,F40,U112,1,CY,CY0,CY00,CY000,OTHER BARE SOIL,Fallow land
64221650,No,21,29,36,35,6.7,6.92,10.2,8.7,1,31.2,1,173.9,422,B13,U111,1,CY,CY0,CY00,CY000,Barley,Agriculture (excluding fallow land and kitchen gardens)
63741606,No,35,37,27,35,7.1,7.35,13.93,12.3,56,6.7,1.7,328.1,327,E20,U420,3,CY,CY0,CY00,CY000,Grassland without tree/shrub cover,Semi-natural and natural areas not in use
64341644,No,30,10,69,21,7,7.42,5.91,6.9,1,0,0.6,82.4,472,C22,U120,4,CY,CY0,CY00,CY000,Pine dominated coniferous woodland,FORESTRY
63901616,Yes,20,21,39,40,7.4,7.9,17.62,5.8,907,12,2.1,263.5,626,E10,U420,3,CY,CY0,CY00,CY000,Grassland with sparse tree/shrub cover,Semi-natural and natural areas not in use
64481650,Yes,16,25,42,33,7.1,7.52,8.53,11.7,1,0,1.2,174.3,275,D10,U420,2,CY,CY0,CY00,CY000,Shrubland with sparse tree cover,Semi-natural and natural areas not in use
64601638,Yes,9,35,25,40,7.5,8.07,29.2,21.9,225,123.3,2,1868.3,18,B11,U111,1,CY,CY0,CY00,CY000,Common wheat,Agriculture (excluding fallow land and kitchen gardens)
64621658,Yes,13,32,21,47,7.5,8.12,18.49,11.1,744,12.1,0.8,115.3,80,E30,U112,2,CY,CY0,CY00,CY000,Spontaneously re-vegetated surfaces,Fallow land
63881600,Yes,16,32,21,47,7.3,7.67,18.33,23.3,637,0,2.7,234,180,D20,U420,2,CY,CY0,CY00,CY000,Shrubland without tree cover,Semi-natural and natural areas not in use
63681618,Yes,23,38,18,44,7.5,7.96,17.15,8.7,465,0,0.7,390.4,424,B81,U111,1,CY,CY0,CY00,CY000,Olive groves,Agriculture (excluding fallow land and kitchen gardens)
64441626,Yes,12,37,21,41,7.3,7.89,14.85,16.3,596,7.1,1.3,159.7,78,E30,U410,1,CY,CY0,CY00,CY000,Spontaneously re-vegetated surfaces,Abandoned areas
64401622,Yes,12,16,36,47,7.4,7.47,257,13.8,72,0,1.1,90.1,100,D10,U420,1,CY,CY0,CY00,CY000,Shrubland with sparse tree cover,Semi-natural and natural areas not in use
64141632,Yes,17,21,40,39,7.2,7.5,17.06,17.1,7,42,1.8,328.1,982,B75,U111,3,CY,CY0,CY00,CY000,Other fruit trees and berries,Agriculture (excluding fallow land and kitchen gardens)
64961676,Yes,17,10,79,11,7.4,8.05,15.5,5.7,3,0,0.6,511,6,E30,U420,1,CY,CY0,CY00,CY000,Spontaneously re-vegetated surfaces,Semi-natural and natural areas not in use
64621644,Yes,13,40,17,43,7.5,8,18.75,11.3,252,55.8,1.6,921.1,42,B11,U111,1,CY,CY0,CY00,CY000,Common wheat,Agriculture (excluding fallow land and kitchen gardens)
64541646,Yes,13,29,24,47,7.3,7.88,22.1,24.3,608,78.3,2,775.9,216,B13,U111,2,CY,CY0,CY00,CY000,Barley,Agriculture (excluding fallow land and kitchen gardens)
63941630,Yes,21,16,48,36,6.7,7.1,5.61,3.5,0,0,0.4,102.8,1028,B81,U113,2,CY,CY0,CY00,CY000,Olive groves,Kitchen gardens
64981672,Yes,34,40,18,42,7.6,7.98,15.17,18.1,180,0,2.2,558.2,107,D20,U420,3,CY,CY0,CY00,CY000,Shrubland without tree cover,Semi-natural and natural areas not in use
64121612,Yes,29,28,28,44,7.5,7.94,16.18,13.2,570,0,2.2,373.1,327,D20,U420,2,CY,CY0,CY00,CY000,Shrubland without tree cover,Semi-natural and natural areas not in use
64841666,Yes,6,23,55,22,7,7.44,31.3,6.4,2,96.7,0.9,589.4,39,B21,U111,1,CY,CY0,CY00,CY000,Potatoes,Agriculture (excluding fallow land and kitchen gardens)
64841670,Yes,17,48,21,30,7.4,8.02,19.54,11.2,17,63.4,1.5,835.6,52,B54,U111,2,CY,CY0,CY00,CY000,Mix of cereals,Agriculture (excluding fallow land and kitchen gardens)
64161658,Yes,15,33,34,32,7.6,8.1,19.12,5.8,85,6.5,0.7,337.1,240,F40,U111,3,CY,CY0,CY00,CY000,OTHER BARE SOIL,Agriculture (excluding fallow land and kitchen gardens)
63921638,Yes,23,19,46,35,7,7.5,10.34,5.2,1,0,0.5,56.2,707,D20,U420,3,CY,CY0,CY00,CY000,Shrubland without tree cover,Semi-natural and natural areas not in use
64421628,Yes,14,39,21,40,7.4,7.86,18.43,5,765,14.3,1.5,358.5,161,B81,U111,1,CY,CY0,CY00,CY000,Olive groves,Agriculture (excluding fallow land and kitchen gardens)
