Point_ID,Revisited_point,Coarse,Clay,Sand,Silt,pH(CaCl2),pH(H2O),EC,OC,CaCO3,P,N,K,Elevation,LC1,LU1,Soil_Stones,NUTS_0,NUTS_1,NUTS_2,NUTS_3,LC1_Desc,LU1_Desc
31263502,No,,,,,4.9,5,271,369.3,0,7.9,25,17,90,H12,U140,1,IE,IE0,IE04,IE042,Peatbogs,MINING AND QUARRYING
29683414,No,11,9,74,17,3.8,4.38,3.78,6.3,0,0,0.5,12.6,76,F40,U420,2,IE,IE0,IE05,IE053,OTHER BARE SOIL,Semi-natural and natural areas not in use
31643458,No,6,9,50,41,4.6,4.82,69.7,45.9,1,28.1,4.8,94.7,146,E20,U111,1,IE,IE0,IE06,IE063,Grassland without tree/shrub cover,Agriculture (excluding fallow land and kitchen gardens)
31623442,No,14,19,31,50,4.6,4.78,80.6,41.7,1,28.3,5.1,123.7,198,E20,U111,1,IE,IE0,IE06,IE063,Grassland without tree/shrub cover,Agriculture (excluding fallow land and kitchen gardens)
30063430,No,28,17,22,61,4.3,4.55,95.4,87.3,0,70,8.8,219.3,129,E20,U111,1,IE,IE0,IE05,IE053,Grassland without tree/shrub cover,Agriculture (excluding fallow land and kitchen gardens)
30243370,No,25,12,36,52,4.2,4.46,113.5,229.8,0,34.1,14.1,188.9,232,E10,U111,1,IE,IE0,IE05,IE053,Grassland with sparse tree/shrub cover,Agriculture (excluding fallow land and kitchen gardens)
29943378,No,9,10,43,47,3.4,3.88,28.4,78,0,24.6,6.5,56,101,C10,U420,1,IE,IE0,IE05,IE053,Broadleaved woodland,Semi-natural and natural areas not in use
30363420,No,17,18,17,65,3.8,3.98,76.5,80.3,1,68.7,7.5,182.2,316,E20,U111,1,IE,IE0,IE05,IE051,Grassland without tree/shrub cover,Agriculture (excluding fallow land and kitchen gardens)
29963430,No,15,11,34,54,4.8,4.92,173.3,78.3,0,146.4,8.5,313.7,74,E20,U111,1,IE,IE0,IE05,IE053,Grassland without tree/shrub cover,Agriculture (excluding fallow land and kitchen gardens)
29743398,No,31,3,73,24,3.9,4.87,124.4,506.7,0,41.3,28.1,349.8,138,E20,U111,1,IE,IE0,IE05,IE053,Grassland without tree/shrub cover,Agriculture (excluding fallow land and kitchen gardens)
30123356,No,42,3,72,24,3.9,4.46,152.4,457.8,0,25.5,27.3,360.9,182,C10,U420,1,IE,IE0,IE05,IE053,Broadleaved woodland,Semi-natural and natural areas not in use
31463472,No,11,12,39,49,4.2,4.97,9.85,30.2,1,36.2,3.7,56.4,219,C21,U120,1,IE,IE0,IE06,IE063,Spruce dominated coniferous woodland,FORESTRY
30223342,No,18,11,37,52,5.3,5.65,82.4,115.9,1,112.2,10.4,282.1,131,E20,U111,1,IE,IE0,IE05,IE053,Grassland without tree/shrub cover,Agriculture (excluding fallow land and kitchen gardens)
32103428,No,19,12,37,50,4.5,4.68,84.3,41.8,0,40,4.2,105,147,E20,U111,1,IE,IE0,IE06,IE062,Grassland without tree/shrub cover,Agriculture (excluding fallow land and kitchen gardens)
31983442,No,24,12,34,54,6.9,7.11,99.7,55.7,12,52.3,6.6,124.5,130,B13,U111,1,IE,IE0,IE06,IE062,Barley,Agriculture (excluding fallow land and kitchen gardens)
32103454,No,8,12,33,54,4.5,4.7,93.2,51.9,0,24.4,6.4,38.8,194,E20,U362,1,IE,IE0,IE06,IE062,Grassland without tree/shrub cover,Sport
32423558,No,29,16,23,61,5.3,5.45,120.4,73.8,0,112.9,7.4,475.6,124,E20,U111,1,IE,IE0,IE04,IE041,Grassland without tree/shrub cover,Agriculture (excluding fallow land and kitchen gardens)
32563540,No,30,22,35,43,6.8,7.04,19.99,19.3,2,85.6,2.5,49.3,57,B11,U111,2,IE,IE0,IE06,IE062,Common wheat,Agriculture (excluding fallow land and kitchen gardens)
31983550,No,26,15,23,62,4,4.17,93.5,216.9,1,57.4,11.8,152.3,147,E20,U111,1,IE,IE0,IE04,IE041,Grassland without tree/shrub cover,Agriculture (excluding fallow land and kitchen gardens)
32323602,No,63,10,43,46,4.3,4.48,200,286.2,1,12.4,19.6,92.3,92,E20,U111,1,IE,IE0,IE04,IE041,Grassland without tree/shrub cover,Agriculture (excluding fallow land and kitchen gardens)
32143584,No,32,20,20,60,4.8,4.91,71.3,59,0,25.1,5.9,86.1,155,E20,U111,1,IE,IE0,IE04,IE041,Grassland without tree/shrub cover,Agriculture (excluding fallow land and kitchen gardens)
30923436,No,20,10,44,46,4.2,4.3,227,136.4,1,60.6,13.6,57.8,110,E20,U111,1,IE,IE0,IE05,IE051,Grassland without tree/shrub cover,Agriculture (excluding fallow land and kitchen gardens)
30183430,No,43,14,27,59,5.8,5.96,118.8,132.8,4,38.1,9.8,194.3,200,E20,U111,1,IE,IE0,IE05,IE053,Grassland without tree/shrub cover,Agriculture (excluding fallow land and kitchen gardens)
30623392,No,19,21,22,57,4.5,4.68,77.8,37.9,1,29.1,4.4,79,199,E20,U111,1,IE,IE0,IE05,IE053,Grassland without tree/shrub cover,Agriculture (excluding fallow land and kitchen gardens)
30663392,No,37,22,27,51,4.5,4.66,102.2,43.1,0,66.3,5,136.4,158,E20,U111,1,IE,IE0,IE05,IE053,Grassland without tree/shrub cover,Agriculture (excluding fallow land and kitchen gardens)
31003388,No,38,3,81,17,3.3,4.33,122.7,426.7,4,129.3,20,390.1,367,C21,U120,1,IE,IE0,IE05,IE051,Spruce dominated coniferous woodland,FORESTRY
30763396,No,16,11,41,48,4.4,4.61,85,37.8,1,101.3,4,216.6,144,E20,U111,1,IE,IE0,IE05,IE053,Grassland without tree/shrub cover,Agriculture (excluding fallow land and kitchen gardens)
30743386,No,5,13,49,37,4.5,4.7,57,17.8,1,22.3,2.4,45.8,94,E20,U111,1,IE,IE0,IE05,IE053,Grassland without tree/shrub cover,Agriculture (excluding fallow land and kitchen gardens)
30303392,No,26,15,31,53,5.1,5.38,84,58.4,1,65.3,5.5,319.6,190,E20,U111,1,IE,IE0,IE05,IE053,Grassland without tree/shrub cover,Agriculture (excluding fallow land and kitchen gardens)
29683378,No,37,4,76,21,4.5,5.4,151.8,402.4,7,78.2,26.9,367.6,76,D20,U111,1,IE,IE0,IE05,IE053,Shrubland without tree cover,Agriculture (excluding fallow land and kitchen gardens)
30003334,No,23,21,24,56,5,5.18,48.3,37.6,1,26.1,3.8,73.9,92,E20,U111,1,IE,IE0,IE05,IE053,Grassland without tree/shrub cover,Agriculture (excluding fallow land and kitchen gardens)
30303364,No,22,17,23,60,4.5,4.8,64.4,75.4,1,39.4,5.8,90.5,179,E20,U111,1,IE,IE0,IE05,IE053,Grassland without tree/shrub cover,Agriculture (excluding fallow land and kitchen gardens)
30383382,No,24,6,67,27,3.5,3.8,120.3,179,0,33.9,10.9,110.1,393,C21,U120,1,IE,IE0,IE05,IE053,Spruce dominated coniferous woodland,FORESTRY
31083448,No,59,4,83,13,4.8,5.09,32,358.6,0,44.8,24.6,246.6,357,E20,U111,1,IE,IE0,IE05,IE051,Grassland without tree/shrub cover,Agriculture (excluding fallow land and kitchen gardens)
31823490,No,36,9,49,42,4.3,4.42,165.2,213.3,2,25,13.5,130.2,138,E20,U111,1,IE,IE0,IE06,IE063,Grassland without tree/shrub cover,Agriculture (excluding fallow land and kitchen gardens)
32203504,No,25,19,31,50,6.5,6.71,48.3,29,3,13.4,3.5,47.6,141,E20,U111,1,IE,IE0,IE06,IE062,Grassland without tree/shrub cover,Agriculture (excluding fallow land and kitchen gardens)
30483396,No,20,20,22,57,4.9,5.19,52.3,42.4,1,16,4.6,132.5,142,E20,U111,1,IE,IE0,IE05,IE053,Grassland without tree/shrub cover,Agriculture (excluding fallow land and kitchen gardens)
30843418,No,18,21,18,60,4.5,4.71,72.1,57.1,1,22,6.6,143,142,E20,U111,1,IE,IE0,IE05,IE051,Grassland without tree/shrub cover,Agriculture (excluding fallow land and kitchen gardens)
30623428,No,17,17,25,59,6,6.1,119.7,51.1,1,32.7,6.4,75.1,130,E20,U111,1,IE,IE0,IE05,IE051,Grassland without tree/shrub cover,Agriculture (excluding fallow land and kitchen gardens)
30423442,No,19,23,14,63,4.3,4.48,82.4,54,1,27.9,6.6,168.8,117,E20,U111,1,IE,IE0,IE05,IE051,Grassland without tree/shrub cover,Agriculture (excluding fallow land and kitchen gardens)
30543448,No,17,21,13,66,4.7,4.91,57.4,51.5,0,11.2,6,106.5,71,E20,U111,1,IE,IE0,IE05,IE051,Grassland without tree/shrub cover,Agriculture (excluding fallow land and kitchen gardens)
30803438,No,15,22,22,56,4.4,4.65,62.5,38.6,0,21.8,4.5,97.3,112,E20,U111,1,IE,IE0,IE05,IE051,Grassland without tree/shrub cover,Agriculture (excluding fallow land and kitchen gardens)
31323424,No,14,13,31,57,6.7,6.89,117.8,72.4,18,52.7,7.6,270.1,175,E20,U111,1,IE,IE0,IE05,IE051,Grassland without tree/shrub cover,Agriculture (excluding fallow land and kitchen gardens)
31283440,No,18,22,21,58,5.5,5.78,47.4,35.2,1,31.7,4.3,82.8,172,B13,U111,1,IE,IE0,IE05,IE051,Barley,Agriculture (excluding fallow land and kitchen gardens)
31423566,No,17,16,34,51,6,6.17,59.6,43.9,1,32.3,4.7,161.9,118,E20,U111,1,IE,IE0,IE04,IE042,Grassland without tree/shrub cover,Agriculture (excluding fallow land and kitchen gardens)
31503586,No,24,14,39,47,5.1,5.5,12.05,48.9,1,12.9,4.3,56.3,116,E20,U111,1,IE,IE0,IE04,IE042,Grassland without tree/shrub cover,Agriculture (excluding fallow land and kitchen gardens)
30543406,No,16,15,24,61,6,6.11,68.2,75.9,2,103.3,8.2,280.5,191,E20,U111,1,IE,IE0,IE05,IE053,Grassland without tree/shrub cover,Agriculture (excluding fallow land and kitchen gardens)
31763412,No,17,17,18,65,5.1,5.25,91.4,49.2,1,29.2,6.2,108.3,136,E20,U111,1,IE,IE0,IE05,IE052,Grassland without tree/shrub cover,Agriculture (excluding fallow land and kitchen gardens)
29703376,No,41,6,73,22,4.2,4.29,190.6,239.4,1,18.9,19.3,173,60,C10,U420,1,IE,IE0,IE05,IE053,Broadleaved woodland,Semi-natural and natural areas not in use
29923358,No,20,12,31,56,4.3,4.48,152.6,76.7,2,75.5,7.1,208.8,77,E20,U111,1,IE,IE0,IE05,IE053,Grassland without tree/shrub cover,Agriculture (excluding fallow land and kitchen gardens)
30103358,No,17,8,61,32,4.2,4.64,171.6,220.7,1,31,18.6,235.6,246,E20,U111,1,IE,IE0,IE05,IE053,Grassland without tree/shrub cover,Agriculture (excluding fallow land and kitchen gardens)
30863376,No,14,11,35,54,6.7,6.84,74.4,68.5,28,106,6.2,200.2,96,C10,U370,1,IE,IE0,IE05,IE053,Broadleaved woodland,RESIDENTIAL
32243528,No,10,12,36,52,5.2,5.44,46.1,53.1,1,78.8,6,224.7,112,E20,U111,1,IE,IE0,IE06,IE062,Grassland without tree/shrub cover,Agriculture (excluding fallow land and kitchen gardens)
32043538,No,17,18,23,59,5.9,6.05,67.7,47.7,1,48.9,5.1,82.6,213,E20,U111,1,IE,IE0,IE06,IE062,Grassland without tree/shrub cover,Agriculture (excluding fallow land and kitchen gardens)
32283536,No,28,15,27,57,5.5,5.68,188.1,101.6,2,152.3,11,354.7,149,E20,U111,1,IE,IE0,IE06,IE062,Grassland without tree/shrub cover,Agriculture (excluding fallow land and kitchen gardens)
31883456,No,13,22,42,36,5.8,6.07,18.83,12,1,29.8,1.5,158.9,128,B41,U111,1,IE,IE0,IE06,IE062,Dry pulses,Agriculture (excluding fallow land and kitchen gardens)
32283558,No,24,16,25,59,4.1,4.14,104.1,66.9,1,32.2,6.9,177.2,222,E20,U111,1,IE,IE0,IE04,IE041,Grassland without tree/shrub cover,Agriculture (excluding fallow land and kitchen gardens)
31923504,No,28,15,33,53,4.9,5.1,71.5,34.8,0,51.5,4.1,83.8,144,E20,U111,1,IE,IE0,IE06,IE062,Grassland without tree/shrub cover,Agriculture (excluding fallow land and kitchen gardens)
32063684,No,14,12,29,59,4.2,4.29,67.1,75.6,0,28.2,4.6,80.1,115,E30,U111,1,IE,IE0,IE04,IE041,Spontaneously re-vegetated surfaces,Agriculture (excluding fallow land and kitchen gardens)
31203580,No,5,19,29,52,4.3,4.73,15.21,43.7,0,27.7,4.9,156.4,134,E20,U111,1,IE,IE0,IE04,IE041,Grassland without tree/shrub cover,Agriculture (excluding fallow land and kitchen gardens)
30723424,No,11,18,30,51,7,7.2,64.5,32.6,139,95.8,3.5,80.7,107,E20,U111,1,IE,IE0,IE05,IE051,Grassland without tree/shrub cover,Agriculture (excluding fallow land and kitchen gardens)
31623640,No,8,10,45,45,4,4.25,62.1,44.8,0,31.4,4.4,142.8,141,E20,U111,1,IE,IE0,IE04,IE041,Grassland without tree/shrub cover,Agriculture (excluding fallow land and kitchen gardens)
31783422,No,26,26,20,54,5.8,6.04,39.5,18.3,1,9.7,2.1,99.7,193,E20,U111,1,IE,IE0,IE05,IE052,Grassland without tree/shrub cover,Agriculture (excluding fallow land and kitchen gardens)
31283382,No,25,8,64,29,3.6,4.27,124.8,185.2,3,56.4,11.4,252,337,C21,U120,1,IE,IE0,IE05,IE052,Spruce dominated coniferous woodland,FORESTRY
31003394,No,17,18,35,47,5,5.12,90,34.8,1,53.5,4.5,137.6,149,E20,U111,1,IE,IE0,IE05,IE051,Grassland without tree/shrub cover,Agriculture (excluding fallow land and kitchen gardens)
31563508,No,28,11,40,48,5.9,5.98,193,142.2,7,33.5,14.7,46.7,121,E30,U410,1,IE,IE0,IE06,IE063,Spontaneously re-vegetated surfaces,Abandoned areas
31963524,No,20,10,29,61,5,5.14,149.4,243.3,1,32.2,22.1,107.7,174,B55,U111,1,IE,IE0,IE06,IE063,Temporary grassland,Agriculture (excluding fallow land and kitchen gardens)
31843518,No,37,13,22,65,6.5,6.75,105.8,135.7,6,76.1,12.8,326,152,B11,U111,1,IE,IE0,IE06,IE063,Common wheat,Agriculture (excluding fallow land and kitchen gardens)
31523402,No,37,11,41,48,6.3,6.53,34,61.9,14,67.9,6.5,252.1,262,E20,U111,1,IE,IE0,IE05,IE052,Grassland without tree/shrub cover,Agriculture (excluding fallow land and kitchen gardens)
31123410,No,14,14,35,52,5.5,5.7,63.2,35.6,1,51.6,4.1,40.3,117,E20,U111,1,IE,IE0,IE05,IE051,Grassland without tree/shrub cover,Agriculture (excluding fallow land and kitchen gardens)
31483428,No,13,12,42,46,4.6,4.8,72.9,35.9,0,41.4,4.5,172.8,214,E20,U111,1,IE,IE0,IE05,IE051,Grassland without tree/shrub cover,Agriculture (excluding fallow land and kitchen gardens)
31643418,No,20,20,28,53,5.5,5.59,82.8,32.9,1,18.5,4.1,97.9,126,E20,U111,1,IE,IE0,IE05,IE052,Grassland without tree/shrub cover,Agriculture (excluding fallow land and kitchen gardens)
31783462,No,26,10,46,44,4,4.2,47.6,27.1,1,33,3.1,63.8,177,B13,U111,1,IE,IE0,IE06,IE063,Barley,Agriculture (excluding fallow land and kitchen gardens)
31323592,No,15,14,34,53,4.1,4.23,86.4,47.2,0,34.6,5.3,190.9,241,E20,U111,1,IE,IE0,IE04,IE041,Grassland without tree/shrub cover,Agriculture (excluding fallow land and kitchen gardens)
31563670,Yes,,,,,3.4,4.2,59.5,557.5,0,17.9,27.7,50,99,H12,U420,1,IE,IE0,IE04,IE041,Peatbogs,Semi-natural and natural areas not in use
31703504,Yes,,,,,7.1,7.17,78.7,49.2,23,16.9,5.3,41.7,140,E20,U362,1,IE,IE0,IE06,IE063,Grassland without tree/shrub cover,Sport
31803664,Yes,,,,,3.2,3.93,95.8,429.7,0,31.6,17.9,20.2,243,C21,U120,1,IE,IE0,IE04,IE041,Spruce dominated coniferous woodland,FORESTRY
31803658,Yes,,,,,3.4,4.07,37.4,411.5,0,68.6,24.1,325.4,225,D20,U420,1,IE,IE0,IE04,IE041,Shrubland without tree cover,Semi-natural and natural areas not in use
31523662,Yes,,,,,3.7,4.65,63.3,536.9,0,328.5,15.8,734.4,187,C21,U120,1,IE,IE0,IE04,IE041,Spruce dominated coniferous woodland,FORESTRY
31743648,Yes,,,,,3.2,4.08,24.7,520.1,0,52.9,15.8,310.9,307,D20,U111,1,IE,IE0,IE04,IE041,Shrubland without tree cover,Agriculture (excluding fallow land and kitchen gardens)
31843468,Yes,,,,,5.4,5.61,312,387.7,1,12.3,28,103,125,C10,U120,1,IE,IE0,IE06,IE063,Broadleaved woodland,FORESTRY
31003478,Yes,,,,,3.8,4.92,120.7,517.6,0,73.1,21.5,675.2,185,H12,U420,1,IE,IE0,IE04,IE042,Peatbogs,Semi-natural and natural areas not in use
31503550,Yes,,,,,3.3,3.94,68.6,560.1,0,10,11.2,23.8,88,H12,U140,1,IE,IE0,IE04,IE042,Peatbogs,MINING AND QUARRYING
31703558,Yes,,,,,4.3,4.48,113.4,96.2,0,42,9,367.7,171,E20,U111,1,IE,IE0,IE06,IE063,Grassland without tree/shrub cover,Agriculture (excluding fallow land and kitchen gardens)
32023576,Yes,,,,,5.8,6.12,99.1,109.9,3,44.3,9,285.8,162,E20,U111,1,IE,IE0,IE04,IE041,Grassland without tree/shrub cover,Agriculture (excluding fallow land and kitchen gardens)
30843616,Yes,,,,,3.3,4.25,34.3,550.5,0,28.1,16.1,338.9,88,H12,U420,1,IE,IE0,IE04,IE042,Peatbogs,Semi-natural and natural areas not in use
31243524,Yes,,,,,4.7,4.82,218,214.1,0,54.7,15.9,281.9,104,E20,U111,1,IE,IE0,IE04,IE042,Grassland without tree/shrub cover,Agriculture (excluding fallow land and kitchen gardens)
30983582,Yes,,,,,4.2,4.4,98.1,102.1,0,98,6.6,88.2,212,E20,U111,1,IE,IE0,IE04,IE042,Grassland without tree/shrub cover,Agriculture (excluding fallow land and kitchen gardens)
31883474,Yes,,,,,7,7.1,106.4,56.9,170,79,5.6,113.4,121,E20,U111,1,IE,IE0,IE06,IE063,Grassland without tree/shrub cover,Agriculture (excluding fallow land and kitchen gardens)
30903564,Yes,,,,,4.7,4.87,119.8,138,0,20.3,10.4,108.8,119,E20,U111,1,IE,IE0,IE04,IE042,Grassland without tree/shrub cover,Agriculture (excluding fallow land and kitchen gardens)
31423488,Yes,,,,,3.7,3.99,123.4,404.3,0,18,21.1,55.4,110,C10,U420,1,IE,IE0,IE06,IE063,Broadleaved woodland,Semi-natural and natural areas not in use
31503496,Yes,,,,,5.6,5.77,296,409.9,0,77,31,452.1,98,E20,U111,1,IE,IE0,IE06,IE063,Grassland without tree/shrub cover,Agriculture (excluding fallow land and kitchen gardens)
30623522,Yes,,,,,4.4,4.6,257,216.7,0,146.5,13.8,278.6,122,E20,U111,1,IE,IE0,IE04,IE042,Grassland without tree/shrub cover,Agriculture (excluding fallow land and kitchen gardens)
30943536,Yes,,,,,7.1,7.3,148.7,110.7,273,39.8,10.7,128.5,113,E20,U111,1,IE,IE0,IE04,IE042,Grassland without tree/shrub cover,Agriculture (excluding fallow land and kitchen gardens)
31083514,Yes,,,,,5.5,5.59,239,321.4,1,126.7,17.8,205.2,169,E20,U111,1,IE,IE0,IE04,IE042,Grassland without tree/shrub cover,Agriculture (excluding fallow land and kitchen gardens)
30983510,Yes,,,,,3.6,3.95,147.1,555.5,0,17.7,14.8,106.6,114,H12,U140,1,IE,IE0,IE04,IE042,Peatbogs,MINING AND QUARRYING
30663634,Yes,,,,,3.9,4.56,44.9,446.9,0,21.2,25,277.7,253,E20,U111,1,IE,IE0,IE04,IE042,Grassland without tree/shrub cover,Agriculture (excluding fallow land and kitchen gardens)
31903694,Yes,,,,,3.9,4.64,8.75,57.6,0,17,3.1,45.5,90,H12,U420,1,IE,IE0,IE04,IE041,Peatbogs,Semi-natural and natural areas not in use
31783686,Yes,,,,,3.2,4.05,29.1,524.3,0,34.4,17.3,450.5,270,E20,U410,1,IE,IE0,IE04,IE041,Grassland without tree/shrub cover,Abandoned areas
31863682,Yes,,,,,3.8,4.33,87.1,386.5,0,62.1,14.3,537.7,264,C21,U120,1,IE,IE0,IE04,IE041,Spruce dominated coniferous woodland,FORESTRY
31603686,Yes,,,,,2.9,3.59,85.2,453.4,0,25.1,11.8,32.2,88,H12,U420,1,IE,IE0,IE04,IE041,Peatbogs,Semi-natural and natural areas not in use
31583610,Yes,,,,,3.2,3.83,194.8,486.2,0,186.4,21,318,214,C21,U120,1,IE,IE0,IE04,IE041,Spruce dominated coniferous woodland,FORESTRY
31203598,Yes,,,,,4.1,4.36,143.3,293.7,0,78.9,22.4,186.7,113,E20,U111,1,IE,IE0,IE04,IE041,Grassland without tree/shrub cover,Agriculture (excluding fallow land and kitchen gardens)
31523558,Yes,,,,,3.1,4.03,27.8,530.6,0,28.2,15.7,260.7,102,H12,U420,1,IE,IE0,IE04,IE042,Peatbogs,Semi-natural and natural areas not in use
31563616,Yes,,,,,3.6,4.18,9.51,91.7,0,31.5,6.4,76.4,319,C21,U120,1,IE,IE0,IE04,IE041,Spruce dominated coniferous woodland,FORESTRY
30983522,Yes,,,,,3.3,3.88,43.4,518.1,0,51.4,23.7,256.4,147,H12,U420,1,IE,IE0,IE04,IE042,Peatbogs,Semi-natural and natural areas not in use
32423468,Yes,,,,,3.8,5,47.3,143.7,0,42.8,7.5,273.3,562,D20,U362,1,IE,IE0,IE06,IE061,Shrubland without tree cover,Sport
31823512,Yes,,,,,4.7,4.98,84,53.8,0,36,6.2,85.1,173,E20,U111,1,IE,IE0,IE06,IE063,Grassland without tree/shrub cover,Agriculture (excluding fallow land and kitchen gardens)
31883536,Yes,,,,,4.5,4.78,73.6,78.7,0,38.4,8.7,88.6,150,E20,U111,1,IE,IE0,IE06,IE063,Grassland without tree/shrub cover,Agriculture (excluding fallow land and kitchen gardens)
30723514,Yes,,,,,6.9,7.12,76.7,54.5,4,26.7,6.3,81.4,72,E20,U111,1,IE,IE0,IE04,IE042,Grassland without tree/shrub cover,Agriculture (excluding fallow land and kitchen gardens)
30483378,Yes,,,,,4.6,4.95,69,84.1,0,93.4,6.7,179.6,387,E20,U111,1,IE,IE0,IE05,IE053,Grassland without tree/shrub cover,Agriculture (excluding fallow land and kitchen gardens)
31683640,Yes,,,,,4.5,4.89,61.5,439.9,0,39.2,26.1,367.3,186,H12,U420,1,IE,IE0,IE04,IE041,Peatbogs,Semi-natural and natural areas not in use
31243506,Yes,,,,,3.3,3.81,80.7,553.5,0,66,17.9,398.8,95,H12,U140,1,IE,IE0,IE04,IE042,Peatbogs,MINING AND QUARRYING
32043520,Yes,,,,,6.9,7.06,66.8,35.5,5,33.8,4.9,79.1,135,E20,U111,1,IE,IE0,IE06,IE063,Grassland without tree/shrub cover,Agriculture (excluding fallow land and kitchen gardens)
31123392,Yes,,,,,5.7,5.96,38.7,34.9,0,65.7,4.3,160.4,98,E20,U111,1,IE,IE0,IE05,IE051,Grassland without tree/shrub cover,Agriculture (excluding fallow land and kitchen gardens)
31163396,Yes,,,,,6,6.17,66.8,35.4,2,68.2,4.5,146.9,116,E20,U111,1,IE,IE0,IE05,IE051,Grassland without tree/shrub cover,Agriculture (excluding fallow land and kitchen gardens)
31503370,Yes,,,,,6,6.39,23.6,30.5,0,32.2,3.3,137.1,146,E20,U111,1,IE,IE0,IE05,IE052,Grassland without tree/shrub cover,Agriculture (excluding fallow land and kitchen gardens)
31523384,Yes,,,,,5.1,5.69,14.16,40.4,1,35.9,4.6,200.4,138,E20,U111,1,IE,IE0,IE05,IE052,Grassland without tree/shrub cover,Agriculture (excluding fallow land and kitchen gardens)
31523392,Yes,,,,,5.1,5.4,67.7,27.4,0,78.1,3.4,340.4,83,B21,U111,1,IE,IE0,IE05,IE052,Potatoes,Agriculture (excluding fallow land and kitchen gardens)
31463508,Yes,,,,,5.7,5.73,172.4,100.6,0,72,11.2,260.4,95,F40,U111,1,IE,IE0,IE06,IE063,OTHER BARE SOIL,Agriculture (excluding fallow land and kitchen gardens)
32363508,Yes,,,,,5.6,5.92,51.1,34,0,35.7,4.3,101.5,175,E20,U111,1,IE,IE0,IE06,IE062,Grassland without tree/shrub cover,Agriculture (excluding fallow land and kitchen gardens)
31523518,Yes,,,,,5.1,5.21,69.5,29.1,1,72.7,3.9,155.5,112,B13,U111,1,IE,IE0,IE06,IE063,Barley,Agriculture (excluding fallow land and kitchen gardens)
31643530,Yes,,,,,4.6,4.65,78.3,38.4,1,44.6,5,72,135,E20,U111,1,IE,IE0,IE06,IE063,Grassland without tree/shrub cover,Agriculture (excluding fallow land and kitchen gardens)
31343410,Yes,,,,,5.1,5.52,10.61,36.4,0,45.7,4.2,208.1,143,E20,U111,1,IE,IE0,IE05,IE051,Grassland without tree/shrub cover,Agriculture (excluding fallow land and kitchen gardens)
31163428,Yes,,,,,4.7,4.98,79,37.3,0,58.7,4.4,188.2,160,E20,U111,1,IE,IE0,IE05,IE051,Grassland without tree/shrub cover,Agriculture (excluding fallow land and kitchen gardens)
31523438,Yes,,,,,6.9,7.03,60.5,31.2,17,37.2,3.4,67.4,194,E20,U111,1,IE,IE0,IE05,IE052,Grassland without tree/shrub cover,Agriculture (excluding fallow land and kitchen gardens)
31603416,Yes,,,,,4.7,4.94,70.5,31.5,1,68.4,4.1,87.9,141,E20,U111,1,IE,IE0,IE05,IE052,Grassland without tree/shrub cover,Agriculture (excluding fallow land and kitchen gardens)
31483396,Yes,,,,,6.1,6.36,43.3,44.6,0,88.3,4.9,703,108,E20,U111,1,IE,IE0,IE05,IE051,Grassland without tree/shrub cover,Agriculture (excluding fallow land and kitchen gardens)
31663648,Yes,,,,,6.7,7.04,17.36,38.2,6,19.8,4.1,121.8,87,E20,U111,1,IE,IE0,IE04,IE041,Grassland without tree/shrub cover,Agriculture (excluding fallow land and kitchen gardens)
31163554,Yes,,,,,7,7.07,88.5,42.2,27,28.7,4.9,61.3,123,E20,U111,1,IE,IE0,IE04,IE042,Grassland without tree/shrub cover,Agriculture (excluding fallow land and kitchen gardens)
31563626,Yes,,,,,7.1,7.52,18.25,26.8,9,8.7,2.7,45.9,216,E20,U111,1,IE,IE0,IE04,IE041,Grassland without tree/shrub cover,Agriculture (excluding fallow land and kitchen gardens)
31123540,Yes,,,,,5,5.33,70.9,50.1,1,83.5,4.1,85.7,138,E20,U111,1,IE,IE0,IE04,IE042,Grassland without tree/shrub cover,Agriculture (excluding fallow land and kitchen gardens)
31103548,Yes,,,,,5.2,5.55,55.1,32.2,0,24.6,3.5,53.2,150,E20,U111,1,IE,IE0,IE04,IE042,Grassland without tree/shrub cover,Agriculture (excluding fallow land and kitchen gardens)
30863520,Yes,,,,,4.6,4.88,104.3,39.4,0,100.5,4.3,145.1,110,E20,U111,1,IE,IE0,IE04,IE042,Grassland without tree/shrub cover,Agriculture (excluding fallow land and kitchen gardens)
30883506,Yes,,,,,7.1,7.2,136.4,73.5,530,86,6.8,74.2,102,E20,U111,1,IE,IE0,IE04,IE042,Grassland without tree/shrub cover,Agriculture (excluding fallow land and kitchen gardens)
31123378,Yes,,,,,4.8,5.37,29.6,53.3,0,43.9,4.4,226.9,246,E20,U111,1,IE,IE0,IE05,IE052,Grassland without tree/shrub cover,Agriculture (excluding fallow land and kitchen gardens)
30803590,Yes,,,,,4.8,4.84,171.1,65.7,1,48.9,7.6,217.6,69,E20,U111,1,IE,IE0,IE04,IE042,Grassland without tree/shrub cover,Agriculture (excluding fallow land and kitchen gardens)
32383518,Yes,,,,,4.9,5.27,63.6,51.5,0,48.6,5.9,152.9,120,E20,U111,1,IE,IE0,IE06,IE062,Grassland without tree/shrub cover,Agriculture (excluding fallow land and kitchen gardens)
32243468,Yes,,,,,4.6,4.86,68.6,27.1,1,69.8,3.6,317.9,272,B11,U111,1,IE,IE0,IE06,IE062,Common wheat,Agriculture (excluding fallow land and kitchen gardens)
32143506,Yes,,,,,7.4,7.53,76.2,65.5,174,37.5,5.9,142.3,123,F40,U410,2,IE,IE0,IE06,IE062,OTHER BARE SOIL,Abandoned areas
32363494,Yes,,,,,5.2,5.22,189.3,68.1,3,162.7,8.3,729.2,127,E20,U111,1,IE,IE0,IE06,IE062,Grassland without tree/shrub cover,Agriculture (excluding fallow land and kitchen gardens)
32583496,Yes,,,,,5,5.32,409,99.6,1,112.4,9.6,831.4,55,E10,U111,1,IE,IE0,IE06,IE061,Grassland with sparse tree/shrub cover,Agriculture (excluding fallow land and kitchen gardens)
32383504,Yes,,,,,4.3,4.53,128.6,55.6,0,52.1,7,243.8,152,E20,U111,1,IE,IE0,IE06,IE062,Grassland without tree/shrub cover,Agriculture (excluding fallow land and kitchen gardens)
32243410,Yes,,,,,6.1,6.2,27.2,30.7,1,36.2,3.4,85.3,139,E20,U111,1,IE,IE0,IE05,IE052,Grassland without tree/shrub cover,Agriculture (excluding fallow land and kitchen gardens)
31203558,Yes,,,,,6.4,6.49,92.4,31.9,6,57.3,4.1,301.7,137,E20,U111,1,IE,IE0,IE04,IE042,Grassland without tree/shrub cover,Agriculture (excluding fallow land and kitchen gardens)
32523550,Yes,,,,,4.6,4.73,49.1,31.4,0,22.9,4,75.7,84,E20,U370,1,IE,IE0,IE06,IE062,Grassland without tree/shrub cover,RESIDENTIAL
31703420,Yes,,,,,4.9,5.13,41.5,37.9,1,68.3,4.7,197.1,115,E20,U111,1,IE,IE0,IE05,IE052,Grassland without tree/shrub cover,Agriculture (excluding fallow land and kitchen gardens)
32163460,Yes,,,,,5,5.02,159.7,89.1,2,0,9.2,164.7,268,E20,U111,1,IE,IE0,IE06,IE062,Grassland without tree/shrub cover,Agriculture (excluding fallow land and kitchen gardens)
31723460,Yes,,,,,4.5,4.62,96.6,39.1,0,30.9,4.5,71.5,165,E20,U111,1,IE,IE0,IE06,IE063,Grassland without tree/shrub cover,Agriculture (excluding fallow land and kitchen gardens)
32183418,Yes,,,,,6.4,6.41,98.5,49.1,5,66.5,5.5,180,254,E20,U111,1,IE,IE0,IE06,IE062,Grassland without tree/shrub cover,Agriculture (excluding fallow land and kitchen gardens)
31963440,Yes,,,,,7.4,7.76,23,19.6,42,40.6,2.2,120.4,119,B13,U111,1,IE,IE0,IE06,IE062,Barley,Agriculture (excluding fallow land and kitchen gardens)
32043448,Yes,,,,,5.5,5.68,113.9,39.1,0,79.3,5.2,275.3,214,E20,U111,1,IE,IE0,IE06,IE062,Grassland without tree/shrub cover,Agriculture (excluding fallow land and kitchen gardens)
31963452,Yes,,,,,7.3,7.5,46,43.8,125,15.8,4.2,150.5,121,E20,U111,1,IE,IE0,IE06,IE062,Grassland without tree/shrub cover,Agriculture (excluding fallow land and kitchen gardens)
31743540,Yes,,,,,4.1,4.18,103,57.1,0,78.3,6.2,135.8,153,D20,U111,1,IE,IE0,IE06,IE063,Shrubland without tree cover,Agriculture (excluding fallow land and kitchen gardens)
31983496,Yes,,,,,6.1,6.59,28.9,18.8,1,33.8,2.4,205.9,139,B13,U111,1,IE,IE0,IE06,IE062,Barley,Agriculture (excluding fallow land and kitchen gardens)
32563536,Yes,,,,,5.8,5.96,28.6,18.6,0,32.1,2.6,323.4,101,B13,U111,2,IE,IE0,IE06,IE062,Barley,Agriculture (excluding fallow land and kitchen gardens)
32343556,Yes,,,,,4.5,4.64,83.9,38.4,0,64.2,4.8,201.7,101,E20,U111,1,IE,IE0,IE04,IE041,Grassland without tree/shrub cover,Agriculture (excluding fallow land and kitchen gardens)
32463554,Yes,,,,,4.5,4.63,78.6,39.7,0,47.8,4.7,86.4,87,E20,U111,1,IE,IE0,IE06,IE062,Grassland without tree/shrub cover,Agriculture (excluding fallow land and kitchen gardens)
31603552,Yes,,,,,4.2,4.34,92.5,96.3,0,68.8,7.3,136.7,137,E20,U111,1,IE,IE0,IE06,IE063,Grassland without tree/shrub cover,Agriculture (excluding fallow land and kitchen gardens)
31923554,Yes,,,,,5.1,5.2,69.3,60.8,0,44.2,5,252.6,155,E20,U111,1,IE,IE0,IE04,IE041,Grassland without tree/shrub cover,Agriculture (excluding fallow land and kitchen gardens)
32143588,Yes,,,,,6.1,6.22,48.4,37.9,0,15.3,4.4,82.4,138,E20,U111,1,IE,IE0,IE04,IE041,Grassland without tree/shrub cover,Agriculture (excluding fallow land and kitchen gardens)
32243456,Yes,,,,,4.4,4.47,78,38.8,0,36.4,4,250.3,298,E20,U111,1,IE,IE0,IE06,IE062,Grassland without tree/shrub cover,Agriculture (excluding fallow land and kitchen gardens)
30883530,Yes,,,,,7.3,7.32,76.2,59.4,448,18,5,7.6,99,E20,U410,2,IE,IE0,IE04,IE042,Grassland without tree/shrub cover,Abandoned areas
30603568,Yes,,,,,3.9,4.1,66.1,52.5,0,110.6,5,175.8,116,E20,U111,2,IE,IE0,IE04,IE042,Grassland without tree/shrub cover,Agriculture (excluding fallow land and kitchen gardens)
31863388,Yes,,,,,5.4,5.62,56.45,26.7,0,22.3,3.1,53.3,182,E20,U111,1,IE,IE0,IE05,IE052,Grassland without tree/shrub cover,Agriculture (excluding fallow land and kitchen gardens)
30303464,Yes,,,,,4.1,4.23,56.1,58.2,0,124,6.9,134.1,123,E20,U111,1,IE,IE0,IE05,IE051,Grassland without tree/shrub cover,Agriculture (excluding fallow land and kitchen gardens)
31083442,Yes,,,,,4.1,4.18,123.5,110.6,0,90.2,9.2,275.4,347,E20,U111,1,IE,IE0,IE05,IE051,Grassland without tree/shrub cover,Agriculture (excluding fallow land and kitchen gardens)
31403574,Yes,,,,,4.9,5.05,103.1,58.3,0,57.7,6.9,168.6,156,E20,U111,1,IE,IE0,IE04,IE042,Grassland without tree/shrub cover,Agriculture (excluding fallow land and kitchen gardens)
31303576,Yes,,,,,4.7,4.76,107.3,46.9,0,76.4,5.5,8.9,140,E20,U111,1,IE,IE0,IE04,IE042,Grassland without tree/shrub cover,Agriculture (excluding fallow land and kitchen gardens)
32203464,Yes,,,,,4.9,5.08,77.1,37.5,0,57.7,4.8,103.1,217,E20,U111,1,IE,IE0,IE06,IE062,Grassland without tree/shrub cover,Agriculture (excluding fallow land and kitchen gardens)
30623360,Yes,,,,,6.6,6.67,145.7,44.9,8,92.8,4.4,15.6,127,E20,U111,1,IE,IE0,IE05,IE053,Grassland without tree/shrub cover,Agriculture (excluding fallow land and kitchen gardens)
31923414,Yes,,,,,4.8,4.97,42.8,29.7,0,31.2,3,53.4,162,E20,U111,1,IE,IE0,IE05,IE052,Grassland without tree/shrub cover,Agriculture (excluding fallow land and kitchen gardens)
30743490,Yes,,,,,4.7,4.8,122.8,43.4,0,60.5,5.5,3.5,91,E20,U111,1,IE,IE0,IE04,IE042,Grassland without tree/shrub cover,Agriculture (excluding fallow land and kitchen gardens)
31423542,Yes,,,,,4.4,4.51,109.5,43.2,0,71.2,5.3,172.4,101,E20,U111,1,IE,IE0,IE04,IE042,Grassland without tree/shrub cover,Agriculture (excluding fallow land and kitchen gardens)
30943572,Yes,,,,,5.9,5.97,170.8,107.1,4,51.4,11.4,117.3,156,E10,U111,1,IE,IE0,IE04,IE042,Grassland with sparse tree/shrub cover,Agriculture (excluding fallow land and kitchen gardens)
31103526,Yes,,,,,4.3,4.55,59.4,39.7,0,59,4.7,94.1,134,E20,U111,1,IE,IE0,IE04,IE042,Grassland without tree/shrub cover,Agriculture (excluding fallow land and kitchen gardens)
32243518,Yes,,,,,4.9,4.81,170.9,73.2,1,77,8.7,133.2,125,E20,U111,1,IE,IE0,IE06,IE062,Grassland without tree/shrub cover,Agriculture (excluding fallow land and kitchen gardens)
31983538,Yes,,,,,7,6.94,156,118,65,88.8,13.1,83.7,186,E10,U111,1,IE,IE0,IE06,IE062,Grassland with sparse tree/shrub cover,Agriculture (excluding fallow land and kitchen gardens)
30663346,Yes,,,,,4.7,4.84,41.2,34.3,0,73.6,3.7,9.3,184,E30,U111,1,IE,IE0,IE05,IE053,Spontaneously re-vegetated surfaces,Agriculture (excluding fallow land and kitchen gardens)
31823436,Yes,,,,,4.1,4.41,64.2,40.1,0,41,4.4,182.4,350,E20,U111,1,IE,IE0,IE06,IE063,Grassland without tree/shrub cover,Agriculture (excluding fallow land and kitchen gardens)
31263574,Yes,,,,,5,5.06,125.2,66.6,1,75.1,6.9,179.4,133,E10,U111,1,IE,IE0,IE04,IE042,Grassland with sparse tree/shrub cover,Agriculture (excluding fallow land and kitchen gardens)
30283550,Yes,,,,,4,4.27,197.1,330.5,1,66.2,22.2,193.1,96,E10,U111,2,IE,IE0,IE04,IE042,Grassland with sparse tree/shrub cover,Agriculture (excluding fallow land and kitchen gardens)
32203590,Yes,,,,,5.3,5.41,75.4,36.5,1,91.2,4.4,210.4,128,E20,U111,1,IE,IE0,IE04,IE041,Grassland without tree/shrub cover,Agriculture (excluding fallow land and kitchen gardens)
30763356,Yes,,,,,5.4,5.66,45.6,32.2,1,42.7,3.5,271.7,67,E20,U111,1,IE,IE0,IE05,IE053,Grassland without tree/shrub cover,Agriculture (excluding fallow land and kitchen gardens)
31203518,Yes,,,,,4.4,4.55,93.7,29.2,0,64.8,3.8,190.7,122,E20,U111,1,IE,IE0,IE04,IE042,Grassland without tree/shrub cover,Agriculture (excluding fallow land and kitchen gardens)
31063588,Yes,,,,,3.9,3.96,110.2,96.8,0,75.1,8.2,107.7,126,E20,U111,1,IE,IE0,IE04,IE042,Grassland without tree/shrub cover,Agriculture (excluding fallow land and kitchen gardens)
31063480,Yes,,,,,5,5.47,66.8,29.1,0,65.6,3.3,77.8,91,E20,U111,1,IE,IE0,IE04,IE042,Grassland without tree/shrub cover,Agriculture (excluding fallow land and kitchen gardens)
30603574,Yes,,,,,3.8,3.88,102.9,74.7,1,62.5,6.9,621.1,170,E20,U111,1,IE,IE0,IE04,IE042,Grassland without tree/shrub cover,Agriculture (excluding fallow land and kitchen gardens)
30663500,Yes,,,,,7,7.1,117.1,63.9,27,114.7,7.4,85.7,81,E20,U111,1,IE,IE0,IE04,IE042,Grassland without tree/shrub cover,Agriculture (excluding fallow land and kitchen gardens)
30723546,Yes,,,,,4.3,4.41,122.8,77.9,0,107.2,8.5,243.6,94,E20,U111,1,IE,IE0,IE04,IE042,Grassland without tree/shrub cover,Agriculture (excluding fallow land and kitchen gardens)
30483342,Yes,,,,,6.9,7.05,26.5,20.8,4,45.1,2.7,152,128,B11,U111,1,IE,IE0,IE05,IE053,Common wheat,Agriculture (excluding fallow land and kitchen gardens)
30823370,Yes,,,,,5.3,5.77,25,39.8,0,47.7,4.5,114.7,193,E20,U111,1,IE,IE0,IE05,IE053,Grassland without tree/shrub cover,Agriculture (excluding fallow land and kitchen gardens)
30303360,Yes,,,,,4.6,4.81,53,45.8,0,51.5,4.4,155.3,275,E20,U111,1,IE,IE0,IE05,IE053,Grassland without tree/shrub cover,Agriculture (excluding fallow land and kitchen gardens)
31383482,Yes,,,,,5.1,5.25,110.4,45.7,0,51.7,5.7,228.9,124,E20,U111,1,IE,IE0,IE06,IE063,Grassland without tree/shrub cover,Agriculture (excluding fallow land and kitchen gardens)
30763504,Yes,,,,,6.6,6.73,149.3,105.8,12,41.8,11.6,78.1,83,E20,U111,1,IE,IE0,IE04,IE042,Grassland without tree/shrub cover,Agriculture (excluding fallow land and kitchen gardens)
32463558,Yes,,,,,4.3,4.45,95.9,53.4,0,77.9,6,99,128,E20,U111,1,IE,IE0,IE04,IE041,Grassland without tree/shrub cover,Agriculture (excluding fallow land and kitchen gardens)
31803412,Yes,,,,,6.7,6.87,79.2,68.5,15,161,6.5,441.7,113,E20,U111,1,IE,IE0,IE05,IE052,Grassland without tree/shrub cover,Agriculture (excluding fallow land and kitchen gardens)
