Point_ID,Revisited_point,Coarse,Clay,Sand,Silt,pH(CaCl2),pH(H2O),EC,OC,CaCO3,P,N,K,Elevation,LC1,LU1,Soil_Stones,NUTS_0,NUTS_1,NUTS_2,NUTS_3,LC1_Desc,LU1_Desc
28522106,No,12,11,44,45,4.4,4.41,18.73,78.6,0,22,5.9,66,1250,C10,U120,2,PT,PT1,PT16,PT16J,Broadleaved woodland,FORESTRY
28822078,No,50,15,23,62,4.4,4.73,4.08,44.4,0,9.4,3.6,39.7,904,C22,U120,2,PT,PT1,PT16,PT16J,Pine dominated coniferous woodland,FORESTRY
28882080,No,37,4,75,21,5.9,6.32,7.46,23.4,1,27.6,2,175.9,865,E20,U111,1,PT,PT1,PT16,PT16J,Grassland without tree/shrub cover,Agriculture (excluding fallow land and kitchen gardens)
29202218,No,32,13,46,41,3.9,4.35,12.93,39.3,0,22.3,3.9,64.9,1117,E20,U111,1,PT,PT1,PT11,PT11E,Grassland without tree/shrub cover,Agriculture (excluding fallow land and kitchen gardens)
28542220,No,22,5,64,32,3.8,4.28,4.51,71.2,0,13,4.7,38.5,1012,E20,U111,2,PT,PT1,PT11,PT11B,Grassland without tree/shrub cover,Agriculture (excluding fallow land and kitchen gardens)
28102276,No,20,3,76,21,4,4.45,3.35,39.8,0,15,3.5,35.9,682,F10,U420,2,PT,PT1,PT11,PT111,ROCKS AND STONES,Semi-natural and natural areas not in use
28142280,No,11,8,48,44,3.8,3.86,17.18,75.4,1,7.6,6.1,37.2,1268,D20,U111,1,PT,PT1,PT11,PT111,Shrubland without tree cover,Agriculture (excluding fallow land and kitchen gardens)
28182282,No,24,4,71,25,4.3,4.89,5.52,30.8,0,10.3,2.3,104.5,1018,D20,U111,2,PT,PT1,PT11,PT111,Shrubland without tree cover,Agriculture (excluding fallow land and kitchen gardens)
28382100,No,55,9,56,35,4.2,4.87,12.71,51.7,0,6.7,3.5,83.9,1437,C23,U120,2,PT,PT1,PT16,PT16J,Other coniferous woodland,FORESTRY
28302282,No,44,3,75,22,4.4,4.68,2.16,39.9,0,0,2.4,11.6,1014,F10,U420,3,PT,PT1,PT11,PT111,ROCKS AND STONES,Semi-natural and natural areas not in use
29302234,No,36,22,32,46,5.5,5.79,18.09,20.7,0,4,1.6,110.3,894,C10,U120,2,PT,PT1,PT11,PT11E,Broadleaved woodland,FORESTRY
28622242,No,44,4,64,32,3.9,4.34,5.13,74.7,0,39.1,4.7,53.7,1124,D20,U420,3,PT,PT1,PT11,PT11B,Shrubland without tree cover,Semi-natural and natural areas not in use
28602250,No,24,11,40,49,4.5,4.79,23,69.1,0,10,4.6,246.7,1022,E20,U111,1,PT,PT1,PT11,PT11B,Grassland without tree/shrub cover,Agriculture (excluding fallow land and kitchen gardens)
28422262,No,22,3,74,22,4,4.53,3.71,35.4,0,9.4,3,123.2,1268,D20,U111,3,PT,PT1,PT11,PT11B,Shrubland without tree cover,Agriculture (excluding fallow land and kitchen gardens)
28562254,No,32,8,48,44,3.8,4.3,14.47,64.8,0,21.9,3.3,75.2,1005,E20,U111,2,PT,PT1,PT11,PT11B,Grassland without tree/shrub cover,Agriculture (excluding fallow land and kitchen gardens)
28502252,No,44,4,70,26,3.9,4.52,4.29,53.5,0,17.1,3.6,36.8,1232,D20,U420,1,PT,PT1,PT11,PT11B,Shrubland without tree cover,Semi-natural and natural areas not in use
28522236,No,30,4,67,29,4.1,4.51,3.41,38.6,0,14.7,2.6,19.7,995,D20,U111,1,PT,PT1,PT11,PT11B,Shrubland without tree cover,Agriculture (excluding fallow land and kitchen gardens)
28342236,No,22,7,70,23,4.3,4.64,3.68,13.7,0,4,1.1,5.2,1003,D20,U420,2,PT,PT1,PT11,PT11B,Shrubland without tree cover,Semi-natural and natural areas not in use
28322234,No,25,9,53,37,4.1,4.52,4.21,50.2,0,7.8,3.5,178.6,1173,D20,U210,2,PT,PT1,PT11,PT119,Shrubland without tree cover,ENERGY PRODUCTION
28202170,No,23,7,62,31,4.2,4.81,4.6,37.9,0,110.4,3.5,46.8,1139,E20,U111,1,PT,PT1,PT11,PT11C,Grassland without tree/shrub cover,Agriculture (excluding fallow land and kitchen gardens)
28262288,No,19,4,68,28,4.3,5.43,8.84,66.9,0,11.6,5.2,270.5,1051,D20,U111,2,PT,PT1,PT11,PT111,Shrubland without tree cover,Agriculture (excluding fallow land and kitchen gardens)
28942072,No,51,17,20,63,4.3,4.77,5.25,40.4,0,6.2,2.6,34.8,995,C10,U120,2,PT,PT1,PT16,PT16J,Broadleaved woodland,FORESTRY
28642160,Yes,,,,,4.4,5,6.35,58.1,0,83.2,5.3,99.1,904,E20,U111,1,PT,PT1,PT11,PT11D,Grassland without tree/shrub cover,Agriculture (excluding fallow land and kitchen gardens)
27162028,Yes,,,,,7.2,7.56,17.74,27.9,357,7.3,3.1,393.7,306,B81,U111,2,PT,PT1,PT16,PT16F,Olive groves,Agriculture (excluding fallow land and kitchen gardens)
27241758,Yes,,,,,7.5,7.89,23,15.4,686,8.7,2,262.6,152,B81,U111,1,PT,PT1,PT15,PT150,Olive groves,Agriculture (excluding fallow land and kitchen gardens)
27061758,Yes,,,,,7.6,8.01,18.62,3.9,695,5.9,1.8,418.8,142,B74,U111,1,PT,PT1,PT15,PT150,Nuts trees,Agriculture (excluding fallow land and kitchen gardens)
27101760,Yes,,,,,7.5,7.92,16.2,14.4,14,13.5,1.7,169.4,69,B81,U111,1,PT,PT1,PT15,PT150,Olive groves,Agriculture (excluding fallow land and kitchen gardens)
27322072,Yes,,,,,5.6,5.95,4.47,13.3,1,0,0.5,47,72,D10,U120,1,PT,PT1,PT16,PT16F,Shrubland with sparse tree cover,FORESTRY
27362062,Yes,,,,,3.8,4.5,13.66,24.3,0,12.4,2,39.6,85,C32,U120,1,PT,PT1,PT16,PT16F,Pine dominated mixed woodland,FORESTRY
28542066,Yes,,,,,4.4,4.89,6.15,32.5,0,10.6,1.5,101,445,C10,U120,2,PT,PT1,PT16,PT16J,Broadleaved woodland,FORESTRY
26962018,Yes,,,,,5.3,5.73,14.89,33.6,0,5,2,116.1,209,C10,U120,1,PT,PT1,PT16,PT16B,Broadleaved woodland,FORESTRY
27101892,Yes,,,,,4.8,5.53,1.56,4.3,0,0,0.3,13.3,60,C22,U120,1,PT,PT1,PT18,PT181,Pine dominated coniferous woodland,FORESTRY
27002038,Yes,,,,,6.7,7.05,13.8,9.2,2,46.7,0.9,139.2,20,B72,U111,1,PT,PT1,PT16,PT16B,Pear fruit,Agriculture (excluding fallow land and kitchen gardens)
26802028,Yes,,,,,6.1,6.53,4.46,4.7,0,6.1,0.4,26.6,81,C10,U120,1,PT,PT1,PT16,PT16B,Broadleaved woodland,FORESTRY
27241916,Yes,,,,,6,6.29,8.4,27.4,0,8,2.3,137,174,C10,U120,1,PT,PT1,PT18,PT187,Broadleaved woodland,FORESTRY
26921874,Yes,,,,,5.6,5.97,4.49,20.4,0,5,1.7,167.5,255,C10,U120,2,PT,PT1,PT18,PT181,Broadleaved woodland,FORESTRY
27041876,Yes,,,,,4.5,5.41,2.17,7.1,0,4.7,0.6,196.4,86,E20,U111,1,PT,PT1,PT18,PT181,Grassland without tree/shrub cover,Agriculture (excluding fallow land and kitchen gardens)
27001864,Yes,,,,,5.2,5.79,4.92,24.6,0,5,1.9,93.9,108,C10,U120,2,PT,PT1,PT18,PT181,Broadleaved woodland,FORESTRY
27022016,Yes,,,,,5.2,5.89,7,18.9,0,4.8,1.7,134.5,182,C10,U120,1,PT,PT1,PT18,PT185,Broadleaved woodland,FORESTRY
27242068,Yes,,,,,5.4,5.92,8.95,5.5,0,9.6,0.6,27.2,85,C10,U120,1,PT,PT1,PT16,PT16F,Broadleaved woodland,FORESTRY
26942016,Yes,,,,,4.2,4.85,5.41,15.3,0,5,1.1,37.3,189,C10,U120,1,PT,PT1,PT16,PT16B,Broadleaved woodland,FORESTRY
26761998,Yes,,,,,4.1,4.65,4.11,14.4,0,0,0.6,27.7,119,C10,U120,1,PT,PT1,PT16,PT16B,Broadleaved woodland,FORESTRY
26741986,Yes,,,,,7.4,7.95,20.8,8.2,285,14,1.1,240.2,169,B82,U111,1,PT,PT1,PT16,PT16B,Vineyards,Agriculture (excluding fallow land and kitchen gardens)
26601978,Yes,,,,,7.1,7.38,21.6,25.2,0,7.2,2.1,174.6,107,C10,U120,1,PT,PT1,PT17,PT170,Broadleaved woodland,FORESTRY
26841944,Yes,,,,,6.1,6.48,3.58,5.7,0,31.2,0.6,24.3,12,E30,U112,1,PT,PT1,PT17,PT170,Spontaneously re-vegetated surfaces,Fallow land
26881938,Yes,,,,,4.9,5.59,6.92,17.6,0,9.6,1.4,92.8,19,C10,U120,1,PT,PT1,PT17,PT170,Broadleaved woodland,FORESTRY
26841764,Yes,,,,,7.4,7.56,24.9,50,148,12.4,3.9,736.9,18,B84,U111,1,PT,PT1,PT15,PT150,Permanent industrial crops,Agriculture (excluding fallow land and kitchen gardens)
27242050,Yes,,,,,7.2,7.45,23,17.8,0,25.9,1.2,124.8,70,E20,U111,1,PT,PT1,PT16,PT16F,Grassland without tree/shrub cover,Agriculture (excluding fallow land and kitchen gardens)
27241888,Yes,,,,,4.8,5.43,4.2,10.2,0,4.8,1.1,92.8,95,C10,U120,1,PT,PT1,PT18,PT181,Broadleaved woodland,FORESTRY
27282072,Yes,,,,,5.4,5.87,5.12,7.9,0,6.1,0.8,127.1,72,C10,U120,1,PT,PT1,PT16,PT16F,Broadleaved woodland,FORESTRY
27242086,Yes,,,,,4.6,5.06,3.25,5.5,0,0,0.4,26.9,46,C10,U120,1,PT,PT1,PT16,PT16E,Broadleaved woodland,FORESTRY
27001882,Yes,,,,,4.7,5.09,11.4,7.6,0,42.1,0.7,34.7,97,B41,U111,1,PT,PT1,PT18,PT181,Dry pulses,Agriculture (excluding fallow land and kitchen gardens)
27001894,Yes,,,,,4.6,5.36,1.92,2.9,0,5.8,0.2,15.1,80,C10,U120,1,PT,PT1,PT18,PT181,Broadleaved woodland,FORESTRY
26921896,Yes,,,,,4.4,5.2,1.71,2.9,0,0,0.2,13.6,41,C10,U120,1,PT,PT1,PT18,PT181,Broadleaved woodland,FORESTRY
28402054,Yes,,,,,4.5,4.97,2.42,3.2,0,8.3,0.4,98.3,411,B82,U111,2,PT,PT1,PT16,PT16J,Vineyards,Agriculture (excluding fallow land and kitchen gardens)
27302044,Yes,,,,,3.1,4.08,6.81,56.7,28,11,2.1,37.6,232,C32,U120,1,PT,PT1,PT16,PT16I,Pine dominated mixed woodland,FORESTRY
28262056,Yes,,,,,4,4.63,4.22,27.8,0,7,2,35.5,427,C10,U120,2,PT,PT1,PT16,PT16H,Broadleaved woodland,FORESTRY
27181912,Yes,,,,,6,6.11,9.11,20.8,0,5.3,1.6,85.5,80,C10,U120,1,PT,PT1,PT18,PT187,Broadleaved woodland,FORESTRY
28502024,Yes,,,,,5.1,5.56,5.04,13.6,0,12.6,1,61,226,C10,U120,2,PT,PT1,PT16,PT16H,Broadleaved woodland,FORESTRY
28542018,Yes,,,,,5.1,5.58,4.53,7.1,0,13.4,0.8,23.3,248,C10,U120,2,PT,PT1,PT16,PT16H,Broadleaved woodland,FORESTRY
28362030,Yes,,,,,4.5,5.23,4.04,11.9,0,7.2,1.5,241,302,B81,U111,2,PT,PT1,PT16,PT16H,Olive groves,Agriculture (excluding fallow land and kitchen gardens)
28242028,Yes,,,,,4.1,4.87,3.03,10.7,0,4.8,1.2,164.9,351,C10,U120,2,PT,PT1,PT16,PT16H,Broadleaved woodland,FORESTRY
28142050,Yes,,,,,3.8,4.55,3.85,67,0,15.8,3,118.4,470,C22,U120,2,PT,PT1,PT16,PT16H,Pine dominated coniferous woodland,FORESTRY
28442038,Yes,,,,,4.4,5.07,3.55,10.2,0,0,1,26,371,C10,U120,2,PT,PT1,PT16,PT16H,Broadleaved woodland,FORESTRY
28182048,Yes,,,,,4.1,4.78,2.85,20.4,0,5.8,1.7,69.7,347,C22,U120,2,PT,PT1,PT16,PT16H,Pine dominated coniferous woodland,FORESTRY
28302038,Yes,,,,,4.9,5.53,3.27,13.2,0,14.5,1.3,57.4,364,C10,U120,2,PT,PT1,PT16,PT16H,Broadleaved woodland,FORESTRY
28242042,Yes,,,,,4.4,5.08,2.75,14.1,0,5.2,1.3,35.5,286,E10,U120,2,PT,PT1,PT16,PT16H,Grassland with sparse tree/shrub cover,FORESTRY
28182018,Yes,,,,,5.4,5.83,6.7,5.3,0,9.2,0.6,124.2,119,E30,U111,2,PT,PT1,PT16,PT16H,Spontaneously re-vegetated surfaces,Agriculture (excluding fallow land and kitchen gardens)
28782100,Yes,,,,,4.3,4.94,2.8,8.3,0,16.9,0.9,114.7,827,D10,U420,3,PT,PT1,PT16,PT16J,Shrubland with sparse tree cover,Semi-natural and natural areas not in use
28542076,Yes,,,,,4.8,5.39,3.84,14.9,0,21.2,1.3,62.2,498,D20,U111,2,PT,PT1,PT16,PT16J,Shrubland without tree cover,Agriculture (excluding fallow land and kitchen gardens)
28662074,Yes,,,,,4.6,5.11,5.93,44.3,0,10.3,2.4,91.5,580,C10,U120,2,PT,PT1,PT16,PT16H,Broadleaved woodland,FORESTRY
28102060,Yes,,,,,4,4.67,2.69,36.2,0,4.4,2.5,31.9,522,D10,U120,2,PT,PT1,PT16,PT16J,Shrubland with sparse tree cover,FORESTRY
28382062,Yes,,,,,4.4,5.22,4.3,35.9,0,26.6,2,73.7,875,C10,U420,2,PT,PT1,PT16,PT16J,Broadleaved woodland,Semi-natural and natural areas not in use
26702014,Yes,,,,,5.5,5.92,6.08,14.2,0,9.4,1.1,126.8,157,C10,U120,1,PT,PT1,PT16,PT16B,Broadleaved woodland,FORESTRY
28282118,Yes,,,,,4,4.47,6.34,6.5,0,25.6,0.8,71.6,505,B82,U111,1,PT,PT1,PT16,PT16G,Vineyards,Agriculture (excluding fallow land and kitchen gardens)
28422114,Yes,,,,,4.2,4.95,2.4,19.1,0,37.4,1.2,57.1,397,D20,U410,2,PT,PT1,PT16,PT16J,Shrubland without tree cover,Abandoned areas
28742116,Yes,,,,,4.3,4.89,3.21,8.1,0,25.3,0.8,78.9,765,E30,U112,1,PT,PT1,PT16,PT16J,Spontaneously re-vegetated surfaces,Fallow land
28302110,Yes,,,,,5.1,5.32,33.3,28.4,0,22.7,2.4,46.2,459,B81,U111,2,PT,PT1,PT16,PT16J,Olive groves,Agriculture (excluding fallow land and kitchen gardens)
28782118,Yes,,,,,5.2,5.86,2.97,5.2,0,28.7,0.7,89.7,758,F40,U112,2,PT,PT1,PT16,PT16J,OTHER BARE SOIL,Fallow land
28522026,Yes,,,,,5.1,5.74,2.38,5.1,0,5.8,0.6,269.2,248,C10,U120,2,PT,PT1,PT16,PT16H,Broadleaved woodland,FORESTRY
28862114,Yes,,,,,4.3,4.52,47,44,0,17.8,5,38.2,731,C10,U120,2,PT,PT1,PT16,PT16J,Broadleaved woodland,FORESTRY
28422060,Yes,,,,,4.7,4.96,22.4,22.2,0,25.5,2,45.2,441,B81,U111,2,PT,PT1,PT16,PT16J,Olive groves,Agriculture (excluding fallow land and kitchen gardens)
28322046,Yes,,,,,4.5,4.94,18.32,17.2,0,63.3,1.8,33.4,353,B81,U111,2,PT,PT1,PT16,PT16H,Olive groves,Agriculture (excluding fallow land and kitchen gardens)
28742034,Yes,,,,,5,5.66,3.36,5.1,0,7.8,0.6,47.1,321,C10,U120,2,PT,PT1,PT16,PT16H,Broadleaved woodland,FORESTRY
28762036,Yes,,,,,4.4,5.18,2.14,6.8,0,9.6,0.6,35.3,331,E20,U111,2,PT,PT1,PT16,PT16H,Grassland without tree/shrub cover,Agriculture (excluding fallow land and kitchen gardens)
28742026,Yes,,,,,4.5,5.03,5.25,11.4,0,0,1.8,116.9,326,D20,U410,2,PT,PT1,PT16,PT16H,Shrubland without tree cover,Abandoned areas
28642024,Yes,,,,,4.9,5.34,2.48,10.5,0,7.7,0.8,42.9,356,B81,U111,1,PT,PT1,PT16,PT16H,Olive groves,Agriculture (excluding fallow land and kitchen gardens)
28282042,Yes,,,,,4.7,5.22,4.95,18.8,0,47.4,1.8,57.4,346,E20,U111,2,PT,PT1,PT16,PT16H,Grassland without tree/shrub cover,Agriculture (excluding fallow land and kitchen gardens)
28822118,Yes,,,,,4.6,5.08,3.5,16.4,0,9.7,1.2,144.5,644,E10,U111,1,PT,PT1,PT16,PT16J,Grassland with sparse tree/shrub cover,Agriculture (excluding fallow land and kitchen gardens)
27862072,Yes,,,,,3.9,4.38,7.51,50.9,0,7.2,3.9,46.2,653,C22,U120,1,PT,PT1,PT16,PT16E,Pine dominated coniferous woodland,FORESTRY
29082220,Yes,,,,,5.6,6.01,7.21,14.9,0,14.5,1.7,288.4,361,E10,U111,2,PT,PT1,PT11,PT11E,Grassland with sparse tree/shrub cover,Agriculture (excluding fallow land and kitchen gardens)
29082238,Yes,,,,,4.2,4.92,2.17,8.2,0,5,0.9,72,682,D10,U120,2,PT,PT1,PT11,PT11E,Shrubland with sparse tree cover,FORESTRY
28862248,Yes,,,,,4.1,4.78,2.22,10.8,0,19.9,1.3,41.7,438,D20,U120,1,PT,PT1,PT11,PT11B,Shrubland without tree cover,FORESTRY
28782240,Yes,,,,,4.4,4.99,14.04,43.2,0,54,4.1,74,360,C10,U120,1,PT,PT1,PT11,PT11B,Broadleaved woodland,FORESTRY
28742214,Yes,,,,,4.3,4.51,15.63,38,1,13.5,2.6,99.7,741,B74,U111,3,PT,PT1,PT11,PT11B,Nuts trees,Agriculture (excluding fallow land and kitchen gardens)
28622188,Yes,,,,,4.5,5.1,8,31.3,0,13.9,1.9,139.4,559,C22,U120,2,PT,PT1,PT11,PT11D,Pine dominated coniferous woodland,FORESTRY
29382188,Yes,,,,,5.6,6.21,2.55,5.3,0,6.3,0.7,32.2,641,B73,U111,2,PT,PT1,PT11,PT11E,Cherry fruit,Agriculture (excluding fallow land and kitchen gardens)
28642186,Yes,,,,,5.1,5.62,9.52,19.1,0,48.7,1.9,234.9,578,B82,U111,1,PT,PT1,PT11,PT11D,Vineyards,Agriculture (excluding fallow land and kitchen gardens)
29662194,Yes,,,,,4.7,4.93,52,40.1,0,17.4,4.6,198.9,751,C10,U120,1,PT,PT1,PT11,PT11E,Broadleaved woodland,FORESTRY
29042132,Yes,,,,,4.8,5.39,3.64,14.1,0,6.4,1.6,93.2,630,C10,U120,1,PT,PT1,PT16,PT16J,Broadleaved woodland,FORESTRY
29062134,Yes,,,,,4.7,5.13,2.8,6.7,0,7.2,0.9,50.6,662,E30,U112,2,PT,PT1,PT16,PT16J,Spontaneously re-vegetated surfaces,Fallow land
29022146,Yes,,,,,4.5,5.21,2.36,5.1,0,12,0.7,40.6,588,D20,U112,1,PT,PT1,PT16,PT16J,Shrubland without tree cover,Fallow land
28782132,Yes,,,,,5.8,5.97,33.2,12.8,0,48.1,1.8,299.9,466,D20,U410,1,PT,PT1,PT16,PT16J,Shrubland without tree cover,Abandoned areas
27122016,Yes,,,,,7,7.23,21.8,18.7,8,7.2,1.9,139.3,115,B81,U111,1,PT,PT1,PT18,PT185,Olive groves,Agriculture (excluding fallow land and kitchen gardens)
28722216,Yes,,,,,4.4,4.59,57.1,67.2,0,24.9,6.9,91.6,791,E20,U111,1,PT,PT1,PT11,PT11B,Grassland without tree/shrub cover,Agriculture (excluding fallow land and kitchen gardens)
28742142,Yes,,,,,4.4,5.31,2.42,5.7,0,40.4,0.6,52.2,555,B82,U111,4,PT,PT1,PT16,PT16J,Vineyards,Agriculture (excluding fallow land and kitchen gardens)
28762162,Yes,,,,,5.2,5.46,32.3,5.8,0,14.2,0.9,60.2,452,B82,U111,4,PT,PT1,PT11,PT11D,Vineyards,Agriculture (excluding fallow land and kitchen gardens)
28382160,Yes,,,,,4.4,5.08,4.67,20.9,1,32.1,1.8,59.1,924,E30,U112,3,PT,PT1,PT11,PT11D,Spontaneously re-vegetated surfaces,Fallow land
28362162,Yes,,,,,4.5,5.01,2.74,13.4,0,15.5,1.2,40.6,832,D20,U420,4,PT,PT1,PT11,PT11D,Shrubland without tree cover,Semi-natural and natural areas not in use
28542144,Yes,,,,,4.3,4.95,5.4,18.6,0,18.8,1.6,83.4,631,B74,U111,3,PT,PT1,PT11,PT11D,Nuts trees,Agriculture (excluding fallow land and kitchen gardens)
28602150,Yes,,,,,4.9,5.52,2.44,6.8,0,5.7,0.6,51.2,730,C22,U120,3,PT,PT1,PT11,PT11D,Pine dominated coniferous woodland,FORESTRY
28822226,Yes,,,,,4.4,5.13,5.99,16.7,0,48.7,1.8,135.1,521,B55,U111,1,PT,PT1,PT11,PT11B,Temporary grassland,Agriculture (excluding fallow land and kitchen gardens)
27522042,Yes,,,,,6.4,6.53,8.6,31.7,1,6.4,1.9,255.4,221,C10,U410,4,PT,PT1,PT16,PT16I,Broadleaved woodland,Abandoned areas
27722080,Yes,,,,,4.2,4.5,18.39,15.1,0,11.8,1.5,60.8,131,E20,U120,1,PT,PT1,PT16,PT16E,Grassland without tree/shrub cover,FORESTRY
28722138,Yes,,,,,4.4,4.78,4.66,5.9,1,31.2,0.7,87.6,658,B16,U111,3,PT,PT1,PT16,PT16J,Maize,Agriculture (excluding fallow land and kitchen gardens)
28902148,Yes,,,,,5.5,5.83,6.28,10.7,0,26.8,1.1,109.2,449,B81,U111,2,PT,PT1,PT16,PT16J,Olive groves,Agriculture (excluding fallow land and kitchen gardens)
28862140,Yes,,,,,4.7,5.52,2.68,5.4,0,19.8,0.7,66.5,444,D10,U420,3,PT,PT1,PT16,PT16J,Shrubland with sparse tree cover,Semi-natural and natural areas not in use
29342200,Yes,,,,,5.6,5.88,24.1,29,0,14.8,3.4,170.1,506,E20,U111,2,PT,PT1,PT11,PT11E,Grassland without tree/shrub cover,Agriculture (excluding fallow land and kitchen gardens)
28542166,Yes,,,,,4.2,4.65,4.41,6,0,32.1,0.8,52.8,895,B74,U111,2,PT,PT1,PT11,PT11D,Nuts trees,Agriculture (excluding fallow land and kitchen gardens)
28782204,Yes,,,,,4.2,4.98,1.82,6.7,0,5.4,1.1,36.3,516,A22,U312,4,PT,PT1,PT11,PT11D,Non built-up linear features,Road transport
27602032,Yes,,,,,4.2,4.65,3.11,10.2,0,0,1.2,44.3,286,B81,U111,4,PT,PT1,PT16,PT16I,Olive groves,Agriculture (excluding fallow land and kitchen gardens)
29522200,Yes,,,,,4.6,5.29,2.78,11.6,0,8.3,1.1,130.7,683,C23,U120,2,PT,PT1,PT11,PT11E,Other coniferous woodland,FORESTRY
28622128,Yes,,,,,4.2,4.81,3.61,18,0,28.6,1.7,49.1,777,E30,U420,2,PT,PT1,PT16,PT16J,Spontaneously re-vegetated surfaces,Semi-natural and natural areas not in use
28442182,Yes,,,,,4.7,4.96,51.4,21.7,0,46.9,2.1,291.3,537,B82,U111,2,PT,PT1,PT11,PT11D,Vineyards,Agriculture (excluding fallow land and kitchen gardens)
28502190,Yes,,,,,4.3,4.81,7.7,12.5,0,8.8,1.1,36.7,634,C22,U120,4,PT,PT1,PT11,PT11D,Pine dominated coniferous woodland,FORESTRY
28182148,Yes,,,,,4.4,4.74,2.87,23.7,0,5,1.1,26,588,C22,U120,2,PT,PT1,PT16,PT16G,Pine dominated coniferous woodland,FORESTRY
28542192,Yes,,,,,5.7,6.11,6.52,71.9,0,20.2,2.7,146.1,815,F10,U420,1,PT,PT1,PT11,PT11D,ROCKS AND STONES,Semi-natural and natural areas not in use
28582198,Yes,,,,,4,4.43,11.69,23.9,0,20,1.6,58.2,546,C22,U420,1,PT,PT1,PT11,PT11D,Pine dominated coniferous woodland,Semi-natural and natural areas not in use
29222168,Yes,,,,,4.4,4.96,2.89,10.2,0,0,0.7,36.5,809,D10,U120,4,PT,PT1,PT11,PT11D,Shrubland with sparse tree cover,FORESTRY
29582204,Yes,,,,,4.4,4.95,4.02,20.3,0,18.6,1.8,64.9,769,C10,U410,1,PT,PT1,PT11,PT11E,Broadleaved woodland,Abandoned areas
27662020,Yes,,,,,4.1,4.73,4.01,22.5,0,0,1.1,33.2,273,C10,U120,2,PT,PT1,PT16,PT16I,Broadleaved woodland,FORESTRY
29462178,Yes,,,,,4.3,4.83,4.3,40.6,0,17.3,3.2,98,731,D10,U410,1,PT,PT1,PT11,PT11E,Shrubland with sparse tree cover,Abandoned areas
28962240,Yes,,,,,4.2,4.96,3.48,9.7,0,20,1.1,127.8,720,B74,U111,1,PT,PT1,PT11,PT11B,Nuts trees,Agriculture (excluding fallow land and kitchen gardens)
27061888,Yes,,,,,5.1,5.75,5.3,11.2,0,5.3,0.9,72.1,97,C10,U120,1,PT,PT1,PT18,PT181,Broadleaved woodland,FORESTRY
27202042,Yes,,,,,7.2,7.75,18.87,10,389,13.5,1.3,154.2,127,E20,U111,1,PT,PT1,PT16,PT16F,Grassland without tree/shrub cover,Agriculture (excluding fallow land and kitchen gardens)
27102048,Yes,,,,,4.8,5.54,2.87,3.5,2,0,0.3,76.7,162,C10,U120,1,PT,PT1,PT16,PT16F,Broadleaved woodland,FORESTRY
28462070,Yes,,,,,5.4,6.61,6.81,3.8,0,5,0.8,106.6,453,B16,U111,2,PT,PT1,PT16,PT16J,Maize,Agriculture (excluding fallow land and kitchen gardens)
28462190,Yes,,,,,4.2,4.77,2.24,30.7,0,12.7,1.9,49.3,547,D10,U420,2,PT,PT1,PT11,PT11D,Shrubland with sparse tree cover,Semi-natural and natural areas not in use
28902202,Yes,,,,,4.9,5.41,3.1,5.4,0,7.7,0.8,103,366,B81,U111,3,PT,PT1,PT11,PT11E,Olive groves,Agriculture (excluding fallow land and kitchen gardens)
27862032,Yes,,,,,4.1,4.68,5.19,27.6,0,5.9,2.2,78,749,C22,U120,4,PT,PT1,PT16,PT16H,Pine dominated coniferous woodland,FORESTRY
28122020,Yes,,,,,4.6,5.16,3.47,9.2,0,0,1.4,58.5,225,B81,U410,2,PT,PT1,PT16,PT16H,Olive groves,Abandoned areas
27922046,Yes,,,,,4.2,4.86,5.55,53.2,0,5.1,2.4,75.5,516,C32,U120,3,PT,PT1,PT16,PT16I,Pine dominated mixed woodland,FORESTRY
27722056,Yes,,,,,3.9,4.36,4.89,48.2,0,7.2,2.2,35.3,363,C32,U120,3,PT,PT1,PT16,PT16F,Pine dominated mixed woodland,FORESTRY
28282136,Yes,,,,,4.3,4.72,17.6,86.3,0,24.7,5.9,86.5,595,C32,U120,1,PT,PT1,PT16,PT16G,Pine dominated mixed woodland,FORESTRY
28502140,Yes,,,,,4,4.69,7.09,48.9,0,28.3,2.4,76,748,C22,U120,1,PT,PT1,PT16,PT16G,Pine dominated coniferous woodland,FORESTRY
29282182,Yes,,,,,4.9,5.44,4.57,12.4,0,26.7,1.7,105.9,686,B15,U111,2,PT,PT1,PT11,PT11E,Oats,Agriculture (excluding fallow land and kitchen gardens)
28762198,Yes,,,,,4.2,4.8,3.77,27.7,0,8.1,2,38.7,340,C32,U120,3,PT,PT1,PT11,PT11D,Pine dominated mixed woodland,FORESTRY
26762002,Yes,,,,,6.4,6.66,3.86,3.4,1,8.6,0.4,88.2,50,B72,U111,1,PT,PT1,PT16,PT16B,Pear fruit,Agriculture (excluding fallow land and kitchen gardens)
28362166,Yes,,,,,3.9,4.66,4.59,43.6,0,17.4,1.8,41.7,635,C22,U120,1,PT,PT1,PT11,PT11D,Pine dominated coniferous woodland,FORESTRY
28842200,Yes,,,,,5.4,5.65,9.73,17.4,0,37.1,1.9,264.8,376,B12,U111,2,PT,PT1,PT11,PT11E,Durum wheat,Agriculture (excluding fallow land and kitchen gardens)
28722202,Yes,,,,,4.8,5.35,3.28,14.5,0,17.3,1.5,154,457,D10,U410,3,PT,PT1,PT11,PT11D,Shrubland with sparse tree cover,Abandoned areas
27622062,Yes,,,,,4,4.49,3.16,21.8,0,4.7,1,49.5,369,C10,U120,1,PT,PT1,PT16,PT16F,Broadleaved woodland,FORESTRY
27882010,Yes,,,,,4.3,5.18,2.09,9,0,6.4,1.4,92.4,239,C10,U120,4,PT,PT1,PT18,PT186,Broadleaved woodland,FORESTRY
27722026,Yes,,,,,3.8,4.38,6.94,27.3,0,4.8,1,66,293,C22,U120,3,PT,PT1,PT16,PT16I,Pine dominated coniferous woodland,FORESTRY
28762194,Yes,,,,,5.2,5.73,6,9.6,0,25.6,1.1,355,359,B81,U111,2,PT,PT1,PT11,PT11D,Olive groves,Agriculture (excluding fallow land and kitchen gardens)
28362076,Yes,,,,,4.2,4.8,3.77,30.9,0,9.3,2,73.6,574,C22,U120,2,PT,PT1,PT16,PT16J,Pine dominated coniferous woodland,FORESTRY
27221804,Yes,,,,,5.7,6.08,6.44,11,0,5.5,1.2,42,260,E20,U111,1,PT,PT1,PT18,PT184,Grassland without tree/shrub cover,Agriculture (excluding fallow land and kitchen gardens)
27221750,Yes,,,,,7.1,7.36,20.8,24.4,551,6.4,1.5,237.4,94,D10,U410,1,PT,PT1,PT15,PT150,Shrubland with sparse tree cover,Abandoned areas
27161812,Yes,,,,,6.2,6.52,15.9,15.9,0,13.4,2,27.2,169,E10,U111,1,PT,PT1,PT18,PT184,Grassland with sparse tree/shrub cover,Agriculture (excluding fallow land and kitchen gardens)
27101814,Yes,,,,,5.2,5.74,4.14,12.8,0,5.3,1.7,99.9,197,C10,U120,1,PT,PT1,PT18,PT184,Broadleaved woodland,FORESTRY
26581768,Yes,,,,,6.9,7.24,18.14,24.6,34,24.3,2.9,245.6,67,E20,U111,1,PT,PT1,PT15,PT150,Grassland without tree/shrub cover,Agriculture (excluding fallow land and kitchen gardens)
26841758,Yes,,,,,7.3,7.75,21.5,37.3,11,6.7,1.2,176.3,66,F40,U112,1,PT,PT1,PT15,PT150,OTHER BARE SOIL,Fallow land
26761804,Yes,,,,,4.8,5.49,7.84,18.7,2,5.3,1.4,49.5,186,C10,U120,1,PT,PT1,PT18,PT181,Broadleaved woodland,FORESTRY
27081828,Yes,,,,,5,5.54,4.69,12.1,0,5.5,1.4,43,128,C10,U120,1,PT,PT1,PT18,PT184,Broadleaved woodland,FORESTRY
26841826,Yes,,,,,6.5,6.6,19.95,15.6,9,11.7,1.7,79.3,119,F40,U111,1,PT,PT1,PT18,PT181,OTHER BARE SOIL,Agriculture (excluding fallow land and kitchen gardens)
26601784,Yes,,,,,4.4,5.17,5.37,48,0,5.6,3.3,103.8,97,D10,U120,1,PT,PT1,PT15,PT150,Shrubland with sparse tree cover,FORESTRY
26701780,Yes,,,,,4.4,5.06,6.69,16.4,0,0,1.9,74.4,186,D10,U120,1,PT,PT1,PT15,PT150,Shrubland with sparse tree cover,FORESTRY
26941810,Yes,,,,,4.4,5.13,5.32,25,0,4.1,2.2,101.7,122,C10,U120,1,PT,PT1,PT18,PT181,Broadleaved woodland,FORESTRY
26941804,Yes,,,,,5.3,5.91,4.7,20.5,0,4.1,2,196.7,141,C10,U120,1,PT,PT1,PT18,PT181,Broadleaved woodland,FORESTRY
27321784,Yes,,,,,5.1,5.52,6.37,11.7,0,9.2,1.3,48.1,359,F40,U111,1,PT,PT1,PT18,PT184,OTHER BARE SOIL,Agriculture (excluding fallow land and kitchen gardens)
27281742,Yes,,,,,7.1,7.23,49.2,17.3,3,100.4,1.7,372,32,B76,U111,1,PT,PT1,PT15,PT150,Oranges,Agriculture (excluding fallow land and kitchen gardens)
26761786,Yes,,,,,4.3,4.93,4.38,26.3,0,4.2,2,80.4,372,B75,U111,1,PT,PT1,PT15,PT150,Other fruit trees and berries,Agriculture (excluding fallow land and kitchen gardens)
26821846,Yes,,,,,4.8,5.37,8.2,19.4,0,9.8,2.4,75.7,61,E10,U111,1,PT,PT1,PT18,PT181,Grassland with sparse tree/shrub cover,Agriculture (excluding fallow land and kitchen gardens)
28842092,Yes,,,,,4.3,4.93,2.41,9.9,0,8,0.7,43.5,695,C10,U120,2,PT,PT1,PT16,PT16J,Broadleaved woodland,FORESTRY
28802092,Yes,,,,,4.3,4.99,1.67,4,0,5.5,0.5,93.6,770,D20,U420,2,PT,PT1,PT16,PT16J,Shrubland without tree cover,Semi-natural and natural areas not in use
28902094,Yes,,,,,4.4,4.92,7.05,13.1,0,25.1,1.4,30.7,732,D10,U111,2,PT,PT1,PT16,PT16J,Shrubland with sparse tree cover,Agriculture (excluding fallow land and kitchen gardens)
29022110,Yes,,,,,4.9,5.44,4.22,7.7,0,11.7,0.9,100.6,780,F40,U112,1,PT,PT1,PT16,PT16J,OTHER BARE SOIL,Fallow land
26741814,Yes,,,,,4.9,5.64,6.85,16.8,0,28.1,1.7,103.8,82,E20,U111,1,PT,PT1,PT18,PT181,Grassland without tree/shrub cover,Agriculture (excluding fallow land and kitchen gardens)
26781816,Yes,,,,,4.1,5.27,4.54,25.9,0,0,2.2,86.9,52,C10,U120,1,PT,PT1,PT18,PT181,Broadleaved woodland,FORESTRY
27241816,Yes,,,,,4.7,5.17,12.5,23.1,0,11.7,1.8,80.1,250,E10,U111,1,PT,PT1,PT18,PT184,Grassland with sparse tree/shrub cover,Agriculture (excluding fallow land and kitchen gardens)
26841836,Yes,,,,,5.3,5.86,17.04,34.3,0,13.1,3.7,139.7,157,E20,U111,1,PT,PT1,PT18,PT181,Grassland without tree/shrub cover,Agriculture (excluding fallow land and kitchen gardens)
27201772,Yes,,,,,6.4,6.57,18.13,22.3,3,0,1.9,144.3,517,C10,U120,1,PT,PT1,PT15,PT150,Broadleaved woodland,FORESTRY
26921850,Yes,,,,,5.5,5.84,8.34,12.1,0,7.2,1.2,59.4,110,E20,U111,1,PT,PT1,PT18,PT181,Grassland without tree/shrub cover,Agriculture (excluding fallow land and kitchen gardens)
27181846,Yes,,,,,5.3,5.72,5.35,5.9,0,13,0.7,80.1,77,B81,U111,1,PT,PT1,PT18,PT181,Olive groves,Agriculture (excluding fallow land and kitchen gardens)
27001846,Yes,,,,,4.8,5.45,2.05,4.2,0,4.1,0.4,22,81,C10,U120,1,PT,PT1,PT18,PT181,Broadleaved woodland,FORESTRY
27041840,Yes,,,,,4.3,5.11,2.89,4.7,0,11.9,0.6,22.7,62,E20,U111,1,PT,PT1,PT18,PT181,Grassland without tree/shrub cover,Agriculture (excluding fallow land and kitchen gardens)
26961834,Yes,,,,,5.1,5.62,3.82,13.7,0,4.1,1.2,73.4,99,C10,U120,1,PT,PT1,PT18,PT181,Broadleaved woodland,FORESTRY
27141834,Yes,,,,,5,5.47,5.19,8.3,0,6.4,0.8,46.8,125,E20,U111,1,PT,PT1,PT18,PT184,Grassland without tree/shrub cover,Agriculture (excluding fallow land and kitchen gardens)
26761864,Yes,,,,,4.3,5.25,3.88,6.3,0,0,0.4,56.6,32,C22,U120,1,PT,PT1,PT18,PT181,Pine dominated coniferous woodland,FORESTRY
27781996,Yes,,,,,4.5,4.89,2.04,10.6,0,4.1,0.8,12.2,250,C10,U120,2,PT,PT1,PT16,PT16I,Broadleaved woodland,FORESTRY
27321748,Yes,,,,,7,7.33,22.2,22.4,503,25.3,2.8,404.6,218,B81,U111,1,PT,PT1,PT15,PT150,Olive groves,Agriculture (excluding fallow land and kitchen gardens)
27682000,Yes,,,,,4.6,5.31,3.92,15.7,0,7.8,1.2,42.2,179,C10,U120,4,PT,PT1,PT16,PT16I,Broadleaved woodland,FORESTRY
27182008,Yes,,,,,6.6,6.86,9.43,18.3,2,4.2,1.9,229.8,148,E10,U111,1,PT,PT1,PT18,PT185,Grassland with sparse tree/shrub cover,Agriculture (excluding fallow land and kitchen gardens)
27422006,Yes,,,,,5.3,5.86,3.2,3.4,0,15.3,0.5,41.4,29,B16,U111,1,PT,PT1,PT18,PT185,Maize,Agriculture (excluding fallow land and kitchen gardens)
27301972,Yes,,,,,4.5,5.11,3.78,15,0,11.1,1.1,29.8,117,E20,U111,2,PT,PT1,PT18,PT185,Grassland without tree/shrub cover,Agriculture (excluding fallow land and kitchen gardens)
27101964,Yes,,,,,6.1,6.37,12.31,4.2,0,33.9,0.5,60.8,48,B42,U111,1,PT,PT1,PT18,PT185,Tomatoes,Agriculture (excluding fallow land and kitchen gardens)
27061970,Yes,,,,,6,6.3,10.56,3.7,0,58.4,0.5,45.9,25,B16,U111,1,PT,PT1,PT18,PT185,Maize,Agriculture (excluding fallow land and kitchen gardens)
27302020,Yes,,,,,5.6,5.97,3.88,13.6,0,5.3,1.3,52.6,104,B81,U111,2,PT,PT1,PT16,PT16I,Olive groves,Agriculture (excluding fallow land and kitchen gardens)
27361954,Yes,,,,,4.8,5.23,2.86,5.8,0,0,0.5,23.3,100,E10,U111,1,PT,PT1,PT18,PT185,Grassland with sparse tree/shrub cover,Agriculture (excluding fallow land and kitchen gardens)
26581954,Yes,,,,,7,7.29,28.1,18.4,46,56.5,2.1,505.2,204,E30,U112,1,PT,PT1,PT17,PT170,Spontaneously re-vegetated surfaces,Fallow land
27021938,Yes,,,,,3.6,4.28,3.19,9.4,0,6.6,0.4,23.1,65,C10,U120,1,PT,PT1,PT17,PT170,Broadleaved woodland,FORESTRY
27301980,Yes,,,,,5.9,6.38,3.86,5.7,0,0,0.4,21.7,96,C10,U120,2,PT,PT1,PT18,PT185,Broadleaved woodland,FORESTRY
27121756,Yes,,,,,7.4,7.89,15.72,19.9,744,54.1,2.1,104.6,189,B75,U111,1,PT,PT1,PT15,PT150,Other fruit trees and berries,Agriculture (excluding fallow land and kitchen gardens)
27281760,Yes,,,,,6.9,7.25,17.41,7.7,8,4.1,0.8,42.4,224,D10,U410,1,PT,PT1,PT15,PT150,Shrubland with sparse tree cover,Abandoned areas
27462022,Yes,,,,,5,5.47,10.3,45.3,0,6.2,2.7,135.5,68,C10,U120,1,PT,PT1,PT16,PT16I,Broadleaved woodland,FORESTRY
27382028,Yes,,,,,6.1,6.18,7.54,27.1,0,4.1,1.9,74.1,151,B81,U111,2,PT,PT1,PT16,PT16I,Olive groves,Agriculture (excluding fallow land and kitchen gardens)
27561988,Yes,,,,,4.5,5.26,10.91,38.1,0,10.3,2.5,77.8,197,C10,U120,2,PT,PT1,PT16,PT16I,Broadleaved woodland,FORESTRY
27202006,Yes,,,,,7.3,7.58,16.61,11.7,338,20.7,1.9,156.5,97,B43,U111,1,PT,PT1,PT18,PT185,Other fresh vegetables,Agriculture (excluding fallow land and kitchen gardens)
27422010,Yes,,,,,7.2,7.38,31,10.1,5,31.5,1.3,216.7,25,B16,U111,1,PT,PT1,PT18,PT185,Maize,Agriculture (excluding fallow land and kitchen gardens)
27561980,Yes,,,,,6.4,6.83,5.03,6.5,1,4.4,0.5,27.3,173,C10,U120,1,PT,PT1,PT18,PT185,Broadleaved woodland,FORESTRY
27201962,Yes,,,,,4.2,4.96,3.84,13.5,0,5,0.9,37.1,56,C32,U120,2,PT,PT1,PT18,PT185,Pine dominated mixed woodland,FORESTRY
27481972,Yes,,,,,6.4,6.66,9.85,7.8,2,7.7,0.6,31.3,167,C10,U120,2,PT,PT1,PT18,PT186,Broadleaved woodland,FORESTRY
27001936,Yes,,,,,6.1,6.42,4.16,6.4,0,22.5,0.7,46.5,56,F40,U112,1,PT,PT1,PT17,PT170,OTHER BARE SOIL,Fallow land
27101940,Yes,,,,,5.5,5.81,3.97,10.3,0,17,1,59.7,50,F40,U112,1,PT,PT1,PT17,PT170,OTHER BARE SOIL,Fallow land
27281940,Yes,,,,,4.9,5.46,3.66,11,0,6.6,0.9,61.7,137,C32,U120,1,PT,PT1,PT18,PT187,Pine dominated mixed woodland,FORESTRY
27402038,Yes,,,,,3.6,4.31,4.53,40.4,0,5.3,1.2,34.4,177,C32,U120,1,PT,PT1,PT16,PT16I,Pine dominated mixed woodland,FORESTRY
27241992,Yes,,,,,7.4,7.89,32.8,11.4,19,28.6,1.3,114.7,14,B82,U111,1,PT,PT1,PT18,PT185,Vineyards,Agriculture (excluding fallow land and kitchen gardens)
28642168,Yes,,,,,4.5,5.34,4.77,5,1,8.1,0.8,41.8,565,B81,U111,2,PT,PT1,PT11,PT11D,Olive groves,Agriculture (excluding fallow land and kitchen gardens)
28722166,Yes,,,,,5.4,5.88,3.03,13.6,3,7.6,1.8,41.3,643,D10,U410,3,PT,PT1,PT11,PT11D,Shrubland with sparse tree cover,Abandoned areas
28242240,Yes,,,,,3.5,4.33,3.69,46.6,0,12.2,2.1,26.4,652,C22,U120,2,PT,PT1,PT11,PT119,Pine dominated coniferous woodland,FORESTRY
28602222,Yes,,,,,7,7.32,17.7,34.1,43,88.3,2.3,347.9,691,E10,U410,3,PT,PT1,PT11,PT11B,Grassland with sparse tree/shrub cover,Abandoned areas
28362220,Yes,,,,,6.3,6.44,9.04,19.6,1,16.3,1.6,201.3,220,B82,U111,1,PT,PT1,PT11,PT11B,Vineyards,Agriculture (excluding fallow land and kitchen gardens)
28602240,Yes,,,,,4,4.59,6.16,58.4,1,32.4,3.4,105,871,D10,U120,2,PT,PT1,PT11,PT11B,Shrubland with sparse tree cover,FORESTRY
28642240,Yes,,,,,4.4,4.86,6.22,14.6,1,39.8,1.3,85.5,573,B74,U111,2,PT,PT1,PT11,PT11B,Nuts trees,Agriculture (excluding fallow land and kitchen gardens)
28642250,Yes,,,,,4.5,5.18,3.39,17.8,1,49.4,1.4,86.1,932,E20,U111,1,PT,PT1,PT11,PT11B,Grassland without tree/shrub cover,Agriculture (excluding fallow land and kitchen gardens)
27781794,Yes,,,,,5.2,5.95,3.46,6.2,0,3.8,1,43,100,E20,U111,1,PT,PT1,PT18,PT184,Grassland without tree/shrub cover,Agriculture (excluding fallow land and kitchen gardens)
28602258,Yes,,,,,4.1,5.06,6.6,47.4,1,41.5,3.1,44.1,1084,D20,U420,2,PT,PT1,PT11,PT11B,Shrubland without tree cover,Semi-natural and natural areas not in use
28482206,Yes,,,,,3.9,4.55,2.52,34.9,0,29.3,2.3,44.3,892,D20,U111,2,PT,PT1,PT11,PT11D,Shrubland without tree cover,Agriculture (excluding fallow land and kitchen gardens)
28542246,Yes,,,,,4.1,4.63,4.75,52.2,0,48.4,3.8,50,890,E20,U111,1,PT,PT1,PT11,PT11B,Grassland without tree/shrub cover,Agriculture (excluding fallow land and kitchen gardens)
27782168,Yes,,,,,3.5,4.37,13,112.1,0,19.1,5.3,83.3,348,C10,U120,1,PT,PT1,PT11,PT11A,Broadleaved woodland,FORESTRY
28202160,Yes,,,,,4.3,4.92,3.17,45.2,0,12.2,3.2,35.5,798,F10,U420,1,PT,PT1,PT16,PT16G,ROCKS AND STONES,Semi-natural and natural areas not in use
28042176,Yes,,,,,4.2,4.91,6.88,57.1,0,20.4,5.3,40.5,919,D20,U111,1,PT,PT1,PT11,PT11C,Shrubland without tree cover,Agriculture (excluding fallow land and kitchen gardens)
27462138,Yes,,,,,4.2,5,2.27,3.2,0,3.5,0.2,16.8,19,C22,U120,1,PT,PT1,PT16,PT16D,Pine dominated coniferous woodland,FORESTRY
27782158,Yes,,,,,3.7,4.48,4.76,42.1,0,5.8,2,54.8,335,C10,U120,1,PT,PT1,PT11,PT11A,Broadleaved woodland,FORESTRY
28662242,Yes,,,,,4.6,5,16.93,29.7,0,88.5,2.7,77.6,542,E30,U112,1,PT,PT1,PT11,PT11B,Spontaneously re-vegetated surfaces,Fallow land
27802242,Yes,,,,,4.9,5.16,85.9,28.6,0,26.2,2.7,148.7,40,B16,U111,1,PT,PT1,PT11,PT112,Maize,Agriculture (excluding fallow land and kitchen gardens)
27982224,Yes,,,,,3.9,4.58,8.88,146.2,1,46.1,7.8,74.5,157,C10,U120,2,PT,PT1,PT11,PT119,Broadleaved woodland,FORESTRY
27742276,Yes,,,,,4.3,4.91,16.8,39,1,225.4,3.6,288.1,278,A21,U370,3,PT,PT1,PT11,PT111,Non built-up area features,RESIDENTIAL
27782284,Yes,,,,,5.2,5.48,24.7,29.8,1,81.7,3,178.7,75,D20,U410,1,PT,PT1,PT11,PT111,Shrubland without tree cover,Abandoned areas
27962194,Yes,,,,,4,4.06,27.2,14.5,1,56.1,1.6,165.5,227,B16,U111,1,PT,PT1,PT11,PT11C,Maize,Agriculture (excluding fallow land and kitchen gardens)
28022290,Yes,,,,,6.3,6.56,11.67,19.1,1,28.5,1.5,337.3,117,E20,U370,2,PT,PT1,PT11,PT111,Grassland without tree/shrub cover,RESIDENTIAL
28022250,Yes,,,,,4,4.16,2.55,43.6,0,26.8,3.1,49.2,101,D10,U410,1,PT,PT1,PT11,PT112,Shrubland with sparse tree cover,Abandoned areas
28542210,Yes,,,,,4.6,5.37,1.68,6.7,0,15.2,0.6,23.4,733,D20,U420,3,PT,PT1,PT11,PT11B,Shrubland without tree cover,Semi-natural and natural areas not in use
27962240,Yes,,,,,5.6,5.95,38.9,25.7,2,35,2.3,135.6,120,D20,U420,2,PT,PT1,PT11,PT112,Shrubland without tree cover,Semi-natural and natural areas not in use
28502212,Yes,,,,,3.9,4.58,3.96,39.9,0,14.7,2.3,48.4,1035,D20,U111,3,PT,PT1,PT11,PT11B,Shrubland without tree cover,Agriculture (excluding fallow land and kitchen gardens)
27722242,Yes,,,,,5.1,5.25,8.5,42.5,1,50.2,4.3,427.5,66,B16,U111,1,PT,PT1,PT11,PT112,Maize,Agriculture (excluding fallow land and kitchen gardens)
28062190,Yes,,,,,4.1,4.93,5.55,47.4,0,23.4,3.1,136,277,C10,U120,1,PT,PT1,PT11,PT11C,Broadleaved woodland,FORESTRY
28242186,Yes,,,,,4.2,4.78,3.62,51.9,0,59.9,3.6,113.2,497,D10,U111,3,PT,PT1,PT11,PT11C,Shrubland with sparse tree cover,Agriculture (excluding fallow land and kitchen gardens)
28202196,Yes,,,,,5.3,5.85,3.65,17.2,0,66.4,1.6,110.4,205,E30,U112,1,PT,PT1,PT11,PT11C,Spontaneously re-vegetated surfaces,Fallow land
28282190,Yes,,,,,4.5,5.16,4.21,23.4,0,30.8,2.1,94.6,714,C10,U120,1,PT,PT1,PT11,PT11C,Broadleaved woodland,FORESTRY
28202128,Yes,,,,,5.1,5.51,13.3,16.2,0,17.2,1.8,156.5,372,E10,U111,1,PT,PT1,PT16,PT16G,Grassland with sparse tree/shrub cover,Agriculture (excluding fallow land and kitchen gardens)
27922244,Yes,,,,,4.1,4.29,10.6,16.8,0,107.4,1.9,85.8,35,B16,U111,1,PT,PT1,PT11,PT112,Maize,Agriculture (excluding fallow land and kitchen gardens)
27922124,Yes,,,,,4.6,5.1,4.98,39,2,9.7,2.2,57.9,490,C32,U120,1,PT,PT1,PT16,PT16G,Pine dominated mixed woodland,FORESTRY
28082152,Yes,,,,,4,4.59,6.65,13.8,0,0,0.8,67.3,279,C32,U120,1,PT,PT1,PT16,PT16G,Pine dominated mixed woodland,FORESTRY
27782150,Yes,,,,,6.4,6.54,31.8,26.8,8,4.1,1.6,33.2,320,C10,U120,1,PT,PT1,PT16,PT16D,Broadleaved woodland,FORESTRY
27482128,Yes,,,,,6.9,7.27,6.14,5.1,1,12.1,0.6,31.7,31,E20,U111,1,PT,PT1,PT16,PT16D,Grassland without tree/shrub cover,Agriculture (excluding fallow land and kitchen gardens)
27562136,Yes,,,,,4.4,4.95,10.22,22.2,0,78,1.8,63.8,54,C10,U120,1,PT,PT1,PT16,PT16D,Broadleaved woodland,FORESTRY
27522096,Yes,,,,,7.1,7.36,22.4,12.8,42,110,1.6,71,27,B21,U113,1,PT,PT1,PT16,PT16E,Potatoes,Kitchen gardens
27982170,Yes,,,,,6.6,6.82,25.2,15.6,2,8.5,1.9,109.3,370,E30,U370,1,PT,PT1,PT11,PT11A,Spontaneously re-vegetated surfaces,RESIDENTIAL
27282102,Yes,,,,,4.2,4.89,3.01,10.3,0,4.4,0.8,22.5,61,C10,U120,1,PT,PT1,PT16,PT16E,Broadleaved woodland,FORESTRY
28322176,Yes,,,,,6.2,6.51,8.96,10.4,3,43.8,1.1,135.4,583,E20,U410,1,PT,PT1,PT11,PT11D,Grassland without tree/shrub cover,Abandoned areas
27522114,Yes,,,,,4.5,5.05,3,9.5,0,0,0.5,18.3,78,C22,U120,1,PT,PT1,PT16,PT16E,Pine dominated coniferous woodland,FORESTRY
27642156,Yes,,,,,3,4.07,6.13,64.4,1,18.8,1.9,27.1,36,C10,U120,1,PT,PT1,PT16,PT16D,Broadleaved woodland,FORESTRY
27661792,Yes,,,,,6.1,6.38,4.31,14.7,1,4.4,1.6,50.8,115,D10,U420,1,PT,PT1,PT18,PT184,Shrubland with sparse tree cover,Semi-natural and natural areas not in use
27601794,Yes,,,,,5.8,6.12,6.15,12,2,6.9,1.3,139.8,149,C22,U120,1,PT,PT1,PT18,PT184,Pine dominated coniferous woodland,FORESTRY
27601790,Yes,,,,,6.1,6.32,9.19,17.1,0,20.2,2,162.2,207,E10,U120,1,PT,PT1,PT18,PT184,Grassland with sparse tree/shrub cover,FORESTRY
27701754,Yes,,,,,5.6,6.18,6.04,16.3,1,6.9,1.8,168.2,126,B74,U111,1,PT,PT1,PT15,PT150,Nuts trees,Agriculture (excluding fallow land and kitchen gardens)
27542110,Yes,,,,,7.7,8.04,15.71,10.4,449,5,1.3,209.3,82,B82,U111,1,PT,PT1,PT16,PT16E,Vineyards,Agriculture (excluding fallow land and kitchen gardens)
28022110,Yes,,,,,5,5.53,4.41,33.5,2,8.3,1.7,60.6,274,C10,U120,1,PT,PT1,PT16,PT16G,Broadleaved woodland,FORESTRY
27842206,Yes,,,,,4.3,4.51,9.52,28,0,7.2,2.4,27.5,149,C10,U120,3,PT,PT1,PT11,PT11A,Broadleaved woodland,FORESTRY
28042122,Yes,,,,,3.9,4.64,4.52,21.4,0,5.8,1.8,64.3,306,C22,U120,1,PT,PT1,PT16,PT16G,Pine dominated coniferous woodland,FORESTRY
28102114,Yes,,,,,3.9,4.59,3.35,14.5,0,4.4,0.7,48.4,375,C22,U120,1,PT,PT1,PT16,PT16G,Pine dominated coniferous woodland,FORESTRY
28202116,Yes,,,,,4.7,5.33,4.95,13.2,0,28.2,1.3,91.7,366,E30,U112,1,PT,PT1,PT16,PT16G,Spontaneously re-vegetated surfaces,Fallow land
27802116,Yes,,,,,4.3,4.92,5.27,30.5,0,0,2.4,73.6,203,F40,U120,2,PT,PT1,PT16,PT16E,OTHER BARE SOIL,FORESTRY
27922096,Yes,,,,,4.5,4.97,18.41,29.3,0,10.8,2.5,128.1,260,C10,U420,1,PT,PT1,PT16,PT16E,Broadleaved woodland,Semi-natural and natural areas not in use
27642102,Yes,,,,,7.4,7.75,14.8,16.8,705,5.5,1.6,154.6,63,E20,U111,1,PT,PT1,PT16,PT16E,Grassland without tree/shrub cover,Agriculture (excluding fallow land and kitchen gardens)
26761768,Yes,,,,,7.1,7.56,18.84,38.9,70,49.2,3.8,645.2,12,E10,U111,1,PT,PT1,PT15,PT150,Grassland with sparse tree/shrub cover,Agriculture (excluding fallow land and kitchen gardens)
27902146,Yes,,,,,4.1,4.87,4.14,42.6,0,19.4,3.3,65.3,313,C10,U120,1,PT,PT1,PT16,PT16G,Broadleaved woodland,FORESTRY
28042126,Yes,,,,,5.4,5.92,3.79,4.8,0,44.6,0.6,84.3,391,E30,U111,1,PT,PT1,PT16,PT16G,Spontaneously re-vegetated surfaces,Agriculture (excluding fallow land and kitchen gardens)
28022134,Yes,,,,,3.5,4.19,10.21,60.5,0,27.8,3.1,36.9,506,D20,U420,1,PT,PT1,PT16,PT16G,Shrubland without tree cover,Semi-natural and natural areas not in use
28022146,Yes,,,,,4,4.83,5.28,85.1,0,17.6,4.6,45.5,412,D20,U120,1,PT,PT1,PT16,PT16G,Shrubland without tree cover,FORESTRY
27722128,Yes,,,,,5.8,5.9,43.1,48.5,0,82.1,3.8,67.1,88,C10,U120,1,PT,PT1,PT16,PT16D,Broadleaved woodland,FORESTRY
27402128,Yes,,,,,4.7,5.29,2.9,3.3,0,5.5,0.2,12,19,C22,U120,1,PT,PT1,PT16,PT16E,Pine dominated coniferous woodland,FORESTRY
27562118,Yes,,,,,5.7,5.99,8.75,17,0,71.5,1.5,47.3,87,B21,U111,1,PT,PT1,PT16,PT16D,Potatoes,Agriculture (excluding fallow land and kitchen gardens)
28102100,Yes,,,,,3.4,4.08,7.8,103,0,20.4,5,31.3,374,C22,U120,1,PT,PT1,PT16,PT16E,Pine dominated coniferous woodland,FORESTRY
27882226,Yes,,,,,3.9,4.37,11.52,54.6,2,151.7,3.8,48,202,C10,U120,2,PT,PT1,PT11,PT119,Broadleaved woodland,FORESTRY
27802188,Yes,,,,,4,4.12,125.1,74,0,70.3,6.8,156.1,22,C10,U120,1,PT,PT1,PT11,PT11A,Broadleaved woodland,FORESTRY
27682212,Yes,,,,,4.4,4.63,33.2,19.8,0,53.3,2.5,152,60,B55,U111,1,PT,PT1,PT11,PT11A,Temporary grassland,Agriculture (excluding fallow land and kitchen gardens)
27922190,Yes,,,,,3.8,4.48,7.6,56.9,0,17.9,3.5,28.8,361,C10,U120,1,PT,PT1,PT11,PT11C,Broadleaved woodland,FORESTRY
27902200,Yes,,,,,4.5,4.65,9.2,4.7,0,12.7,0.5,42.8,397,A21,U341,4,PT,PT1,PT11,PT11A,Non built-up area features,Commerce
27822210,Yes,,,,,4.3,4.6,9.45,12.7,0,3.3,1.4,48.5,164,A22,U312,2,PT,PT1,PT11,PT11A,Non built-up linear features,Road transport
27702222,Yes,,,,,4.8,5.11,29.2,34.1,1,148.5,3.3,90.6,72,B16,U111,1,PT,PT1,PT11,PT11A,Maize,Agriculture (excluding fallow land and kitchen gardens)
27922208,Yes,,,,,4.3,4.82,49.1,140.8,1,69,8.5,138.1,308,C10,U120,1,PT,PT1,PT11,PT11C,Broadleaved woodland,FORESTRY
27641752,Yes,,,,,5,5.5,7.45,24.6,0,8,2.5,165.9,175,C10,U120,1,PT,PT1,PT15,PT150,Broadleaved woodland,FORESTRY
27742232,Yes,,,,,3.7,4.36,8.33,103.1,0,18.9,5.1,38.1,150,C10,U120,1,PT,PT1,PT11,PT112,Broadleaved woodland,FORESTRY
27881902,Yes,,,,,5.8,6.18,5.76,10.6,0,4.9,1.1,76.3,240,C10,U120,1,PT,PT1,PT18,PT187,Broadleaved woodland,FORESTRY
27821886,Yes,,,,,4.7,4.77,18.14,8.4,0,39.3,1.1,169.7,193,B81,U111,1,PT,PT1,PT18,PT187,Olive groves,Agriculture (excluding fallow land and kitchen gardens)
27741866,Yes,,,,,5.1,5.67,5.26,20.9,0,5.5,1.7,100.5,353,C10,U120,1,PT,PT1,PT18,PT187,Broadleaved woodland,FORESTRY
28081882,Yes,,,,,6.8,7.05,13.97,11.9,0,32.4,1.4,400.3,209,B81,U111,1,PT,PT1,PT18,PT187,Olive groves,Agriculture (excluding fallow land and kitchen gardens)
27961888,Yes,,,,,5.6,6.06,6.94,10.4,0,8.4,1.1,79.2,270,C10,U120,1,PT,PT1,PT18,PT187,Broadleaved woodland,FORESTRY
28041892,Yes,,,,,5.4,5.8,9.94,22.4,0,15,2.1,133.5,268,C10,U120,1,PT,PT1,PT18,PT187,Broadleaved woodland,FORESTRY
27681762,Yes,,,,,5.4,6.15,3.43,8.4,0,5.5,1.2,100.6,109,B84,U111,1,PT,PT1,PT15,PT150,Permanent industrial crops,Agriculture (excluding fallow land and kitchen gardens)
27901900,Yes,,,,,5.5,5.7,13.4,18.9,0,10.1,1.8,153.9,249,C10,U120,1,PT,PT1,PT18,PT187,Broadleaved woodland,FORESTRY
27341880,Yes,,,,,6.7,6.95,9.37,16.2,0,26.7,1.6,126.4,101,B15,U111,1,PT,PT1,PT18,PT181,Oats,Agriculture (excluding fallow land and kitchen gardens)
27841900,Yes,,,,,5.9,6.17,10.7,10.5,0,29.8,1.1,96.3,211,E20,U111,1,PT,PT1,PT18,PT187,Grassland without tree/shrub cover,Agriculture (excluding fallow land and kitchen gardens)
27981900,Yes,,,,,4.9,5.48,4.98,10,0,10.8,1.1,77.9,293,C10,U120,1,PT,PT1,PT18,PT187,Broadleaved woodland,FORESTRY
28181910,Yes,,,,,5.2,5.49,11.59,14.2,0,26.6,1.7,149.4,251,B18,U111,1,PT,PT1,PT18,PT187,Triticale,Agriculture (excluding fallow land and kitchen gardens)
28101926,Yes,,,,,5.4,5.9,6.59,12.2,0,6.8,1.6,56.8,349,E10,U111,1,PT,PT1,PT18,PT187,Grassland with sparse tree/shrub cover,Agriculture (excluding fallow land and kitchen gardens)
28061934,Yes,,,,,5,5.43,6.81,13,0,10.9,1.5,87,324,E10,U111,1,PT,PT1,PT18,PT187,Grassland with sparse tree/shrub cover,Agriculture (excluding fallow land and kitchen gardens)
28041928,Yes,,,,,5.7,5.92,19.37,63.3,0,73.9,4.9,413.8,408,C10,U120,1,PT,PT1,PT18,PT187,Broadleaved woodland,FORESTRY
28021894,Yes,,,,,5.8,6.19,9.07,19.1,0,22.8,2,210.4,294,B81,U111,1,PT,PT1,PT18,PT187,Olive groves,Agriculture (excluding fallow land and kitchen gardens)
27381902,Yes,,,,,4.7,5.18,4.03,16.7,0,17.4,1.7,92.3,206,C10,U120,1,PT,PT1,PT18,PT187,Broadleaved woodland,FORESTRY
27741890,Yes,,,,,4.6,5.13,7.2,9.5,0,22.5,0.9,58.8,198,E30,U111,1,PT,PT1,PT18,PT187,Spontaneously re-vegetated surfaces,Agriculture (excluding fallow land and kitchen gardens)
27521880,Yes,,,,,6.9,7.36,12.06,20.8,13,4.9,2.3,96.1,319,B81,U111,1,PT,PT1,PT18,PT187,Olive groves,Agriculture (excluding fallow land and kitchen gardens)
27641878,Yes,,,,,5.2,5.83,4.56,7.5,0,9.8,0.9,111.8,224,B54,U111,1,PT,PT1,PT18,PT187,Mix of cereals,Agriculture (excluding fallow land and kitchen gardens)
27661882,Yes,,,,,4.6,5.19,4.24,13.4,0,5.2,1,71,331,C10,U120,1,PT,PT1,PT18,PT187,Broadleaved woodland,FORESTRY
27421902,Yes,,,,,5.1,5.51,10.15,25.5,0,25.5,2.5,125.2,203,E20,U111,1,PT,PT1,PT18,PT187,Grassland without tree/shrub cover,Agriculture (excluding fallow land and kitchen gardens)
27481894,Yes,,,,,4.6,5.19,4.66,20.2,0,11.7,2,72.5,179,C10,U120,1,PT,PT1,PT18,PT187,Broadleaved woodland,FORESTRY
27781884,Yes,,,,,6.6,6.66,12.06,21.5,0,31.3,2.1,128.3,191,B81,U111,1,PT,PT1,PT18,PT187,Olive groves,Agriculture (excluding fallow land and kitchen gardens)
27501892,Yes,,,,,4.8,5.45,4.93,9.3,0,9.5,1,32.8,204,E20,U111,1,PT,PT1,PT18,PT187,Grassland without tree/shrub cover,Agriculture (excluding fallow land and kitchen gardens)
27381884,Yes,,,,,5.9,6.32,5.55,4.6,0,0,0.5,61,167,D10,U410,1,PT,PT1,PT18,PT187,Shrubland with sparse tree cover,Abandoned areas
27281904,Yes,,,,,5,5.49,5.71,12.7,0,5.2,1.2,81.1,154,B15,U111,1,PT,PT1,PT18,PT181,Oats,Agriculture (excluding fallow land and kitchen gardens)
27561862,Yes,,,,,6,6.08,29.5,26.1,1,41.2,2.2,339.5,176,E20,U111,1,PT,PT1,PT18,PT184,Grassland without tree/shrub cover,Agriculture (excluding fallow land and kitchen gardens)
27521862,Yes,,,,,6.9,7.28,11.91,8.2,33,10.7,0.9,136.5,160,E20,U111,1,PT,PT1,PT18,PT184,Grassland without tree/shrub cover,Agriculture (excluding fallow land and kitchen gardens)
27461868,Yes,,,,,4.7,5.32,5.75,9.7,0,9.8,1.1,80.2,137,E20,U111,1,PT,PT1,PT18,PT184,Grassland without tree/shrub cover,Agriculture (excluding fallow land and kitchen gardens)
27461878,Yes,,,,,4.9,5.41,8.7,16.5,0,20.2,1.7,146.8,184,C10,U120,1,PT,PT1,PT18,PT184,Broadleaved woodland,FORESTRY
28401924,Yes,,,,,6.4,6.58,14.79,14.6,0,20.2,1.5,487.5,221,E20,U111,1,PT,PT1,PT18,PT186,Grassland without tree/shrub cover,Agriculture (excluding fallow land and kitchen gardens)
27461892,Yes,,,,,5,5.71,4.66,9.7,0,0,1,60.9,190,C10,U120,1,PT,PT1,PT18,PT187,Broadleaved woodland,FORESTRY
28642190,Yes,,,,,4,4.56,3.37,27.9,0,8.5,1.5,26.9,808,C22,U120,1,PT,PT1,PT11,PT11D,Pine dominated coniferous woodland,FORESTRY
28041942,Yes,,,,,6,6.19,28.9,40.2,0,39.1,4,302.2,235,E20,U111,1,PT,PT1,PT18,PT186,Grassland without tree/shrub cover,Agriculture (excluding fallow land and kitchen gardens)
29342206,Yes,,,,,6.1,6.37,21,12,0,38.3,1.5,259.4,605,B81,U111,2,PT,PT1,PT11,PT11E,Olive groves,Agriculture (excluding fallow land and kitchen gardens)
29382218,Yes,,,,,4.2,5.35,6.07,9.9,0,24.2,1,47.9,801,E30,U112,2,PT,PT1,PT11,PT11E,Spontaneously re-vegetated surfaces,Fallow land
28022034,Yes,,,,,3.7,4.26,6.62,48.6,0,7.1,2.3,93,441,C22,U120,4,PT,PT1,PT16,PT16H,Pine dominated coniferous woodland,FORESTRY
28442146,Yes,,,,,3.7,4.28,7.26,71,0,22.7,4.1,73.4,842,C22,U120,3,PT,PT1,PT16,PT16G,Pine dominated coniferous woodland,FORESTRY
28362148,Yes,,,,,3.9,4.52,3.43,29,0,28.4,1.6,40.7,800,C22,U120,2,PT,PT1,PT16,PT16G,Pine dominated coniferous woodland,FORESTRY
29102206,Yes,,,,,5.9,6.24,9.44,6.6,0,33.6,0.8,56.4,567,B81,U111,2,PT,PT1,PT11,PT11E,Olive groves,Agriculture (excluding fallow land and kitchen gardens)
28842188,Yes,,,,,4.6,5.25,5.42,4.9,0,40.6,0.6,57.5,393,B81,U111,2,PT,PT1,PT11,PT11E,Olive groves,Agriculture (excluding fallow land and kitchen gardens)
29222204,Yes,,,,,6.4,6.5,10.42,40,0,13.5,3.7,111.7,587,E20,U111,1,PT,PT1,PT11,PT11E,Grassland without tree/shrub cover,Agriculture (excluding fallow land and kitchen gardens)
28922200,Yes,,,,,5.8,6.02,14.24,51.4,0,21.1,3.9,331.4,339,C10,U120,4,PT,PT1,PT11,PT11E,Broadleaved woodland,FORESTRY
28902174,Yes,,,,,4.3,4.78,8.24,4.2,0,51.8,0.6,118.4,551,B82,U111,3,PT,PT1,PT11,PT11D,Vineyards,Agriculture (excluding fallow land and kitchen gardens)
28782172,Yes,,,,,5.9,6.25,5.62,6.4,0,31,0.8,73.5,378,B82,U111,4,PT,PT1,PT11,PT11D,Vineyards,Agriculture (excluding fallow land and kitchen gardens)
29042158,Yes,,,,,4.7,5.31,2.92,7.4,0,12.2,1.2,88.8,592,D20,U420,3,PT,PT1,PT11,PT11D,Shrubland without tree cover,Semi-natural and natural areas not in use
28682136,Yes,,,,,5.1,5.64,5.34,8.9,0,20.9,0.9,120.7,672,B81,U111,2,PT,PT1,PT16,PT16J,Olive groves,Agriculture (excluding fallow land and kitchen gardens)
28622164,Yes,,,,,6.5,6.58,25.2,5,1,18.5,0.9,100.3,743,B71,U111,1,PT,PT1,PT11,PT11D,Apple fruit,Agriculture (excluding fallow land and kitchen gardens)
28662146,Yes,,,,,4.6,5.18,2.9,13.7,1,8.1,1,49.8,799,D10,U420,4,PT,PT1,PT16,PT16J,Shrubland with sparse tree cover,Semi-natural and natural areas not in use
28261954,Yes,,,,,6,6.69,9.35,14.4,0,13.4,1.5,101.7,329,B55,U111,1,PT,PT1,PT18,PT186,Temporary grassland,Agriculture (excluding fallow land and kitchen gardens)
27641914,Yes,,,,,5.5,5.73,11.01,22.6,0,10.3,2.1,112.9,303,E20,U111,1,PT,PT1,PT18,PT187,Grassland without tree/shrub cover,Agriculture (excluding fallow land and kitchen gardens)
28201930,Yes,,,,,5.6,6.04,10.34,12.5,0,10.4,1.5,43.9,328,B19,U111,1,PT,PT1,PT18,PT186,Other cereals,Agriculture (excluding fallow land and kitchen gardens)
28241938,Yes,,,,,6.3,6.55,13.16,28.1,0,10.5,2.4,282.8,333,C10,U120,1,PT,PT1,PT18,PT186,Broadleaved woodland,FORESTRY
28321934,Yes,,,,,6.1,6.35,12.93,28.1,0,49.1,2.4,257.2,371,E20,U111,1,PT,PT1,PT18,PT186,Grassland without tree/shrub cover,Agriculture (excluding fallow land and kitchen gardens)
28281952,Yes,,,,,4.4,4.89,10.8,21.1,0,41.6,2.3,92.3,311,E20,U111,1,PT,PT1,PT18,PT186,Grassland without tree/shrub cover,Agriculture (excluding fallow land and kitchen gardens)
28321942,Yes,,,,,6.6,6.76,25.8,29.1,2,113.5,3.1,501.9,273,E20,U111,1,PT,PT1,PT18,PT186,Grassland without tree/shrub cover,Agriculture (excluding fallow land and kitchen gardens)
29082210,Yes,,,,,5.2,5.74,6.91,21.3,0,8.4,2,166.4,558,C10,U120,2,PT,PT1,PT11,PT11E,Broadleaved woodland,FORESTRY
28181964,Yes,,,,,4.8,5.32,5.92,16.5,0,11.2,1.4,81.5,304,E10,U111,1,PT,PT1,PT18,PT186,Grassland with sparse tree/shrub cover,Agriculture (excluding fallow land and kitchen gardens)
28201948,Yes,,,,,5.6,5.78,9.3,21.6,0,20.9,2.3,228.2,284,E20,U111,1,PT,PT1,PT18,PT186,Grassland without tree/shrub cover,Agriculture (excluding fallow land and kitchen gardens)
28261972,Yes,,,,,4.9,5.51,6.48,26.4,0,7.6,2,265.5,592,D10,U420,1,PT,PT1,PT18,PT186,Shrubland with sparse tree cover,Semi-natural and natural areas not in use
28301966,Yes,,,,,4,4.51,9.3,59.7,0,21.3,4.1,104.1,534,C10,U120,1,PT,PT1,PT18,PT186,Broadleaved woodland,FORESTRY
28361986,Yes,,,,,4.6,5.1,7.23,30.1,0,23.7,2.9,102,418,E20,U111,1,PT,PT1,PT18,PT186,Grassland without tree/shrub cover,Agriculture (excluding fallow land and kitchen gardens)
28962222,Yes,,,,,4.6,5.3,2.7,10.7,0,53.6,1,65.9,394,B81,U111,1,PT,PT1,PT11,PT11E,Olive groves,Agriculture (excluding fallow land and kitchen gardens)
29522188,Yes,,,,,5.3,5.86,3.52,6.9,0,16.1,0.9,101.8,747,E20,U111,2,PT,PT1,PT11,PT11E,Grassland without tree/shrub cover,Agriculture (excluding fallow land and kitchen gardens)
29642200,Yes,,,,,4.8,5.44,2.87,5.4,0,18.4,0.7,75.9,791,E30,U111,1,PT,PT1,PT11,PT11E,Spontaneously re-vegetated surfaces,Agriculture (excluding fallow land and kitchen gardens)
28321960,Yes,,,,,4.3,4.84,4.91,31.1,0,18.8,2.4,109.9,398,C10,U120,1,PT,PT1,PT18,PT186,Broadleaved woodland,FORESTRY
27541792,Yes,,,,,5.6,6.1,4.44,7,1,7.1,1.3,48.2,175,E20,U111,1,PT,PT1,PT18,PT184,Grassland without tree/shrub cover,Agriculture (excluding fallow land and kitchen gardens)
27361828,Yes,,,,,6.4,6.56,14.42,39.9,2,11.4,3.3,191.1,192,C10,U120,1,PT,PT1,PT18,PT184,Broadleaved woodland,FORESTRY
27821842,Yes,,,,,7,7.29,8.96,10.3,2,4.7,1.1,305.6,149,B81,U111,1,PT,PT1,PT18,PT184,Olive groves,Agriculture (excluding fallow land and kitchen gardens)
27921848,Yes,,,,,7.6,7.96,16.95,9.2,724,8.8,1.5,130.5,182,B81,U111,1,PT,PT1,PT18,PT184,Olive groves,Agriculture (excluding fallow land and kitchen gardens)
27881848,Yes,,,,,7.7,8.16,13.29,9.2,152,11.1,0.9,210,171,B15,U111,1,PT,PT1,PT18,PT184,Oats,Agriculture (excluding fallow land and kitchen gardens)
28101854,Yes,,,,,6.4,6.43,14.11,21.6,1,7.7,2.4,112.6,201,C10,U120,1,PT,PT1,PT18,PT184,Broadleaved woodland,FORESTRY
28201840,Yes,,,,,5.4,5.84,5.17,15.5,1,6.9,1.8,68.5,234,E10,U111,1,PT,PT1,PT18,PT184,Grassland with sparse tree/shrub cover,Agriculture (excluding fallow land and kitchen gardens)
27821838,Yes,,,,,7.6,7.9,15.39,13,52,27.7,1.5,365,173,B81,U111,1,PT,PT1,PT18,PT184,Olive groves,Agriculture (excluding fallow land and kitchen gardens)
28121858,Yes,,,,,6.1,6.23,5.19,8.3,1,6.8,0.8,71.3,209,C10,U120,1,PT,PT1,PT18,PT184,Broadleaved woodland,FORESTRY
28061866,Yes,,,,,7.7,8.1,10.9,6.9,10,6.9,1.1,80.9,166,B81,U111,1,PT,PT1,PT18,PT187,Olive groves,Agriculture (excluding fallow land and kitchen gardens)
27421780,Yes,,,,,5.7,6.23,5.43,5.3,1,0,0.8,62.5,242,C22,U120,1,PT,PT1,PT15,PT150,Pine dominated coniferous woodland,FORESTRY
27561812,Yes,,,,,6.3,6.63,34.1,9.1,1,7.1,1.2,39.9,173,B11,U111,1,PT,PT1,PT18,PT184,Common wheat,Agriculture (excluding fallow land and kitchen gardens)
27501802,Yes,,,,,5.4,5.78,4.75,7.9,0,10.5,1.1,45.1,177,E20,U111,1,PT,PT1,PT18,PT184,Grassland without tree/shrub cover,Agriculture (excluding fallow land and kitchen gardens)
27401804,Yes,,,,,5.4,5.57,5.17,8.3,0,12.1,1.2,40.3,243,C10,U120,1,PT,PT1,PT18,PT184,Broadleaved woodland,FORESTRY
27541810,Yes,,,,,5.4,6.01,6.55,19.2,0,10.8,2,75.9,168,C22,U120,1,PT,PT1,PT18,PT184,Pine dominated coniferous woodland,FORESTRY
27641896,Yes,,,,,4.6,5.25,3.94,10.9,0,7.9,1.2,45.9,234,B55,U111,1,PT,PT1,PT18,PT187,Temporary grassland,Agriculture (excluding fallow land and kitchen gardens)
28181850,Yes,,,,,5.8,6.1,5.04,12.8,1,6.6,1.1,115.4,217,C22,U120,1,PT,PT1,PT18,PT184,Pine dominated coniferous woodland,FORESTRY
27501780,Yes,,,,,5.7,6.06,3.1,5.9,0,4.4,0.9,66.6,248,B74,U111,1,PT,PT1,PT15,PT150,Nuts trees,Agriculture (excluding fallow land and kitchen gardens)
27801810,Yes,,,,,4.7,5.1,6.62,17.6,0,34,1.8,99.3,221,C10,U120,1,PT,PT1,PT18,PT184,Broadleaved woodland,FORESTRY
27781812,Yes,,,,,4.6,5.13,3.73,10.1,0,6.9,1.4,45.8,177,C10,U120,1,PT,PT1,PT18,PT184,Broadleaved woodland,FORESTRY
27741830,Yes,,,,,7.4,7.78,26.3,7.8,22,7.4,1,191.3,138,B31,U111,1,PT,PT1,PT18,PT184,Sunflower,Agriculture (excluding fallow land and kitchen gardens)
27601758,Yes,,,,,5,5.7,3.57,12.3,0,6.9,1.7,95.4,170,D10,U410,2,PT,PT1,PT15,PT150,Shrubland with sparse tree cover,Abandoned areas
27561764,Yes,,,,,5.9,6.05,9.97,35,0,11.9,2.8,188.4,199,D10,U410,2,PT,PT1,PT15,PT150,Shrubland with sparse tree cover,Abandoned areas
27541756,Yes,,,,,5.1,5.94,3.69,15.6,0,4.6,1.6,145.2,274,D20,U410,1,PT,PT1,PT15,PT150,Shrubland without tree cover,Abandoned areas
27841840,Yes,,,,,6.7,7.27,10.92,11.6,1,6.9,1.1,177,178,B81,U111,1,PT,PT1,PT18,PT184,Olive groves,Agriculture (excluding fallow land and kitchen gardens)
27421762,Yes,,,,,6.4,6.37,19.72,17.9,2,12.4,2,355.6,389,D10,U410,1,PT,PT1,PT15,PT150,Shrubland with sparse tree cover,Abandoned areas
27281838,Yes,,,,,7.2,7.39,12.7,9.3,4,36.8,1.1,402.8,113,B81,U111,1,PT,PT1,PT18,PT184,Olive groves,Agriculture (excluding fallow land and kitchen gardens)
27901822,Yes,,,,,4.7,5.21,5.35,17.6,0,4.9,1.8,64.5,225,E10,U111,1,PT,PT1,PT18,PT184,Grassland with sparse tree/shrub cover,Agriculture (excluding fallow land and kitchen gardens)
27981828,Yes,,,,,5.3,5.81,4.78,8.8,0,5.5,1.1,60,238,B54,U111,1,PT,PT1,PT18,PT184,Mix of cereals,Agriculture (excluding fallow land and kitchen gardens)
27841822,Yes,,,,,6,6.27,13.96,25.4,0,6.9,2.6,98.1,168,E20,U111,1,PT,PT1,PT18,PT184,Grassland without tree/shrub cover,Agriculture (excluding fallow land and kitchen gardens)
27961830,Yes,,,,,5.9,6.45,4.33,7.7,1,13.2,0.9,104,214,B11,U111,1,PT,PT1,PT18,PT184,Common wheat,Agriculture (excluding fallow land and kitchen gardens)
27821832,Yes,,,,,6.9,7.24,7.51,6.5,0,23.1,0.8,236.1,170,B11,U111,1,PT,PT1,PT18,PT184,Common wheat,Agriculture (excluding fallow land and kitchen gardens)
28001832,Yes,,,,,6.6,6.89,6.72,13.8,1,4.4,1.5,223,274,B81,U111,1,PT,PT1,PT18,PT184,Olive groves,Agriculture (excluding fallow land and kitchen gardens)
27421740,Yes,,,,,7.6,7.96,14.74,18,363,4.4,1.5,237.9,64,C10,U120,1,PT,PT1,PT15,PT150,Broadleaved woodland,FORESTRY
27601942,Yes,,,,,6.7,6.95,10.03,17.7,2,9,1.5,90.8,148,C10,U120,1,PT,PT1,PT18,PT187,Broadleaved woodland,FORESTRY
27481828,Yes,,,,,5.6,5.88,5.87,16.9,0,4.6,1.8,64,139,C10,U120,1,PT,PT1,PT18,PT184,Broadleaved woodland,FORESTRY
28041996,Yes,,,,,4.6,5.06,9.42,9.1,1,7.7,0.7,67.5,308,C10,U120,1,PT,PT1,PT18,PT186,Broadleaved woodland,FORESTRY
27921944,Yes,,,,,5.7,6.07,7.95,28,0,17.7,2.5,113.6,245,C10,U120,1,PT,PT1,PT18,PT186,Broadleaved woodland,FORESTRY
28021948,Yes,,,,,5.8,6.07,7.03,11.8,0,17.4,1.2,141.6,239,E20,U111,1,PT,PT1,PT18,PT186,Grassland without tree/shrub cover,Agriculture (excluding fallow land and kitchen gardens)
27981936,Yes,,,,,5.6,5.93,7.3,9.3,0,16.6,1.2,152.8,324,C10,U120,1,PT,PT1,PT18,PT187,Broadleaved woodland,FORESTRY
27881938,Yes,,,,,5.9,6.32,12.41,12.2,0,5.2,1.4,220.4,236,C10,U120,1,PT,PT1,PT18,PT187,Broadleaved woodland,FORESTRY
27981972,Yes,,,,,5.2,5.58,31,11.4,1,13.2,1.2,73,193,C10,U120,1,PT,PT1,PT18,PT186,Broadleaved woodland,FORESTRY
27681946,Yes,,,,,6,6.27,7.49,4.6,1,42.2,0.6,107,110,B19,U111,1,PT,PT1,PT18,PT187,Other cereals,Agriculture (excluding fallow land and kitchen gardens)
28041960,Yes,,,,,5.9,6.32,6.17,13.7,1,29.9,1.5,131.7,253,B13,U111,1,PT,PT1,PT18,PT186,Barley,Agriculture (excluding fallow land and kitchen gardens)
27541930,Yes,,,,,5.4,5.82,3.89,10.1,1,0,1,76.8,220,C10,U120,1,PT,PT1,PT18,PT187,Broadleaved woodland,FORESTRY
27381926,Yes,,,,,5.7,5.99,7.82,13.2,0,7.6,1.2,52.2,191,E20,U111,1,PT,PT1,PT18,PT187,Grassland without tree/shrub cover,Agriculture (excluding fallow land and kitchen gardens)
27361930,Yes,,,,,4.8,5.35,4.01,13.4,0,9.5,1.5,125.1,178,C10,U120,1,PT,PT1,PT18,PT187,Broadleaved woodland,FORESTRY
27561920,Yes,,,,,5.6,6.02,9.4,16.2,0,11.4,1.8,83.3,279,E10,U111,1,PT,PT1,PT18,PT187,Grassland with sparse tree/shrub cover,Agriculture (excluding fallow land and kitchen gardens)
27341920,Yes,,,,,5.9,6.26,6.93,14.6,0,28.5,1.6,151.1,241,E20,U111,1,PT,PT1,PT18,PT187,Grassland without tree/shrub cover,Agriculture (excluding fallow land and kitchen gardens)
27881934,Yes,,,,,4.9,5.58,5.42,8.6,0,8.5,0.9,104.3,257,C10,U120,1,PT,PT1,PT18,PT187,Broadleaved woodland,FORESTRY
27541828,Yes,,,,,6.7,7,7.95,6.4,1,16.9,1,76.1,174,E10,U111,1,PT,PT1,PT18,PT184,Grassland with sparse tree/shrub cover,Agriculture (excluding fallow land and kitchen gardens)
27281850,Yes,,,,,4.5,5.26,4.92,6.6,1,18.5,0.7,99.5,101,E20,U111,1,PT,PT1,PT18,PT184,Grassland without tree/shrub cover,Agriculture (excluding fallow land and kitchen gardens)
27221858,Yes,,,,,4.6,5.24,4.03,7.4,0,8.2,0.8,63.4,80,E10,U111,1,PT,PT1,PT18,PT184,Grassland with sparse tree/shrub cover,Agriculture (excluding fallow land and kitchen gardens)
27401840,Yes,,,,,7.4,7.76,17.61,12.3,21,14.5,1.2,361.9,148,B31,U111,1,PT,PT1,PT18,PT184,Sunflower,Agriculture (excluding fallow land and kitchen gardens)
27481840,Yes,,,,,5.2,5.45,9.91,6.8,0,24.3,0.7,79.6,178,B31,U111,1,PT,PT1,PT18,PT184,Sunflower,Agriculture (excluding fallow land and kitchen gardens)
27461842,Yes,,,,,6.4,6.62,10.17,7.9,1,12.6,0.9,170.1,179,B31,U111,1,PT,PT1,PT18,PT184,Sunflower,Agriculture (excluding fallow land and kitchen gardens)
27701848,Yes,,,,,6,6.33,14.17,9.7,0,54.6,1.1,177.7,183,B81,U111,1,PT,PT1,PT18,PT184,Olive groves,Agriculture (excluding fallow land and kitchen gardens)
27961978,Yes,,,,,4.6,5.23,4.79,11.3,0,16.5,1,77.7,203,E20,U111,1,PT,PT1,PT18,PT186,Grassland without tree/shrub cover,Agriculture (excluding fallow land and kitchen gardens)
27641832,Yes,,,,,7.6,8,12,7,19,14.1,0.9,315.8,177,B31,U111,1,PT,PT1,PT18,PT184,Sunflower,Agriculture (excluding fallow land and kitchen gardens)
27781902,Yes,,,,,5.2,5.61,5.8,10.6,0,13.6,1.2,76.4,240,B81,U111,1,PT,PT1,PT18,PT187,Olive groves,Agriculture (excluding fallow land and kitchen gardens)
27561952,Yes,,,,,5.7,6.12,13.33,8.1,0,11,0.9,61,114,C10,U120,1,PT,PT1,PT18,PT187,Broadleaved woodland,FORESTRY
27921970,Yes,,,,,6.1,6.36,10.52,17.6,2,99.4,2.1,176.5,191,E30,U111,1,PT,PT1,PT18,PT186,Spontaneously re-vegetated surfaces,Agriculture (excluding fallow land and kitchen gardens)
27901972,Yes,,,,,6.6,6.7,123.9,23.2,1,13.6,2.5,94.7,174,E20,U111,1,PT,PT1,PT18,PT186,Grassland without tree/shrub cover,Agriculture (excluding fallow land and kitchen gardens)
27821982,Yes,,,,,4.5,5.23,4.97,13,1,6.3,0.8,57,240,C10,U120,1,PT,PT1,PT18,PT186,Broadleaved woodland,FORESTRY
27901954,Yes,,,,,5.9,6.18,7.46,19,1,28.8,2,130.3,179,B81,U111,1,PT,PT1,PT18,PT186,Olive groves,Agriculture (excluding fallow land and kitchen gardens)
27961960,Yes,,,,,6,6.34,6.01,10.7,1,16.4,1.1,159.5,192,C10,U120,1,PT,PT1,PT18,PT186,Broadleaved woodland,FORESTRY
27721828,Yes,,,,,7.4,7.95,12.91,10.1,108,10.7,1.1,206.3,117,E10,U111,1,PT,PT1,PT18,PT184,Grassland with sparse tree/shrub cover,Agriculture (excluding fallow land and kitchen gardens)
27602150,Yes,,,,,5.2,5.65,110.6,97,0,31.9,6.7,218.1,3,E20,U420,1,PT,PT1,PT16,PT16D,Grassland without tree/shrub cover,Semi-natural and natural areas not in use
27942164,Yes,,,,,3.9,4.6,13.83,81.2,0,24.5,4.6,83.6,682,C10,U120,1,PT,PT1,PT11,PT11A,Broadleaved woodland,FORESTRY
29042168,Yes,,,,,3.7,4.37,8.85,95.4,0,33.2,7.8,39.9,872,D10,U120,1,PT,PT1,PT11,PT11D,Shrubland with sparse tree cover,FORESTRY
28262098,Yes,,,,,3.9,4.34,8.57,66.9,0,34.3,3.7,19.2,827,C22,U120,2,PT,PT1,PT16,PT16J,Pine dominated coniferous woodland,FORESTRY
28262080,Yes,,,,,4.1,4.99,8.52,66.3,0,40.4,4.1,42.5,671,D10,U410,2,PT,PT1,PT16,PT16J,Shrubland with sparse tree cover,Abandoned areas
29182186,Yes,,,,,5.1,5.51,5.55,3.5,0,12.7,0.5,118.8,524,B81,U111,3,PT,PT1,PT11,PT11E,Olive groves,Agriculture (excluding fallow land and kitchen gardens)
27722228,Yes,,,,,4.5,4.74,35.1,36.9,1,145.6,3.5,194.9,59,B16,U111,1,PT,PT1,PT11,PT11A,Maize,Agriculture (excluding fallow land and kitchen gardens)
27762242,Yes,,,,,3.6,4.32,6.44,97.9,1,7.3,3.4,54.2,148,C22,U120,2,PT,PT1,PT11,PT112,Pine dominated coniferous woodland,FORESTRY
27361846,Yes,,,,,7.2,7.63,14.47,9.6,42,19.5,0.9,269.1,174,B81,U111,1,PT,PT1,PT18,PT184,Olive groves,Agriculture (excluding fallow land and kitchen gardens)
27601844,Yes,,,,,6,6.33,6.03,8.1,0,14.6,0.8,133.1,198,B31,U111,1,PT,PT1,PT18,PT184,Sunflower,Agriculture (excluding fallow land and kitchen gardens)
27741908,Yes,,,,,4.9,5.33,4.91,6.2,0,25.2,0.7,58.5,261,E30,U111,1,PT,PT1,PT18,PT187,Spontaneously re-vegetated surfaces,Agriculture (excluding fallow land and kitchen gardens)
27961906,Yes,,,,,6.7,7.03,16.4,3.9,0,22.6,0.5,45.3,265,B82,U111,1,PT,PT1,PT18,PT187,Vineyards,Agriculture (excluding fallow land and kitchen gardens)
28562034,Yes,,,,,6.2,6.55,18.45,12.1,0,38.1,1.5,385.4,217,E20,U111,2,PT,PT1,PT16,PT16H,Grassland without tree/shrub cover,Agriculture (excluding fallow land and kitchen gardens)
28902084,Yes,,,,,5.4,5.84,2.88,7.7,0,4.2,0.7,71,837,E10,U111,1,PT,PT1,PT16,PT16J,Grassland with sparse tree/shrub cover,Agriculture (excluding fallow land and kitchen gardens)
26581792,Yes,,,,,5.4,5.81,14.81,21.9,0,3.4,2.3,150,20,D20,U410,1,PT,PT1,PT15,PT150,Shrubland without tree cover,Abandoned areas
27221822,Yes,,,,,5.9,6.15,7.57,15,1,15.2,1.5,172.3,198,C10,U120,1,PT,PT1,PT18,PT184,Broadleaved woodland,FORESTRY
27381916,Yes,,,,,4.7,5.21,12.33,28.3,0,9.2,2.2,120.2,187,C10,U120,1,PT,PT1,PT18,PT187,Broadleaved woodland,FORESTRY
29342170,Yes,,,,,4.4,5.06,5.02,4.2,0,17.7,0.6,77.2,651,B81,U111,1,PT,PT1,PT11,PT11E,Olive groves,Agriculture (excluding fallow land and kitchen gardens)
