Point_ID,Revisited_point,Coarse,Clay,Sand,Silt,pH(CaCl2),pH(H2O),EC,OC,CaCO3,P,N,K,Elevation,LC1,LU1,Soil_Stones,NUTS_0,NUTS_1,NUTS_2,NUTS_3,LC1_Desc,LU1_Desc
47262606,No,17,8,55,37,3.2,3.66,17.96,134.8,1,31.4,6.7,98,1283,C21,U120,1,SI,SI0,SI03,SI034,Spruce dominated coniferous woodland,FORESTRY
46842602,No,12,22,15,63,5.3,5.6,11.73,54.4,0,8.3,5,180.3,933,E20,U111,1,SI,SI0,SI03,SI034,Grassland without tree/shrub cover,Agriculture (excluding fallow land and kitchen gardens)
46682546,No,38,21,14,65,6.1,6.3,20.7,119.8,4,12,9.7,199,1050,C33,U120,1,SI,SI0,SI04,SI041,Other mixed woodland,FORESTRY
47102628,No,16,7,46,46,3.5,3.92,28.8,220.6,0,23.3,12.5,127.6,1349,C23,U120,1,SI,SI0,SI03,SI033,Other coniferous woodland,FORESTRY
47162614,No,36,15,41,44,3.8,4.12,10.52,58.8,1,24.9,4.2,63.8,892,C21,U120,1,SI,SI0,SI03,SI033,Spruce dominated coniferous woodland,FORESTRY
47242610,No,27,11,39,50,3.3,3.78,13.74,97.4,1,22.3,5,99.8,1217,C31,U120,1,SI,SI0,SI03,SI033,Spruce dominated mixed woodland,FORESTRY
47382606,No,25,9,50,41,4.7,5.08,17.49,41.7,1,24.5,4.2,147.2,997,E20,U111,1,SI,SI0,SI03,SI032,Grassland without tree/shrub cover,Agriculture (excluding fallow land and kitchen gardens)
47442606,No,10,16,34,49,4.4,4.74,9.54,39.5,1,4.4,2.4,88.5,875,C22,U120,2,SI,SI0,SI03,SI032,Pine dominated coniferous woodland,FORESTRY
47302608,No,21,8,51,41,5.3,5.57,17.54,41.7,4,18.8,2.9,76.5,1450,C21,U120,1,SI,SI0,SI03,SI033,Spruce dominated coniferous woodland,FORESTRY
47182610,No,23,14,36,50,3.1,3.56,15.3,125.2,1,18.2,5.1,77.7,915,C21,U120,1,SI,SI0,SI03,SI033,Spruce dominated coniferous woodland,FORESTRY
47442612,No,12,14,32,54,3.8,4.08,11.66,77.9,1,10.7,4.5,87.5,1017,C31,U120,1,SI,SI0,SI03,SI032,Spruce dominated mixed woodland,FORESTRY
46882592,No,38,12,28,59,6.9,7.15,35.4,152.2,105,11.3,6.5,66.3,807,C31,U120,1,SI,SI0,SI03,SI034,Spruce dominated mixed woodland,FORESTRY
46802588,No,13,22,17,60,4.8,5.25,16.79,80.1,1,7.9,7.7,146.1,1427,E20,U111,2,SI,SI0,SI04,SI041,Grassland without tree/shrub cover,Agriculture (excluding fallow land and kitchen gardens)
46762518,No,46,15,22,63,6.8,6.89,41.8,159.7,22,17.9,11.4,98,1172,C33,U120,2,SI,SI0,SI03,SI038,Other mixed woodland,FORESTRY
46302578,No,21,10,66,23,6.4,6.55,13.05,30.7,5,5.5,2.6,43.1,1391,C31,U120,1,SI,SI0,SI04,SI042,Spruce dominated mixed woodland,FORESTRY
46362588,No,8,21,17,61,4.8,5.15,14.61,66.3,1,10,4.5,60.2,1073,C31,U120,2,SI,SI0,SI04,SI042,Spruce dominated mixed woodland,FORESTRY
46702512,No,14,24,15,61,6.4,6.58,18,61.1,10,4.5,3.8,50.8,798,C31,U120,2,SI,SI0,SI03,SI038,Spruce dominated mixed woodland,FORESTRY
46362570,No,10,21,20,59,3.4,3.76,14.34,94.1,2,22.5,7,61.9,1235,D10,U120,1,SI,SI0,SI04,SI042,Shrubland with sparse tree cover,FORESTRY
46562596,No,20,6,69,25,3.3,3.9,27.3,128.2,1,31.2,6.6,263.3,1184,C23,U120,2,SI,SI0,SI04,SI042,Other coniferous woodland,FORESTRY
46882520,No,43,10,41,49,6.7,6.81,68.9,245.1,28,22.1,17.9,183.4,1236,E10,U120,2,SI,SI0,SI03,SI037,Grassland with sparse tree/shrub cover,FORESTRY
46982506,No,21,26,12,62,4,4.44,7.37,39.1,1,3.6,3,74.7,500,C31,U120,1,SI,SI0,SI03,SI037,Spruce dominated mixed woodland,FORESTRY
46622506,No,31,22,21,58,6.7,6.88,22.4,90.6,66,7.2,5.7,92.1,1166,C31,U120,1,SI,SI0,SI03,SI038,Spruce dominated mixed woodland,FORESTRY
46702502,No,51,20,20,60,6.8,7.04,36.7,135.3,51,11.3,8.8,126.3,1241,C10,U120,2,SI,SI0,SI03,SI038,Broadleaved woodland,FORESTRY
46542526,No,37,15,23,62,6.8,6.92,41.1,170.6,63,22,13.1,161.4,1041,C10,U120,3,SI,SI0,SI03,SI038,Broadleaved woodland,FORESTRY
46702596,No,5,4,76,20,4.4,4.8,36.6,441.9,15,63.9,22.4,327.7,1038,C31,U120,2,SI,SI0,SI04,SI042,Spruce dominated mixed woodland,FORESTRY
46082606,No,9,16,20,64,3.6,3.88,14.94,87.4,1,16.9,6.3,88,1288,C21,U120,1,SI,SI0,SI04,SI042,Spruce dominated coniferous woodland,FORESTRY
46122606,No,36,24,21,55,5.3,5.54,12.76,70,2,8.5,4.5,92.3,1320,C31,U120,1,SI,SI0,SI04,SI042,Spruce dominated mixed woodland,FORESTRY
46142604,No,28,30,14,55,5,5.47,7.78,28.8,3,0,2.4,121.6,894,C31,U120,2,SI,SI0,SI04,SI042,Spruce dominated mixed woodland,FORESTRY
46382502,No,28,28,11,62,7,7.24,23.2,62.9,28,17.9,6,158.8,656,E10,U111,1,SI,SI0,SI04,SI044,Grassland with sparse tree/shrub cover,Agriculture (excluding fallow land and kitchen gardens)
46282600,No,14,5,62,33,4,4.49,60.6,432.8,15,45.4,23,368.9,1420,C23,U420,4,SI,SI0,SI04,SI042,Other coniferous woodland,Semi-natural and natural areas not in use
45862576,No,18,18,38,44,7.3,7.92,18.16,20.3,411,0,1.7,31,499,C10,U120,4,SI,SI0,SI04,SI043,Broadleaved woodland,FORESTRY
46542598,No,25,23,19,58,6.7,6.86,37.6,70.7,55,10,4.2,70.6,1387,C23,U120,2,SI,SI0,SI04,SI042,Other coniferous woodland,FORESTRY
46342584,No,10,9,48,42,4.3,4.56,59.6,325.7,3,38.8,15.6,240,1076,C31,U120,4,SI,SI0,SI04,SI042,Spruce dominated mixed woodland,FORESTRY
46282592,No,28,18,18,64,6.2,6.26,39.8,102.9,37,15.1,6.6,133.9,1237,C31,U120,1,SI,SI0,SI04,SI042,Spruce dominated mixed woodland,FORESTRY
46302588,No,15,15,33,51,4.3,4.63,20.2,68.2,1,20.2,4.7,74.5,1244,C21,U120,1,SI,SI0,SI04,SI042,Spruce dominated coniferous woodland,FORESTRY
46182544,No,10,16,17,67,4.8,5.2,19.17,115.3,3,19.5,9.1,131.6,1251,C10,U120,3,SI,SI0,SI04,SI043,Broadleaved woodland,FORESTRY
46402522,No,21,14,48,39,4,4.34,8.86,33.6,0,7.7,2.2,29.8,653,C10,U120,2,SI,SI0,SI03,SI038,Broadleaved woodland,FORESTRY
46082588,No,32,5,61,34,6.3,6.53,78,378.3,107,48.4,19.1,364.9,1320,C32,U420,3,SI,SI0,SI04,SI043,Pine dominated mixed woodland,Semi-natural and natural areas not in use
46222554,No,58,23,17,60,6.7,6.85,37.1,116.9,7,11.2,8.5,154.1,1166,C31,U120,1,SI,SI0,SI04,SI043,Spruce dominated mixed woodland,FORESTRY
46302542,No,42,18,18,64,6,6.22,34.2,124.8,37,10.3,8.5,162.1,1009,C31,U120,1,SI,SI0,SI04,SI043,Spruce dominated mixed woodland,FORESTRY
46242604,No,30,40,8,53,4.7,5.14,9.2,47.5,1,4.8,3.8,206.6,1157,C31,U120,2,SI,SI0,SI04,SI042,Spruce dominated mixed woodland,FORESTRY
47142532,Yes,,,,,4.4,4.95,4.59,15.8,0,3.3,1.4,49.8,493,C10,U120,1,SI,SI0,SI03,SI037,Broadleaved woodland,FORESTRY
47142600,Yes,,,,,6.9,7.1,25.2,36.1,32,17.6,4.1,101.3,477,E20,U111,1,SI,SI0,SI03,SI034,Grassland without tree/shrub cover,Agriculture (excluding fallow land and kitchen gardens)
46962618,Yes,,,,,4.8,5.17,9.52,17.9,1,16.1,1.4,59.4,598,C10,U120,2,SI,SI0,SI03,SI033,Broadleaved woodland,FORESTRY
47602602,Yes,,,,,4.3,4.67,15.98,40.8,0,22.5,4.2,120,250,C31,U120,1,SI,SI0,SI03,SI032,Spruce dominated mixed woodland,FORESTRY
46682514,Yes,,,,,6.4,6.58,19.08,41.4,37,5.2,2.7,66.8,859,C31,U120,4,SI,SI0,SI03,SI038,Spruce dominated mixed woodland,FORESTRY
47082516,Yes,,,,,6.1,6.31,11.8,58.1,2,6.7,4.4,123.1,693,C10,U120,4,SI,SI0,SI03,SI037,Broadleaved woodland,FORESTRY
48102638,Yes,,,,,4,4.45,7.49,28.2,0,11.3,2.3,61.7,209,C10,U120,1,SI,SI0,SI03,SI031,Broadleaved woodland,FORESTRY
46742542,Yes,,,,,6.3,6.74,10.82,38.2,18,3.4,3,53.3,642,E20,U111,1,SI,SI0,SI04,SI041,Grassland without tree/shrub cover,Agriculture (excluding fallow land and kitchen gardens)
47482608,Yes,,,,,5.1,5.53,25.8,29.6,0,74.2,2.1,202.9,702,E20,U111,1,SI,SI0,SI03,SI032,Grassland without tree/shrub cover,Agriculture (excluding fallow land and kitchen gardens)
47222518,Yes,,,,,6.5,6.83,8.09,27.8,1,4.5,2.5,123.9,518,C10,U120,1,SI,SI0,SI03,SI037,Broadleaved woodland,FORESTRY
46982534,Yes,,,,,5.9,6.26,9.13,29.8,0,3.9,2.7,61.4,424,D10,U420,3,SI,SI0,SI04,SI041,Shrubland with sparse tree cover,Semi-natural and natural areas not in use
47302522,Yes,,,,,4.1,4.55,3.65,15.9,0,3.3,1.3,47.8,297,C10,U120,1,SI,SI0,SI03,SI037,Broadleaved woodland,FORESTRY
46422528,Yes,,,,,5.3,5.58,5.54,30.6,0,6.1,3.1,78.6,526,E20,U111,1,SI,SI0,SI03,SI038,Grassland without tree/shrub cover,Agriculture (excluding fallow land and kitchen gardens)
47282530,Yes,,,,,3.9,4.32,5.91,26.1,0,7.6,2.4,68.6,334,C10,U120,1,SI,SI0,SI03,SI037,Broadleaved woodland,FORESTRY
46842534,Yes,,,,,6.9,7.07,25.2,92.4,43,11.3,6.1,272.1,636,C31,U120,1,SI,SI0,SI04,SI041,Spruce dominated mixed woodland,FORESTRY
47402604,Yes,,,,,7.1,7.32,20.4,46.6,33,21,2.6,50.3,683,E20,U111,1,SI,SI0,SI03,SI032,Grassland without tree/shrub cover,Agriculture (excluding fallow land and kitchen gardens)
47302554,Yes,,,,,4.3,4.87,5.17,22,1,0,1.5,96.8,507,C10,U120,1,SI,SI0,SI03,SI036,Broadleaved woodland,FORESTRY
47222554,Yes,,,,,7.3,7.69,16.18,24.3,135,12.5,2.8,136,263,B19,U111,1,SI,SI0,SI03,SI036,Other cereals,Agriculture (excluding fallow land and kitchen gardens)
46902580,Yes,,,,,6.9,7.16,26.3,83,45,17.9,6,139.6,678,C31,U120,2,SI,SI0,SI04,SI041,Spruce dominated mixed woodland,FORESTRY
47182586,Yes,,,,,5.8,6.28,10.49,22.3,0,34,2.5,173.4,270,B43,U111,2,SI,SI0,SI03,SI034,Other fresh vegetables,Agriculture (excluding fallow land and kitchen gardens)
47402582,Yes,,,,,7.1,7.33,16.69,29.8,40,27.3,3.2,141.2,257,B11,U111,1,SI,SI0,SI03,SI034,Common wheat,Agriculture (excluding fallow land and kitchen gardens)
46582576,Yes,,,,,6.5,6.61,12.57,54.7,5,10.2,4.2,136,385,C32,U120,1,SI,SI0,SI04,SI042,Pine dominated mixed woodland,FORESTRY
47082598,Yes,,,,,4,4.38,21.4,74.2,0,55.1,4.2,190.6,477,C31,U120,1,SI,SI0,SI03,SI034,Spruce dominated mixed woodland,FORESTRY
47582608,Yes,,,,,4.8,5.09,30.6,54.3,0,63.5,5.8,164.2,265,E20,U111,1,SI,SI0,SI03,SI032,Grassland without tree/shrub cover,Agriculture (excluding fallow land and kitchen gardens)
47342620,Yes,,,,,4.1,4.52,7.52,28.7,0,37.4,2,73.7,635,C31,U120,1,SI,SI0,SI03,SI032,Spruce dominated mixed woodland,FORESTRY
47202620,Yes,,,,,3.6,4.12,12.63,123.9,0,42,7.7,109.2,642,C31,U120,1,SI,SI0,SI03,SI033,Spruce dominated mixed woodland,FORESTRY
47302630,Yes,,,,,4.6,5.01,12.66,47.2,0,63.5,4.3,79.3,790,E20,U111,1,SI,SI0,SI03,SI033,Grassland without tree/shrub cover,Agriculture (excluding fallow land and kitchen gardens)
47502586,Yes,,,,,4.6,5.04,7.41,19.1,0,12.1,1.7,39,262,C31,U120,1,SI,SI0,SI03,SI034,Spruce dominated mixed woodland,FORESTRY
47022596,Yes,,,,,5.5,5.63,11.93,45,0,33.8,5.1,147.8,467,B71,U111,1,SI,SI0,SI03,SI034,Apple fruit,Agriculture (excluding fallow land and kitchen gardens)
47402590,Yes,,,,,6.6,6.79,20.8,20.8,9,14.1,2.7,95.8,343,E20,U111,1,SI,SI0,SI03,SI034,Grassland without tree/shrub cover,Agriculture (excluding fallow land and kitchen gardens)
46782546,Yes,,,,,6.9,7.05,24.2,81.5,68,33.7,5.8,211,365,E20,U111,1,SI,SI0,SI04,SI041,Grassland without tree/shrub cover,Agriculture (excluding fallow land and kitchen gardens)
47482612,Yes,,,,,4.7,5.15,17.07,41.1,0,25,4.2,85.9,796,E20,U111,1,SI,SI0,SI03,SI032,Grassland without tree/shrub cover,Agriculture (excluding fallow land and kitchen gardens)
47982612,Yes,,,,,5.7,5.98,7.1,17.7,0,6.4,2,159.2,252,C10,U120,1,SI,SI0,SI03,SI032,Broadleaved woodland,FORESTRY
47002510,Yes,,,,,6.5,6.7,10.98,27.8,15,0,2.4,49,657,C10,U120,1,SI,SI0,SI03,SI037,Broadleaved woodland,FORESTRY
47702620,Yes,,,,,3.9,4.33,6.73,15.8,0,9.9,1.3,90.8,294,C31,U120,1,SI,SI0,SI03,SI032,Spruce dominated mixed woodland,FORESTRY
47742614,Yes,,,,,3.9,4.26,6.91,22,0,5.3,1.3,72.7,284,C32,U120,1,SI,SI0,SI03,SI032,Pine dominated mixed woodland,FORESTRY
47762636,Yes,,,,,5.9,6.02,10.48,35.4,0,17.1,4,338.3,223,E20,U111,1,SI,SI0,SI03,SI031,Grassland without tree/shrub cover,Agriculture (excluding fallow land and kitchen gardens)
47702632,Yes,,,,,7.1,7.31,18.25,24.6,26,16.3,2.8,174.6,318,B11,U111,1,SI,SI0,SI03,SI032,Common wheat,Agriculture (excluding fallow land and kitchen gardens)
47842626,Yes,,,,,3.9,4.27,4.17,11.9,0,4.2,0.9,62.5,225,C10,U120,1,SI,SI0,SI03,SI031,Broadleaved woodland,FORESTRY
46122566,Yes,,,,,6.6,6.73,22.4,66.5,2,26.7,6.2,132.3,309,C10,U120,1,SI,SI0,SI04,SI043,Broadleaved woodland,FORESTRY
47722622,Yes,,,,,5.6,5.93,9.85,22.1,0,34.4,2.8,166.8,230,B16,U111,1,SI,SI0,SI03,SI032,Maize,Agriculture (excluding fallow land and kitchen gardens)
46562548,Yes,,,,,4.3,4.82,6.35,28.7,0,14.2,2.4,49.3,378,C31,U120,2,SI,SI0,SI04,SI041,Spruce dominated mixed woodland,FORESTRY
47842612,Yes,,,,,4.4,4.96,7.79,8.5,0,9.1,1.1,147.9,275,B16,U111,2,SI,SI0,SI03,SI032,Maize,Agriculture (excluding fallow land and kitchen gardens)
47822614,Yes,,,,,3.8,4.3,6.8,29.5,0,11.1,2.2,80.9,263,C10,U120,1,SI,SI0,SI03,SI032,Broadleaved woodland,FORESTRY
48022626,Yes,,,,,5.9,6.22,9.64,15.6,0,41.3,1.9,114.7,179,B16,U111,1,SI,SI0,SI03,SI031,Maize,Agriculture (excluding fallow land and kitchen gardens)
47862636,Yes,,,,,4.5,4.83,6.57,15.3,0,95.2,1.9,281.9,202,B18,U111,1,SI,SI0,SI03,SI031,Triticale,Agriculture (excluding fallow land and kitchen gardens)
47922650,Yes,,,,,3.8,4.21,7.05,15.2,0,13.5,1.1,56.4,318,C33,U120,1,SI,SI0,SI03,SI031,Other mixed woodland,FORESTRY
47822632,Yes,,,,,4,4.34,5.76,16.3,0,7.8,1.6,68.5,245,C10,U120,1,SI,SI0,SI03,SI031,Broadleaved woodland,FORESTRY
46622560,Yes,,,,,5.9,6.14,16.24,71.1,11,15.3,4,120.2,339,C31,U120,1,SI,SI0,SI04,SI041,Spruce dominated mixed woodland,FORESTRY
47142568,Yes,,,,,6.9,7.13,19.62,80.7,17,8.8,5.8,106.1,738,C10,U120,2,SI,SI0,SI03,SI035,Broadleaved woodland,FORESTRY
46502590,Yes,,,,,5.6,5.77,12.93,48.7,0,18.9,5.3,136.3,538,E10,U111,1,SI,SI0,SI04,SI042,Grassland with sparse tree/shrub cover,Agriculture (excluding fallow land and kitchen gardens)
46822568,Yes,,,,,5.9,6.1,14.19,60.6,0,8.3,5.8,92.7,448,E20,U111,1,SI,SI0,SI04,SI041,Grassland without tree/shrub cover,Agriculture (excluding fallow land and kitchen gardens)
46682572,Yes,,,,,6,6.28,11.35,30.8,2,42.1,3.3,206.8,339,B71,U111,1,SI,SI0,SI04,SI041,Apple fruit,Agriculture (excluding fallow land and kitchen gardens)
46782568,Yes,,,,,6.3,6.39,28.4,101.2,16,18.1,7.7,161.5,319,C10,U120,2,SI,SI0,SI04,SI041,Broadleaved woodland,FORESTRY
46722576,Yes,,,,,6.1,6.21,28.2,47.9,2,51.2,4.8,166.1,399,E20,U111,1,SI,SI0,SI04,SI041,Grassland without tree/shrub cover,Agriculture (excluding fallow land and kitchen gardens)
47722604,Yes,,,,,5.5,5.95,6.29,13.9,0,34.6,1.5,216.9,232,B16,U111,1,SI,SI0,SI03,SI032,Maize,Agriculture (excluding fallow land and kitchen gardens)
46422568,Yes,,,,,5.5,5.94,6.23,22,0,8.1,2.2,201.8,709,C31,U120,4,SI,SI0,SI04,SI042,Spruce dominated mixed woodland,FORESTRY
46862528,Yes,,,,,5.5,5.78,6.17,24.6,0,6.3,2.8,64.9,537,E20,U111,1,SI,SI0,SI03,SI037,Grassland without tree/shrub cover,Agriculture (excluding fallow land and kitchen gardens)
46462592,Yes,,,,,4.1,4.66,5.87,36,0,9,2.1,105.3,554,C10,U120,1,SI,SI0,SI04,SI042,Broadleaved woodland,FORESTRY
46862582,Yes,,,,,5.3,5.52,17.71,48.6,0,29.7,5,110.2,783,E20,U111,1,SI,SI0,SI04,SI041,Grassland without tree/shrub cover,Agriculture (excluding fallow land and kitchen gardens)
46622588,Yes,,,,,5.4,5.73,10.93,56.2,0,8.1,4,178,612,C21,U120,1,SI,SI0,SI04,SI042,Spruce dominated coniferous woodland,FORESTRY
46642586,Yes,,,,,6.2,6.25,20.1,60.9,2,26.4,7,88.7,689,E20,U111,1,SI,SI0,SI04,SI042,Grassland without tree/shrub cover,Agriculture (excluding fallow land and kitchen gardens)
46402580,Yes,,,,,3.7,4.31,10.51,71,0,33.7,4.7,88.9,923,C33,U120,1,SI,SI0,SI04,SI042,Other mixed woodland,FORESTRY
46282586,Yes,,,,,6.9,7.1,24.3,40.6,27,17.2,4.4,60.8,1034,E20,U111,1,SI,SI0,SI04,SI042,Grassland without tree/shrub cover,Agriculture (excluding fallow land and kitchen gardens)
46502554,Yes,,,,,3.3,3.86,14.1,98,0,39.7,5.8,131.4,549,C10,U120,1,SI,SI0,SI04,SI041,Broadleaved woodland,FORESTRY
47462578,Yes,,,,,7.5,7.99,12.63,19.7,67,5.7,1.1,83.6,357,C10,U120,1,SI,SI0,SI03,SI034,Broadleaved woodland,FORESTRY
47482572,Yes,,,,,5.3,5.75,8.41,34.6,0,9.2,3,259.1,409,C10,U120,1,SI,SI0,SI03,SI034,Broadleaved woodland,FORESTRY
46082542,Yes,,,,,4.3,4.78,6.34,14.4,0,0,2,136.4,90,C10,U120,1,SI,SI0,SI04,SI043,Broadleaved woodland,FORESTRY
46942540,Yes,,,,,5,5.44,7.1,25.6,0,0,2.2,64,413,C10,U120,2,SI,SI0,SI04,SI041,Broadleaved woodland,FORESTRY
47222510,Yes,,,,,7.1,7.25,22,77.8,98,8.4,5.5,356.8,415,C10,U120,2,SI,SI0,SI03,SI037,Broadleaved woodland,FORESTRY
46322514,Yes,,,,,6.7,6.89,32.6,74,27,12.5,7.2,168.3,434,E20,U111,1,SI,SI0,SI04,SI044,Grassland without tree/shrub cover,Agriculture (excluding fallow land and kitchen gardens)
47262562,Yes,,,,,5.9,6.17,5.34,24.8,1,17.8,3,55.5,210,B71,U111,1,SI,SI0,SI03,SI036,Apple fruit,Agriculture (excluding fallow land and kitchen gardens)
47222564,Yes,,,,,4.7,5.15,5.97,23.7,0,7.8,2.7,44.2,237,A30,U319,1,SI,SI0,SI03,SI036,OTHER ARTIFICIAL AREAS," Electricity, gas and thermal power distribution"
47222546,Yes,,,,,3.8,4.15,17.76,21.2,0,0,1.3,51.7,459,C10,U120,1,SI,SI0,SI03,SI037,Broadleaved woodland,FORESTRY
47462548,Yes,,,,,5.5,5.79,8.62,33.1,0,9,3.5,79.2,158,E20,U111,1,SI,SI0,SI03,SI036,Grassland without tree/shrub cover,Agriculture (excluding fallow land and kitchen gardens)
47402564,Yes,,,,,6.8,6.99,23.5,83.6,74,9.3,5.3,157.5,644,C10,U120,2,SI,SI0,SI03,SI036,Broadleaved woodland,FORESTRY
48162630,Yes,,,,,5.9,6.15,9.86,20.3,0,17,2.1,101.8,188,C10,U120,1,SI,SI0,SI03,SI031,Broadleaved woodland,FORESTRY
46822520,Yes,,,,,6.8,6.92,32.4,45.7,44,5.3,4.2,87.6,833,E10,U120,1,SI,SI0,SI03,SI037,Grassland with sparse tree/shrub cover,FORESTRY
46942572,Yes,,,,,7.3,7.6,17.58,92.5,128,8,4,100.9,625,E20,U111,1,SI,SI0,SI04,SI041,Grassland without tree/shrub cover,Agriculture (excluding fallow land and kitchen gardens)
47942654,Yes,,,,,3.8,4.05,11.73,30.3,0,34.4,2.6,54.4,311,C31,U120,1,SI,SI0,SI03,SI031,Spruce dominated mixed woodland,FORESTRY
46422496,Yes,,,,,6.9,7.27,23.5,29.5,164,7.3,2.6,53.1,610,C10,U120,2,SI,SI0,SI04,SI044,Broadleaved woodland,FORESTRY
47962650,Yes,,,,,4.4,4.87,10.72,34.6,0,18.9,2.7,157.2,334,C10,U120,2,SI,SI0,SI03,SI031,Broadleaved woodland,FORESTRY
47822602,Yes,,,,,7.2,7.19,16.58,14.9,296,24.5,2.2,182.6,150,E10,U111,1,SI,SI0,SI03,SI032,Grassland with sparse tree/shrub cover,Agriculture (excluding fallow land and kitchen gardens)
47782620,Yes,,,,,4.4,5.11,9.32,33.6,2,12.8,3.2,77,250,C10,U120,1,SI,SI0,SI03,SI032,Broadleaved woodland,FORESTRY
46402540,Yes,,,,,6.9,7.02,40.6,113.6,67,12.1,7.7,126.1,934,C33,U120,2,SI,SI0,SI04,SI043,Other mixed woodland,FORESTRY
46522512,Yes,,,,,5.8,6.05,18.09,87.2,0,6.9,7.3,263.5,589,E20,U111,1,SI,SI0,SI03,SI038,Grassland without tree/shrub cover,Agriculture (excluding fallow land and kitchen gardens)
46542498,Yes,,,,,7.2,7.55,18.06,21,58,49.4,2,142.1,480,E10,U111,1,SI,SI0,SI03,SI038,Grassland with sparse tree/shrub cover,Agriculture (excluding fallow land and kitchen gardens)
46002576,Yes,,,,,7,7.45,24.7,98.2,307,7.8,4.5,31.7,280,C10,U120,1,SI,SI0,SI04,SI043,Broadleaved woodland,FORESTRY
46062546,Yes,,,,,7.1,7.58,15.28,24.5,54,4.3,2.5,173.1,231,E10,U420,3,SI,SI0,SI04,SI043,Grassland with sparse tree/shrub cover,Semi-natural and natural areas not in use
46202524,Yes,,,,,6.2,6.55,17.52,49.2,4,5.5,4.6,113.3,286,E10,U111,2,SI,SI0,SI04,SI044,Grassland with sparse tree/shrub cover,Agriculture (excluding fallow land and kitchen gardens)
46282550,Yes,,,,,6.1,6.5,9.06,40.1,2,6.5,3.6,93.5,739,E20,U111,1,SI,SI0,SI04,SI043,Grassland without tree/shrub cover,Agriculture (excluding fallow land and kitchen gardens)
47482626,Yes,,,,,4.2,4.47,17.06,70,0,40.5,3.6,41,562,C31,U120,3,SI,SI0,SI03,SI032,Spruce dominated mixed woodland,FORESTRY
47582564,Yes,,,,,6.5,6.72,16.04,59,6,9.1,4.5,62.3,231,C10,U120,4,SI,SI0,SI03,SI034,Broadleaved woodland,FORESTRY
45922586,Yes,,,,,6.1,6.27,47.3,298.4,7,57.3,22.3,381.9,389,C10,U120,1,SI,SI0,SI04,SI043,Broadleaved woodland,FORESTRY
47342596,Yes,,,,,6.1,6.38,30.4,167.7,18,18.8,9.4,131.7,632,C10,U120,2,SI,SI0,SI03,SI034,Broadleaved woodland,FORESTRY
46742566,Yes,,,,,3.5,3.83,29.4,126.1,0,37.1,8.9,76.6,305,C10,U420,1,SI,SI0,SI04,SI041,Broadleaved woodland,Semi-natural and natural areas not in use
46582562,Yes,,,,,7,7.22,23.6,169.3,98,16.2,7.3,58.5,680,C32,U120,1,SI,SI0,SI04,SI041,Pine dominated mixed woodland,FORESTRY
46862586,Yes,,,,,4,4.44,11.58,46.1,0,10.4,3.6,40.9,763,C21,U120,1,SI,SI0,SI03,SI034,Spruce dominated coniferous woodland,FORESTRY
46142582,Yes,,,,,4.9,5.15,168.4,369.4,2,105.2,22,154,777,C10,U120,3,SI,SI0,SI04,SI042,Broadleaved woodland,FORESTRY
46342602,Yes,,,,,6.9,7.12,18.83,107,132,9.2,2.4,69.3,1109,C31,U120,3,SI,SI0,SI04,SI042,Spruce dominated mixed woodland,FORESTRY
46282582,Yes,,,,,5,5.28,13.22,101.4,1,14.9,6.2,79.9,806,C31,U120,2,SI,SI0,SI04,SI042,Spruce dominated mixed woodland,FORESTRY
47382614,Yes,,,,,3.9,4.47,11.21,94.7,0,27.3,5.1,72.1,1187,C33,U120,4,SI,SI0,SI03,SI032,Other mixed woodland,FORESTRY
46202584,Yes,,,,,5.1,5.53,20,116.7,1,14.1,6.5,80.5,773,C31,U120,3,SI,SI0,SI04,SI042,Spruce dominated mixed woodland,FORESTRY
47082562,Yes,,,,,6.9,7.18,42.4,186.7,112,31.2,11.5,110.6,735,C32,U120,1,SI,SI0,SI03,SI035,Pine dominated mixed woodland,FORESTRY
47102574,Yes,,,,,7.2,7.4,35.8,64.2,22,6.8,5.1,117.7,451,C10,U120,1,SI,SI0,SI03,SI035,Broadleaved woodland,FORESTRY
47242494,Yes,,,,,5.1,5.47,6.09,33.8,0,0,3,119.6,251,C10,U120,2,SI,SI0,SI03,SI037,Broadleaved woodland,FORESTRY
