Point_ID,Revisited_point,Coarse,Clay,Sand,Silt,pH(CaCl2),pH(H2O),EC,OC,CaCO3,P,N,K,Elevation,LC1,LU1,Soil_Stones,NUTS_0,NUTS_1,NUTS_2,NUTS_3,LC1_Desc,LU1_Desc
39743148,No,,,,,5.1,5.58,4.64,2.3,0,0,0.2,33.4,40,H11,U420,1,BE,BE2,BE21,BE213,Inland marshes,Semi-natural and natural areas not in use
39543124,No,3,12,70,18,3.5,3.78,23.1,22.4,0,33.1,1.8,169.1,8,B16,U111,1,BE,BE2,BE21,BE212,Maize,Agriculture (excluding fallow land and kitchen gardens)
39483040,No,19,26,12,62,6.9,7.27,22.1,15.2,2,61.3,1.6,451,236,B32,U111,1,BE,BE3,BE35,BE352,Rape and turnip rape,Agriculture (excluding fallow land and kitchen gardens)
39883092,No,9,19,25,56,6.4,6.76,21.1,11.9,0,41.9,1.4,115.5,71,B16,U111,1,BE,BE2,BE22,BE221,Maize,Agriculture (excluding fallow land and kitchen gardens)
39763078,No,11,24,9,66,6.9,7.29,9.67,8.6,0,26.5,1.1,148.1,111,B11,U111,1,BE,BE2,BE22,BE221,Common wheat,Agriculture (excluding fallow land and kitchen gardens)
39963136,No,4,4,74,22,5.2,5.77,10.04,22.2,1,138.8,1.9,163.9,62,B18,U111,1,BE,BE2,BE22,BE222,Triticale,Agriculture (excluding fallow land and kitchen gardens)
40083088,No,8,21,12,67,6.6,6.88,10.75,11.3,0,55.9,1.3,111.6,112,B11,U111,1,BE,BE2,BE22,BE223,Common wheat,Agriculture (excluding fallow land and kitchen gardens)
40163108,No,7,6,69,25,3.8,4.15,8.84,16.7,0,73.9,1.2,43.1,80,C10,U120,1,BE,BE2,BE22,BE222,Broadleaved woodland,FORESTRY
39423106,No,5,15,33,52,6.1,6.46,14.14,9.7,0,32.1,1.2,123,1,B13,U111,1,BE,BE2,BE24,BE241,Barley,Agriculture (excluding fallow land and kitchen gardens)
39683136,No,3,2,86,12,3.2,3.79,6.1,27.4,0,127,2,61.3,21,C22,U120,1,BE,BE2,BE21,BE213,Pine dominated coniferous woodland,FORESTRY
39543150,No,4,4,77,18,3.5,4.1,9.18,18.5,0,0,1.2,44.8,26,C10,U120,1,BE,BE2,BE21,BE213,Broadleaved woodland,FORESTRY
39903096,No,17,18,25,58,7.8,7.99,74.3,36.3,38,122.4,4.1,182.2,-6,B72,U111,1,BE,BE2,BE22,BE223,Pear fruit,Agriculture (excluding fallow land and kitchen gardens)
39763144,No,4,6,68,26,5.9,6.28,30.4,20.9,0,102.2,2.2,549.2,26,B16,U111,1,BE,BE2,BE21,BE213,Maize,Agriculture (excluding fallow land and kitchen gardens)
39883120,No,5,5,69,25,4,4.33,94.8,41.4,0,145.9,4,131.6,68,E20,U111,1,BE,BE2,BE22,BE221,Grassland without tree/shrub cover,Agriculture (excluding fallow land and kitchen gardens)
39803126,No,7,5,74,21,4.2,4.84,7.27,20.2,0,39.1,2,114.8,19,C10,U120,1,BE,BE2,BE21,BE213,Broadleaved woodland,FORESTRY
39783128,No,2,6,66,29,5.1,5.64,13.27,20.1,0,22.2,1.9,112.5,36,E20,U111,1,BE,BE2,BE21,BE213,Grassland without tree/shrub cover,Agriculture (excluding fallow land and kitchen gardens)
39623132,No,18,7,61,32,3.3,3.47,60.6,141.9,0,174.8,8.3,95.4,8,C10,U420,1,BE,BE2,BE21,BE213,Broadleaved woodland,Semi-natural and natural areas not in use
39443132,No,4,9,51,40,4.9,5.26,20.6,14.9,0,82.3,1.5,218.6,5,B74,U111,1,BE,BE2,BE21,BE211,Nuts trees,Agriculture (excluding fallow land and kitchen gardens)
39023088,No,19,22,11,67,6.5,6.83,14.46,10,0,39.2,1.3,136.6,73,B35,U111,1,BE,BE2,BE24,BE241,Other fibre and oleaginous crops,Agriculture (excluding fallow land and kitchen gardens)
39363034,No,9,23,10,67,3.8,3.89,14.48,18.6,0,6.4,1.3,71.8,262,C10,U120,1,BE,BE3,BE35,BE353,Broadleaved woodland,FORESTRY
39123144,No,8,21,46,34,7.1,7.32,32.4,15.7,8,49,1.8,163.1,12,B23,U111,1,BE,BE2,BE23,BE236,Other root crops,Agriculture (excluding fallow land and kitchen gardens)
38803134,No,9,8,59,32,4.8,5.08,33.4,14.5,1,77.7,1.7,49.4,4,B55,U111,1,BE,BE2,BE23,BE234,Temporary grassland,Agriculture (excluding fallow land and kitchen gardens)
39743134,No,3,4,81,15,4.6,4.9,25.6,15.3,0,47.6,1.6,34.4,12,B55,U111,1,BE,BE2,BE21,BE213,Temporary grassland,Agriculture (excluding fallow land and kitchen gardens)
38983092,No,12,19,16,64,5.1,5.62,14.68,13.3,0,34,1.6,297.2,55,E20,U111,1,BE,BE2,BE23,BE231,Grassland without tree/shrub cover,Agriculture (excluding fallow land and kitchen gardens)
39523026,No,25,26,9,64,6.9,7.12,32.2,18,1,47.5,2.2,220.4,197,B16,U111,2,BE,BE3,BE35,BE351,Maize,Agriculture (excluding fallow land and kitchen gardens)
39583054,No,14,12,36,52,6.9,7.17,51.8,91.6,54,68.5,5.4,442.2,158,E10,U362,1,BE,BE3,BE35,BE352,Grassland with sparse tree/shrub cover,Sport
39583032,No,12,25,9,66,4.4,5.13,10.08,18.6,0,6.9,2,79,181,C10,U120,1,BE,BE3,BE35,BE351,Broadleaved woodland,FORESTRY
39283020,No,28,37,10,53,5.6,5.96,31.8,38,0,37.9,4.2,100.9,214,E20,U111,1,BE,BE3,BE35,BE353,Grassland without tree/shrub cover,Agriculture (excluding fallow land and kitchen gardens)
39563112,No,5,14,53,33,4.7,5.3,15.36,27.9,0,54.4,2.9,75.8,21,E20,U111,1,BE,BE2,BE24,BE242,Grassland without tree/shrub cover,Agriculture (excluding fallow land and kitchen gardens)
39703092,No,18,26,15,59,6.5,6.83,21.3,16.7,1,82.8,2.1,297,30,B16,U111,1,BE,BE2,BE24,BE242,Maize,Agriculture (excluding fallow land and kitchen gardens)
39303122,No,11,21,43,37,6.9,7.3,26.1,33.9,38,232.3,2.3,426.2,0,B16,U111,1,BE,BE2,BE21,BE212,Maize,Agriculture (excluding fallow land and kitchen gardens)
39303086,No,10,20,9,71,3.5,4.09,7.74,17.6,0,0,1.2,56.6,68,C10,U120,1,BE,BE2,BE24,BE241,Broadleaved woodland,FORESTRY
40163114,No,5,7,56,37,3.5,4.07,17.44,34.4,0,30,2.3,71.8,82,C10,U120,1,BE,BE2,BE22,BE222,Broadleaved woodland,FORESTRY
39623104,No,10,27,33,39,4.2,4.88,13.57,36.2,0,7.1,3.2,413,32,C10,U120,1,BE,BE2,BE24,BE242,Broadleaved woodland,FORESTRY
38803102,No,8,18,16,66,6.8,7.02,39.1,8.6,0,99.2,1.2,287,62,B22,U111,1,BE,BE2,BE23,BE235,Sugar beet,Agriculture (excluding fallow land and kitchen gardens)
38883110,No,6,14,30,56,5.9,6.3,22.7,8.9,0,45.6,1.1,95.7,44,B16,U111,1,BE,BE2,BE23,BE234,Maize,Agriculture (excluding fallow land and kitchen gardens)
38743106,No,8,16,26,58,6.7,7.12,28.1,11.4,3,105.6,1.2,226,17,B16,U111,1,BE,BE2,BE23,BE235,Maize,Agriculture (excluding fallow land and kitchen gardens)
38883118,No,2,6,75,19,4,4.78,5.1,15.8,0,104.9,1.4,65.6,12,B16,U111,1,BE,BE2,BE23,BE234,Maize,Agriculture (excluding fallow land and kitchen gardens)
39063124,No,3,6,66,27,5.9,6.21,13.26,16.6,0,85.1,1.7,54.5,21,B11,U111,1,BE,BE2,BE23,BE232,Common wheat,Agriculture (excluding fallow land and kitchen gardens)
38903114,No,3,9,67,24,5.1,5.62,27.3,15.5,0,126.8,1.6,252.3,9,E20,U111,1,BE,BE2,BE23,BE232,Grassland without tree/shrub cover,Agriculture (excluding fallow land and kitchen gardens)
38943130,No,8,12,26,62,4.9,5.47,12.45,34.1,0,42.6,3.7,100,2,B16,U111,1,BE,BE2,BE23,BE234,Maize,Agriculture (excluding fallow land and kitchen gardens)
38703124,No,4,7,64,28,5.5,5.96,14.43,13.2,0,63.5,1.3,48.1,3,F40,U113,1,BE,BE2,BE23,BE234,OTHER BARE SOIL,Kitchen gardens
38743146,No,3,3,88,9,5.7,6.19,20.5,13.8,0,118.6,1.5,237.5,28,B16,U111,1,BE,BE2,BE23,BE233,Maize,Agriculture (excluding fallow land and kitchen gardens)
39743098,No,10,17,22,61,6.5,6.85,28.8,16.6,0,153.2,1.8,521.8,39,B16,U111,1,BE,BE2,BE24,BE242,Maize,Agriculture (excluding fallow land and kitchen gardens)
39942982,No,21,22,15,62,5.6,5.92,24.8,31.9,1,71.9,3.7,126.3,424,E20,U111,1,BE,BE3,BE34,BE344,Grassland without tree/shrub cover,Agriculture (excluding fallow land and kitchen gardens)
39243002,No,13,26,14,60,3.7,3.83,21.3,31.9,0,0,1.8,46.6,357,C10,U120,1,BE,BE3,BE35,BE353,Broadleaved woodland,FORESTRY
39603074,No,10,24,11,65,6.2,6.47,35.1,10.9,0,89.1,1.5,162,132,B21,U111,1,BE,BE3,BE31,BE310,Potatoes,Agriculture (excluding fallow land and kitchen gardens)
38643070,No,11,20,16,64,6.4,6.84,12.69,12.9,0,45.8,1.5,177.3,58,F40,U111,1,BE,BE3,BE32,BE327,OTHER BARE SOIL,Agriculture (excluding fallow land and kitchen gardens)
38583072,No,13,21,21,57,7.3,7.75,21.1,25.6,21,47.9,1.7,393.6,49,B11,U111,1,BE,BE3,BE32,BE327,Common wheat,Agriculture (excluding fallow land and kitchen gardens)
38563082,No,17,19,22,59,7,7.44,21.3,9.7,1,82.7,1.2,246.2,70,B11,U111,1,BE,BE3,BE32,BE327,Common wheat,Agriculture (excluding fallow land and kitchen gardens)
38723078,No,13,21,12,66,6.1,6.49,13.73,10.5,0,45.9,1.3,251.9,67,B41,U111,1,BE,BE3,BE32,BE321,Dry pulses,Agriculture (excluding fallow land and kitchen gardens)
39083042,No,11,27,8,65,6,6.5,9.3,11.4,0,42.7,1.2,165.4,194,B16,U111,1,BE,BE3,BE32,BE326,Maize,Agriculture (excluding fallow land and kitchen gardens)
39303054,No,20,26,11,63,6.2,6.8,19.38,24.8,0,97.4,2.1,359.5,188,B11,U111,1,BE,BE3,BE32,BE322,Common wheat,Agriculture (excluding fallow land and kitchen gardens)
39283056,No,13,22,16,62,5.8,6.27,14.39,16.3,0,47,1.4,124.7,161,B16,U111,1,BE,BE3,BE32,BE322,Maize,Agriculture (excluding fallow land and kitchen gardens)
39263060,No,11,19,19,62,6.7,7.14,12.39,26.1,3,95.5,2.2,189.6,155,B11,U111,1,BE,BE3,BE32,BE322,Common wheat,Agriculture (excluding fallow land and kitchen gardens)
38283100,No,3,12,67,21,5.2,5.62,25.7,7.6,0,102.5,0.9,252.8,33,B21,U111,1,BE,BE3,BE32,BE324,Potatoes,Agriculture (excluding fallow land and kitchen gardens)
38363144,No,20,21,14,65,4.5,5.03,49.2,41.3,0,91.8,4.5,324.7,16,E20,U111,1,BE,BE2,BE25,BE255,Grassland without tree/shrub cover,Agriculture (excluding fallow land and kitchen gardens)
39123076,No,12,19,17,64,4.5,4.85,40.6,24.5,1,39.4,2.7,125.8,85,C10,U120,1,BE,BE3,BE31,BE310,Broadleaved woodland,FORESTRY
39223078,No,11,22,16,61,6.3,6.61,15.76,10.9,1,34.3,1.4,204.1,139,B16,U111,1,BE,BE3,BE31,BE310,Maize,Agriculture (excluding fallow land and kitchen gardens)
39423074,No,15,23,11,67,6.4,6.89,10.42,13.1,1,79.4,1.6,341,163,B32,U111,1,BE,BE3,BE31,BE310,Rape and turnip rape,Agriculture (excluding fallow land and kitchen gardens)
39583078,No,12,19,33,48,7.4,7.86,24.3,9.8,4,70.9,1.3,253.7,120,B11,U111,1,BE,BE3,BE31,BE310,Common wheat,Agriculture (excluding fallow land and kitchen gardens)
39563098,No,7,19,22,59,6.6,6.96,17.49,10.3,1,87.3,1.3,179.6,110,B35,U111,1,BE,BE2,BE24,BE242,Other fibre and oleaginous crops,Agriculture (excluding fallow land and kitchen gardens)
39802996,No,15,30,12,58,5.2,5.82,21.9,19.5,0,39.4,2.4,235.3,385,B13,U111,1,BE,BE3,BE34,BE344,Barley,Agriculture (excluding fallow land and kitchen gardens)
39862992,No,12,15,30,54,3.2,3.68,21.4,117.4,0,31.9,5,49.2,429,C21,U120,1,BE,BE3,BE34,BE344,Spruce dominated coniferous woodland,FORESTRY
40043010,No,20,27,14,59,4.8,5.13,50.2,32,0,68.9,4.1,280.8,423,B16,U111,1,BE,BE3,BE34,BE343,Maize,Agriculture (excluding fallow land and kitchen gardens)
40082970,No,24,29,16,54,3.5,3.84,12.41,52.5,0,14.7,3.2,55.9,464,C10,U120,1,BE,BE3,BE34,BE345,Broadleaved woodland,FORESTRY
38943054,No,4,8,60,32,4.9,5.53,11.31,27.5,0,30.6,2.4,59.6,119,E20,U111,1,BE,BE3,BE32,BE323,Grassland without tree/shrub cover,Agriculture (excluding fallow land and kitchen gardens)
38163110,No,5,14,31,55,6,6.33,41.1,27.2,0,113.5,3.1,497.6,9,E30,U420,1,BE,BE2,BE25,BE253,Spontaneously re-vegetated surfaces,Semi-natural and natural areas not in use
38483156,No,7,2,93,5,7.3,7.93,12.08,6.4,53,0,0.6,45.3,3,E30,U420,1,BE,BE2,BE25,BE251,Spontaneously re-vegetated surfaces,Semi-natural and natural areas not in use
38723068,No,9,18,18,64,6.8,7.1,30.5,14,1,66.9,1.7,238.1,79,B21,U111,1,BE,BE3,BE32,BE321,Potatoes,Agriculture (excluding fallow land and kitchen gardens)
38463106,No,9,15,43,42,6.3,6.69,20.3,8.6,0,93.9,1.1,275.5,22,B21,U111,1,BE,BE2,BE25,BE254,Potatoes,Agriculture (excluding fallow land and kitchen gardens)
38843066,No,8,20,19,60,6.2,6.49,39.5,11.7,0,59.5,1.4,412.3,89,B21,U111,1,BE,BE3,BE32,BE323,Potatoes,Agriculture (excluding fallow land and kitchen gardens)
38403112,No,5,12,55,32,5.7,6.11,25.8,9.2,0,112.7,1.1,342.8,30,F40,U112,1,BE,BE2,BE25,BE256,OTHER BARE SOIL,Fallow land
38483134,No,4,5,68,27,3.4,3.8,14.52,27.6,0,24.6,2,35.3,12,C10,U120,1,BE,BE2,BE25,BE251,Broadleaved woodland,FORESTRY
38483116,No,5,11,63,26,6.9,7.08,13.76,8.6,6,102.9,0.9,124.9,17,B23,U111,1,BE,BE2,BE25,BE257,Other root crops,Agriculture (excluding fallow land and kitchen gardens)
38523136,No,5,13,53,34,5,5.61,19.42,12,0,62.2,1.3,79,0,B16,U111,1,BE,BE2,BE25,BE251,Maize,Agriculture (excluding fallow land and kitchen gardens)
38383118,No,7,14,47,38,6.1,6.36,46.5,10.1,0,134.4,1.3,391.2,35,B43,U111,1,BE,BE2,BE25,BE256,Other fresh vegetables,Agriculture (excluding fallow land and kitchen gardens)
38383124,No,7,16,46,38,6.2,6.6,16.91,10.8,0,109.9,1.4,184.5,23,B41,U111,1,BE,BE2,BE25,BE256,Dry pulses,Agriculture (excluding fallow land and kitchen gardens)
38083128,No,21,22,37,41,7.2,7.63,20.8,15.7,32,91.8,1.9,293,-1,B16,U111,1,BE,BE2,BE25,BE258,Maize,Agriculture (excluding fallow land and kitchen gardens)
38203142,No,31,39,14,47,7.3,7.79,24.2,19.2,44,21.2,2.3,611.8,0,B11,U111,1,BE,BE2,BE25,BE255,Common wheat,Agriculture (excluding fallow land and kitchen gardens)
38223144,No,33,43,13,44,7.4,7.91,22.4,4.5,246,20.6,2.1,399.7,1,B35,U111,1,BE,BE2,BE25,BE255,Other fibre and oleaginous crops,Agriculture (excluding fallow land and kitchen gardens)
38443098,No,17,15,40,45,5.4,6.06,11,15,0,82.6,1.6,261.9,26,C10,U420,1,BE,BE2,BE25,BE254,Broadleaved woodland,Semi-natural and natural areas not in use
40123032,Yes,,,,,3.3,3.98,25.8,115.9,0,40,5.4,118.8,459,C21,U120,2,BE,BE3,BE34,BE343,Spruce dominated coniferous woodland,FORESTRY
39263086,Yes,,,,,3.4,3.97,9.91,29.9,0,30.1,1.7,67.7,134,C10,U120,1,BE,BE2,BE24,BE241,Broadleaved woodland,FORESTRY
40603048,Yes,,,,,3.4,3.99,21,144,0,52.3,7.5,88.6,612,C10,U120,1,BE,BE3,BE33,BE336,Broadleaved woodland,FORESTRY
40423056,Yes,,,,,4,4.46,86.5,195.3,2,51,10.9,162.4,499,C21,U120,1,BE,BE3,BE33,BE335,Spruce dominated coniferous woodland,FORESTRY
40363052,Yes,,,,,4.8,5.09,87.9,69.9,0,35.3,5.9,93.9,465,E20,U111,1,BE,BE3,BE33,BE335,Grassland without tree/shrub cover,Agriculture (excluding fallow land and kitchen gardens)
40243026,Yes,,,,,3.5,3.91,37.6,176.3,0,57.3,11.2,163.6,479,C10,U370,1,BE,BE3,BE33,BE335,Broadleaved woodland,RESIDENTIAL
38603088,Yes,,,,,7.3,7.81,23.09,16,27,99.9,1.4,232.4,17,B11,U111,2,BE,BE3,BE32,BE327,Common wheat,Agriculture (excluding fallow land and kitchen gardens)
39003046,Yes,,,,,7.2,7.57,10.23,6.1,1,60.5,1,139.3,134,B13,U111,1,BE,BE3,BE32,BE326,Barley,Agriculture (excluding fallow land and kitchen gardens)
39063046,Yes,,,,,6.3,6.64,19.59,15.3,1,70.5,1.8,263.4,168,B22,U111,1,BE,BE3,BE32,BE326,Sugar beet,Agriculture (excluding fallow land and kitchen gardens)
39642992,Yes,,,,,4.2,4.5,59.1,64.5,0,26.1,5.5,136.5,399,C21,U120,1,BE,BE3,BE35,BE351,Spruce dominated coniferous woodland,FORESTRY
39563076,Yes,,,,,6.7,7.08,35.1,11,1,92.4,1.5,296.8,132,B21,U111,1,BE,BE3,BE31,BE310,Potatoes,Agriculture (excluding fallow land and kitchen gardens)
38863068,Yes,,,,,6.8,7.12,15.6,12.3,1,65.5,1.4,215.1,77,B11,U111,1,BE,BE3,BE32,BE323,Common wheat,Agriculture (excluding fallow land and kitchen gardens)
39863070,Yes,,,,,5.6,5.98,13.9,18.8,0,50.4,1.8,89.6,150,B11,U111,1,BE,BE3,BE33,BE334,Common wheat,Agriculture (excluding fallow land and kitchen gardens)
38263134,Yes,,,,,6.4,6.67,29.7,18,1,74.2,2.1,86.5,20,B43,U111,1,BE,BE2,BE25,BE252,Other fresh vegetables,Agriculture (excluding fallow land and kitchen gardens)
40103044,Yes,,,,,4,4.29,22.8,51.6,0,28.4,4.1,126.4,249,C10,U120,1,BE,BE3,BE33,BE331,Broadleaved woodland,FORESTRY
39783064,Yes,,,,,6.7,7.06,15.57,15.2,1,43.4,1.8,162,153,B35,U111,1,BE,BE3,BE33,BE331,Other fibre and oleaginous crops,Agriculture (excluding fallow land and kitchen gardens)
40203054,Yes,,,,,3.2,3.74,28.6,191.2,0,48.1,9.4,112.1,307,C21,U120,1,BE,BE3,BE33,BE332,Spruce dominated coniferous woodland,FORESTRY
40003082,Yes,,,,,6.7,6.97,30,22.6,2,97.5,2.4,228.1,111,B16,U111,1,BE,BE2,BE22,BE223,Maize,Agriculture (excluding fallow land and kitchen gardens)
40603038,Yes,,,,,4.6,4.98,56.4,170.8,3,36.2,13,142.7,621,E30,U420,1,BE,BE3,BE33,BE336,Spontaneously re-vegetated surfaces,Semi-natural and natural areas not in use
39883048,Yes,,,,,6.5,6.82,16.27,17.3,2,88.2,2.2,288.9,256,B22,U111,1,BE,BE3,BE33,BE331,Sugar beet,Agriculture (excluding fallow land and kitchen gardens)
38203100,Yes,,,,,6.3,6.54,31,9.5,0,42.7,1.4,149.7,54,B16,U111,1,BE,BE2,BE25,BE253,Maize,Agriculture (excluding fallow land and kitchen gardens)
38583090,Yes,,,,,7.1,7.59,19.74,12.3,14,102.4,1.7,274.9,24,B22,U111,1,BE,BE3,BE32,BE327,Sugar beet,Agriculture (excluding fallow land and kitchen gardens)
38463096,Yes,,,,,6.5,6.77,22.9,10.9,0,67,1.4,127.8,37,B16,U111,1,BE,BE2,BE25,BE254,Maize,Agriculture (excluding fallow land and kitchen gardens)
38143104,Yes,,,,,5.9,6.39,11.75,10.1,0,49.4,1.3,168.2,31,B11,U111,1,BE,BE2,BE25,BE253,Common wheat,Agriculture (excluding fallow land and kitchen gardens)
38103106,Yes,,,,,5.4,5.65,43.8,9.2,0,36.8,1.3,213,31,B21,U111,1,BE,BE2,BE25,BE253,Potatoes,Agriculture (excluding fallow land and kitchen gardens)
38543122,Yes,,,,,6.4,6.83,12.05,8.7,0,106.5,1.2,221.1,34,B22,U111,1,BE,BE2,BE25,BE257,Sugar beet,Agriculture (excluding fallow land and kitchen gardens)
38523118,Yes,,,,,6.3,6.5,21.2,39.8,1,62.4,3.9,180.2,27,E20,U111,1,BE,BE2,BE25,BE257,Grassland without tree/shrub cover,Agriculture (excluding fallow land and kitchen gardens)
38083120,Yes,,,,,6.3,6.62,24.9,14.9,1,124.7,1.9,230.8,7,B43,U111,1,BE,BE2,BE25,BE258,Other fresh vegetables,Agriculture (excluding fallow land and kitchen gardens)
38043130,Yes,,,,,7.2,7.65,26.5,11.6,65,41.3,1.5,144.5,-2,B35,U111,1,BE,BE2,BE25,BE258,Other fibre and oleaginous crops,Agriculture (excluding fallow land and kitchen gardens)
38543096,Yes,,,,,6.2,6.46,36.7,22.1,1,74.9,2.4,198,56,E20,U111,1,BE,BE2,BE25,BE254,Grassland without tree/shrub cover,Agriculture (excluding fallow land and kitchen gardens)
39943050,Yes,,,,,6.6,7.07,17.28,10,0,83.7,1.4,158,289,B22,U111,1,BE,BE3,BE33,BE331,Sugar beet,Agriculture (excluding fallow land and kitchen gardens)
40383036,Yes,,,,,5.3,5.77,33.4,59.8,0,125.6,6.7,163.9,411,E20,U362,1,BE,BE3,BE33,BE335,Grassland without tree/shrub cover,Sport
38763094,Yes,,,,,6.1,6.4,21.6,9.5,0,38.8,1.4,104.6,68,B16,U111,1,BE,BE2,BE23,BE235,Maize,Agriculture (excluding fallow land and kitchen gardens)
39483050,Yes,,,,,6.6,6.98,9,24.7,0,54,1.9,118.7,97,B11,U111,1,BE,BE3,BE35,BE352,Common wheat,Agriculture (excluding fallow land and kitchen gardens)
39083090,Yes,,,,,6.6,6.87,29.4,12.1,0,54.1,1.6,85.9,91,B16,U111,1,BE,BE2,BE24,BE241,Maize,Agriculture (excluding fallow land and kitchen gardens)
39123108,Yes,,,,,5.5,5.93,11.17,9,0,50.4,1.2,118.7,67,B16,U111,1,BE,BE2,BE24,BE241,Maize,Agriculture (excluding fallow land and kitchen gardens)
39203112,Yes,,,,,5.8,6.21,8.15,12.6,0,34.7,1.2,65.9,46,B11,U111,1,BE,BE2,BE24,BE241,Common wheat,Agriculture (excluding fallow land and kitchen gardens)
39803096,Yes,,,,,5.8,6.26,15.33,15.6,0,94.5,2,555.1,25,B72,U111,1,BE,BE2,BE24,BE242,Pear fruit,Agriculture (excluding fallow land and kitchen gardens)
39663018,Yes,,,,,4.8,5.35,17.04,19.3,0,31.8,2.6,56.9,176,E20,U111,1,BE,BE3,BE35,BE351,Grassland without tree/shrub cover,Agriculture (excluding fallow land and kitchen gardens)
38663098,Yes,,,,,6.3,6.42,21.9,74.5,1,138.3,8.3,185.3,5,E20,U361,1,BE,BE2,BE23,BE235,Grassland without tree/shrub cover,"Amenities, museum, leisure (e.g. parks, botanical gardens)"
39823034,Yes,,,,,6.1,6.41,20.7,21,0,39.4,2.1,123.1,315,B11,U111,1,BE,BE3,BE35,BE351,Common wheat,Agriculture (excluding fallow land and kitchen gardens)
38683122,Yes,,,,,6.1,6.39,59.5,10.2,0,97.2,1.1,159.2,4,B16,U111,1,BE,BE2,BE23,BE234,Maize,Agriculture (excluding fallow land and kitchen gardens)
38583130,Yes,,,,,6.1,6.34,39,45.5,0,122.3,4.5,237.2,36,E20,U111,1,BE,BE2,BE23,BE234,Grassland without tree/shrub cover,Agriculture (excluding fallow land and kitchen gardens)
39183118,Yes,,,,,4.5,4.8,55.2,22.8,0,90.2,2.2,119.9,10,E20,U111,1,BE,BE2,BE24,BE241,Grassland without tree/shrub cover,Agriculture (excluding fallow land and kitchen gardens)
39443158,Yes,,,,,4.7,4.97,14.15,21.9,0,127.7,2.2,188.4,44,B16,U111,1,BE,BE2,BE21,BE211,Maize,Agriculture (excluding fallow land and kitchen gardens)
39843144,Yes,,,,,5,5.57,12.12,24.4,0,126.5,1.5,149.3,37,B16,U111,1,BE,BE2,BE21,BE213,Maize,Agriculture (excluding fallow land and kitchen gardens)
38983116,Yes,,,,,6.6,6.97,170.7,11.2,3,102.3,1.2,209.6,3,B21,U111,1,BE,BE2,BE23,BE232,Potatoes,Agriculture (excluding fallow land and kitchen gardens)
40062984,Yes,,,,,5.1,5.64,13.27,29.2,0,83,3.7,70.2,491,B11,U111,2,BE,BE3,BE34,BE344,Common wheat,Agriculture (excluding fallow land and kitchen gardens)
40463040,Yes,,,,,4.7,5,69.4,31.1,0,88.9,4.1,110.4,532,E20,U111,1,BE,BE3,BE33,BE335,Grassland without tree/shrub cover,Agriculture (excluding fallow land and kitchen gardens)
39702984,Yes,,,,,4.5,5.05,14.77,29.8,0,58.6,3.4,94.6,384,C10,U120,1,BE,BE3,BE34,BE344,Broadleaved woodland,FORESTRY
39622978,Yes,,,,,3.8,4.19,22.2,38.5,0,21.1,3.3,65.3,297,C10,U120,2,BE,BE3,BE34,BE344,Broadleaved woodland,FORESTRY
39663000,Yes,,,,,5.7,5.97,43.7,36.5,0,105.8,4.2,410.9,386,E20,U111,1,BE,BE3,BE34,BE344,Grassland without tree/shrub cover,Agriculture (excluding fallow land and kitchen gardens)
40023022,Yes,,,,,4.8,5.15,36.3,19.5,0,30.4,2.9,32.8,191,E20,U111,1,BE,BE3,BE34,BE343,Grassland without tree/shrub cover,Agriculture (excluding fallow land and kitchen gardens)
39762996,Yes,,,,,3.9,4.16,9.01,33.6,0,14.5,3.3,30,311,C21,U120,1,BE,BE3,BE34,BE344,Spruce dominated coniferous woodland,FORESTRY
39303032,Yes,,,,,7.3,7.67,19.64,14.4,36,52.4,1.6,141.5,270,B32,U111,1,BE,BE3,BE35,BE353,Rape and turnip rape,Agriculture (excluding fallow land and kitchen gardens)
40163006,Yes,,,,,5.6,5.96,10.11,27.4,0,54.4,3.4,79.2,441,E20,U111,1,BE,BE3,BE34,BE342,Grassland without tree/shrub cover,Agriculture (excluding fallow land and kitchen gardens)
39602980,Yes,,,,,3.8,3.93,23.4,40.4,0,14.3,2.7,41.9,300,C23,U120,2,BE,BE3,BE35,BE351,Other coniferous woodland,FORESTRY
39443068,Yes,,,,,5.5,5.95,22.1,10.4,0,55.2,1.3,125.8,162,B37,U111,1,BE,BE3,BE35,BE352,Other non-permanent industrial crops,Agriculture (excluding fallow land and kitchen gardens)
39383058,Yes,,,,,6.9,7.18,22,11.4,1,86.6,1.4,189.9,98,B11,U111,1,BE,BE3,BE35,BE352,Common wheat,Agriculture (excluding fallow land and kitchen gardens)
39563058,Yes,,,,,6.7,6.95,19.86,11.4,1,28.7,1.3,167.6,188,B11,U111,2,BE,BE3,BE35,BE352,Common wheat,Agriculture (excluding fallow land and kitchen gardens)
39523056,Yes,,,,,6.8,7.03,21.8,14.3,2,64.7,1.6,155.8,160,B11,U111,1,BE,BE3,BE35,BE352,Common wheat,Agriculture (excluding fallow land and kitchen gardens)
39803036,Yes,,,,,6.2,6.45,16.42,10,0,44.9,1.3,188.4,337,B11,U111,1,BE,BE3,BE35,BE351,Common wheat,Agriculture (excluding fallow land and kitchen gardens)
40203018,Yes,,,,,3.8,4.21,7.71,35.8,0,12.3,2.6,44.7,559,C23,U120,1,BE,BE3,BE34,BE342,Other coniferous woodland,FORESTRY
38183132,Yes,,,,,7.1,7.31,33.6,34.3,101,75.9,4.1,303.4,17,B55,U111,1,BE,BE2,BE25,BE252,Temporary grassland,Agriculture (excluding fallow land and kitchen gardens)
