,Temp,D.O. (mg/l),PH,CONDUCTIVITY (mhos/cm),B.O.D. (mg/l),NITRATENAN N+ NITRITENANN (mg/l),FECAL COLIFORM (MPN/100ml),TOTAL COLIFORM (MPN/100ml)Mean,year
1,29.8,5.7,7.2,189.0,2.0,0.2,4953.0,8391.0,2014.0
2,29.5,6.3,6.9,179.0,1.7,0.1,3243.0,5330.0,2014.0
3,29.7,5.8,6.9,64.0,3.8,0.5,5382.0,8443.0,2014.0
4,29.5,5.8,7.3,83.0,1.9,0.4,3428.0,5500.0,2014.0
5,30.0,5.5,7.4,81.0,1.5,0.1,2853.0,4049.0,2014.0
6,29.2,6.1,6.7,308.0,1.4,0.3,3355.0,5672.0,2014.0
7,29.6,6.4,6.7,414.0,1.0,0.2,6073.0,9423.0,2014.0
8,30.0,6.4,7.6,305.0,2.2,0.1,3478.0,4990.0,2014.0
9,30.1,6.3,7.6,77.0,2.3,0.1,2606.0,4301.0,2014.0
10,27.8,7.1,7.1,176.0,1.2,0.1,4573.0,7817.0,2014.0
11,27.9,6.7,6.4,93.0,1.4,0.1,2147.0,3433.0,2014.0
12,29.3,7.4,6.8,121.0,1.7,0.4,11633.0,18125.0,2014.0
13,29.2,6.9,7.0,620.0,1.1,0.1,3500.0,6300.0,2014.0
14,30.0,6.0,7.5,72.0,1.6,0.2,4995.0,9517.0,2014.0
15,29.0,7.3,7.0,247.0,1.5,0.2,1095.0,2453.0,2014.0
16,29.1,7.3,7.0,188.0,1.0,0.1,1286.0,3048.0,2014.0
17,28.7,7.0,6.9,224.0,1.2,0.3,3896.0,6742.0,2014.0
18,28.7,7.3,6.7,144.0,1.5,0.1,1940.0,3052.0,2014.0
19,29.5,5.3,6.8,319.0,1.8,0.3,6458.0,10250.0,2014.0
20,29.0,6.3,6.4,79.0,1.6,1.4,7592.0,12842.0,2014.0
21,29.4,5.4,7.6,39.0,1.4,0.1,3176.0,6367.0,2014.0
22,28.3,2.2,6.5,322.0,4.7,1.2,11210.0,14920.0,2014.0
23,30.1,5.2,7.1,192.0,2.6,0.3,5073.0,8925.0,2014.0
24,30.3,5.6,7.5,282.0,1.8,0.1,3205.0,5082.0,2014.0
25,30.5,5.5,7.4,275.0,1.5,0.1,4698.0,8625.0,2014.0
26,29.1,7.3,6.7,55.0,1.4,0.1,2638.0,4003.0,2014.0
27,30.1,6.5,7.5,415.0,2.0,0.1,864.0,1538.0,2014.0
28,29.2,7.2,6.3,100.0,1.5,0.1,7942.0,13575.0,2014.0
29,25.1,6.6,7.8,95.0,4.9,0.2,16.0,36.0,2014.0
30,29.6,6.9,7.9,99.0,5.0,0.4,15.0,34.0,2014.0
31,27.4,6.8,7.7,85.0,5.2,0.3,11.0,23.0,2014.0
32,27.8,6.7,7.8,80.0,4.9,0.3,12.0,29.0,2014.0
33,30.6,5.1,7.3,3937.0,10.3,1.8,31.0,83.0,2014.0
34,25.0,5.6,7.9,468.0,3.6,1.9,66.0,164.0,2014.0
35,25.0,6.4,7.6,541.0,5.7,0.6,23.0,45.0,2014.0
36,25.0,5.5,7.4,6166.0,7.7,1.1,44.0,67.0,2014.0
37,25.3,5.3,7.7,24062.0,9.9,1.2,156.0,304.0,2014.0
38,25.1,6.7,7.6,83.0,4.8,0.2,28.0,76.0,2014.0
39,26.1,3.6,7.4,4424.0,31.3,2.2,276.0,474.0,2014.0
41,27.4,5.9,7.4,268.0,6.4,0.4,37.0,68.0,2014.0
42,27.1,5.4,7.5,2413.0,7.4,1.5,59.0,116.0,2014.0
43,27.2,5.8,7.3,384.0,5.4,0.6,37.0,78.0,2014.0
44,27.3,5.9,7.4,269.0,5.1,1.2,34.0,60.0,2014.0
45,27.0,6.0,7.3,269.0,8.5,0.4,32.0,58.0,2014.0
46,27.2,6.1,7.3,196.0,6.1,0.5,30.0,63.0,2014.0
47,27.0,5.9,7.4,269.0,6.4,0.4,19.0,47.0,2014.0
48,22.6,6.3,7.8,223.0,4.6,0.9,15.0,32.0,2014.0
54,27.1,6.8,7.9,5390.0,4.9,0.8,15.0,28.0,2014.0
55,27.6,6.6,8.1,161.0,4.6,0.3,16.0,32.0,2014.0
56,27.3,6.7,8.0,138.0,5.0,0.3,14.0,33.0,2014.0
57,27.8,6.7,7.8,81.0,4.9,0.3,14.0,35.0,2014.0
58,28.0,5.9,7.7,194.0,5.5,0.6,22.0,51.0,2014.0
59,28.1,6.3,7.6,186.0,4.6,0.6,13.0,31.0,2014.0
60,28.6,6.6,7.6,207.0,4.7,0.7,12.0,31.0,2014.0
61,26.9,6.8,7.7,85.0,5.0,0.4,15.0,34.0,2014.0
65,25.1,6.7,7.5,85.0,1.4,1.0,183.0,420.0,2014.0
66,24.6,5.8,7.4,77.0,1.4,0.8,285.0,691.0,2014.0
67,25.7,6.6,7.5,75.0,1.4,0.7,183.0,448.0,2014.0
68,24.8,6.7,7.5,82.0,1.4,1.0,161.0,443.0,2014.0
69,27.3,6.7,6.9,56.0,0.9,0.2,82.0,172.0,2014.0
70,27.5,6.5,6.7,2240.0,1.2,0.2,136.0,304.0,2014.0
71,25.2,6.3,6.9,73.0,1.6,0.0,787.0,2008.0,2014.0
72,29.9,7.0,7.4,130.0,0.7,0.1,301.0,590.0,2014.0
73,29.8,6.6,7.7,191.0,1.6,0.2,362.0,661.0,2014.0
74,27.8,6.9,6.9,134.0,1.1,0.4,249.0,531.0,2014.0
75,26.7,7.0,7.5,80.0,0.8,0.4,2573.0,3583.0,2014.0
76,25.8,6.7,7.4,14526.0,0.8,0.6,1411.0,1969.0,2014.0
77,26.4,7.2,7.4,82.0,0.7,0.5,840.0,1311.0,2014.0
78,29.8,7.5,7.2,67.0,1.1,0.1,76.0,590.0,2014.0
79,28.6,3.0,6.6,965.0,1.7,1.2,247.0,530.0,2014.0
80,26.9,5.9,7.4,17990.0,0.7,0.5,1888.0,2803.0,2014.0
81,26.0,6.7,7.5,90.0,1.6,0.9,199.0,473.0,2014.0
82,23.6,6.1,7.4,4429.0,2.0,1.6,243.0,550.0,2014.0
83,30.3,6.7,6.9,87.0,1.7,0.2,155.0,350.0,2014.0
84,30.7,6.9,6.8,85.0,1.6,0.2,82.0,206.0,2014.0
85,28.7,2.1,6.8,101.0,1.6,0.8,431.0,694.0,2014.0
86,28.2,2.5,6.9,83.0,1.9,0.3,353.0,656.0,2014.0
87,24.8,7.2,7.6,75.0,1.4,1.0,188.0,426.0,2014.0
88,26.3,3.7,7.7,32005.0,1.2,0.9,40000.0,60392.0,2014.0
89,29.2,6.1,7.6,281.0,1.2,0.7,384.0,718.0,2014.0
90,26.6,6.7,7.6,106.0,0.5,2.5,44.0,71.0,2014.0
91,30.4,7.6,7.1,58.0,1.2,0.1,163.0,961.0,2014.0
92,25.5,1.9,7.7,2941.0,26.9,2.8,10875.0,37375.0,2014.0
93,25.1,7.4,7.0,35.0,0.1,0.0,165.0,409.0,2014.0
94,28.9,6.4,7.2,63.0,1.3,0.4,121.0,535.0,2014.0
95,28.8,5.4,6.7,65.0,1.1,0.3,60.0,144.0,2014.0
96,29.3,5.6,7.3,90.0,1.6,0.4,268.0,705.0,2014.0
97,29.5,7.1,8.0,728.0,1.2,0.4,374.0,697.0,2014.0
98,28.4,5.9,6.8,13953.0,1.5,0.4,70.0,166.0,2014.0
99,26.9,7.4,6.9,57.0,1.1,0.3,70.0,159.0,2014.0
100,25.8,7.2,7.2,41.0,0.7,0.2,441.0,658.0,2014.0
101,26.6,6.5,7.4,71.0,0.6,0.3,4192.0,7018.0,2014.0
102,25.3,6.8,7.1,81.0,0.8,0.0,389.0,1268.0,2014.0
103,28.2,6.8,6.9,68.0,1.7,0.1,449.0,660.0,2014.0
104,28.5,6.6,7.0,70.0,1.4,0.1,550.0,822.0,2014.0
105,27.6,6.4,7.7,100.0,0.6,0.9,56.0,88.0,2014.0
106,29.0,7.3,6.9,96.0,1.9,0.2,89.0,825.0,2014.0
107,27.5,6.8,6.6,49.0,0.5,0.4,1719.0,2950.0,2014.0
108,30.0,5.6,7.2,24360.0,2.1,0.3,92.0,447.0,2014.0
109,27.8,6.9,6.8,59.0,0.6,0.5,1916.0,3375.0,2014.0
110,30.2,7.1,6.8,14410.0,1.8,0.1,65.0,468.0,2014.0
111,30.8,6.2,7.2,22757.0,1.5,0.1,98.0,542.0,2014.0
112,25.3,6.7,7.1,66.0,0.6,0.0,222.0,626.0,2014.0
113,25.3,7.2,7.0,59.0,0.6,0.0,165.0,433.0,2014.0
114,25.8,6.0,7.6,120.0,1.3,1.1,212.0,523.0,2014.0
115,27.2,5.2,6.8,55.0,0.6,0.7,171.0,313.0,2014.0
116,28.1,4.8,6.8,86.0,0.7,0.8,208.0,332.0,2014.0
117,28.3,3.9,6.9,62.0,0.5,0.7,155.0,284.0,2014.0
118,28.1,5.0,6.9,3185.0,1.8,0.4,290.0,667.0,2014.0
119,27.7,7.0,7.0,36.0,1.1,0.2,276.0,541.0,2014.0
120,28.0,6.3,6.9,64.0,1.2,0.3,381.0,815.0,2014.0
121,28.2,6.2,6.9,86.0,1.3,0.2,372.0,1007.0,2014.0
122,28.0,5.7,6.8,2640.0,1.9,0.5,385.0,759.0,2014.0
123,28.1,5.7,6.9,53.0,3.1,0.4,574.0,1205.0,2014.0
124,28.1,6.6,7.1,2007.0,1.3,0.2,356.0,785.0,2014.0
125,28.1,6.6,7.0,46.0,1.3,0.3,228.0,472.0,2014.0
126,27.3,6.5,6.5,43.0,0.9,0.4,87.0,188.0,2014.0
127,28.3,6.7,6.3,54.0,0.9,0.1,136.0,610.0,2014.0
128,29.1,4.3,7.2,113.0,1.8,0.4,188.0,796.0,2014.0
129,28.7,4.6,6.7,12561.0,1.5,0.6,72.0,171.0,2014.0
130,28.5,7.7,6.9,61.0,1.6,0.0,88.0,554.0,2014.0
131,26.6,5.8,6.5,61.0,1.0,0.4,70.0,151.0,2014.0
132,31.0,4.5,6.9,1614.0,2.1,0.6,131.0,230.0,2014.0
133,30.5,6.9,7.2,20950.0,1.3,0.2,113.0,643.0,2014.0
134,28.8,6.6,7.0,14487.0,0.9,0.3,55.0,103.0,2014.0
135,25.3,6.9,7.5,54.0,0.6,0.0,319.0,1633.0,2014.0
136,25.9,5.5,7.6,569.0,1.3,0.9,18.0,141.0,2014.0
137,26.5,5.4,7.8,310.0,0.8,2.4,7.0,107.0,2014.0
138,18.9,7.1,7.8,516.0,0.7,0.5,2.0,1238.0,2014.0
139,20.5,6.9,8.0,505.0,0.9,0.7,2.0,1563.0,2014.0
140,27.1,7.3,7.3,109.0,2.4,3.4,18.0,65.0,2014.0
141,26.3,7.5,7.5,83.0,2.1,2.0,22.0,74.0,2014.0
142,29.1,6.4,7.2,102.0,1.0,0.0,137.0,1223.0,2014.0
143,28.4,6.5,7.1,92.0,1.0,0.0,155.0,1342.0,2014.0
144,24.7,7.7,7.9,232.0,1.3,0.8,30790.0,40500.0,2014.0
145,24.4,7.5,7.8,519.0,2.1,0.7,38700.0,53556.0,2014.0
146,22.7,7.3,7.2,103.0,0.7,1.7,4871.0,13810.0,2014.0
147,24.8,7.4,7.9,196.0,0.7,0.6,5323.0,15213.0,2014.0
148,24.0,7.4,7.8,244.0,1.9,1.0,20880.0,12473.0,2014.0
149,22.8,7.5,8.0,243.0,1.7,0.9,8780.0,30319.0,2014.0
150,26.8,7.2,8.0,296.0,1.5,0.7,1468.0,4314.0,2014.0
151,27.4,6.6,7.8,25034.0,1.5,0.9,1671.0,4224.0,2014.0
152,25.3,7.5,7.9,194.0,1.0,1.0,2906.0,8559.0,2014.0
153,27.1,7.4,7.9,170.0,0.8,0.9,4948.0,16709.0,2014.0
159,29.3,6.5,7.4,1063.0,2.0,0.6,177.0,374.0,2014.0
160,22.8,6.8,6.6,63.0,2.9,0.1,11.0,36.0,2014.0
161,24.5,6.6,6.4,101.0,2.5,0.2,13.0,41.0,2014.0
162,25.5,6.6,6.5,136.0,2.5,0.2,13.0,45.0,2014.0
163,29.0,6.7,6.9,226.0,2.2,0.2,12.0,38.0,2014.0
164,23.8,6.7,6.3,72.0,2.7,0.2,9.0,32.0,2014.0
165,22.8,6.7,6.4,61.0,4.6,0.1,10.0,34.0,2014.0
166,29.0,6.6,7.2,1300.0,2.7,0.2,21.0,60.0,2014.0
167,29.0,6.7,7.0,461.0,2.5,0.1,17.0,51.0,2014.0
168,23.0,6.6,6.2,69.0,2.5,0.1,11.0,38.0,2014.0
169,29.0,6.8,6.9,241.0,2.5,0.1,14.0,48.0,2014.0
170,25.7,6.5,6.6,159.0,2.4,0.2,11.0,41.0,2014.0
171,25.7,6.6,6.7,170.0,2.5,0.2,10.0,34.0,2014.0
172,24.3,0.9,7.6,2039.0,104.5,0.9,272521616.0,511090873.0,2014.0
174,22.7,5.8,7.2,640.0,6.0,4.3,1450.0,4073.0,2014.0
175,19.0,4.8,7.6,1090.0,22.0,3.6,30500.0,52500.0,2014.0
176,23.0,5.5,7.3,705.0,10.0,5.0,2020.0,5433.0,2014.0
177,24.0,5.1,7.4,1375.0,23.7,5.9,27333.0,50333.0,2014.0
178,24.7,5.5,7.4,745.0,10.0,6.1,12167.0,29333.0,2014.0
179,25.0,5.0,7.6,975.0,16.3,6.1,11167.0,21667.0,2014.0
180,22.0,4.9,7.7,1385.0,27.5,7.7,42500.0,72000.0,2014.0
181,24.3,5.0,7.3,1067.0,19.3,6.2,21467.0,39533.0,2014.0
182,23.3,5.3,7.2,970.0,13.3,5.9,3167.0,7133.0,2014.0
183,19.5,4.9,7.7,1418.0,21.0,4.2,28000.0,49500.0,2014.0
184,21.5,4.1,7.5,1015.0,23.0,6.1,35000.0,57500.0,2014.0
185,20.0,4.8,7.4,854.0,17.0,4.7,20500.0,38000.0,2014.0
188,32.6,4.0,6.8,370.0,3.0,0.8,4.0,9.0,2014.0
189,23.6,7.8,7.8,376.0,1.3,0.4,9.0,17.0,2014.0
190,23.9,7.7,7.7,354.0,1.3,0.3,12.0,22.0,2014.0
191,24.5,7.6,7.9,344.0,1.6,0.4,12.0,22.0,2014.0
193,18.1,4.4,7.1,694.0,41.0,1.2,92.0,224.0,2014.0
194,25.1,5.9,8.0,401.0,0.9,0.7,4.0,15.0,2014.0
195,22.3,6.0,7.2,106.0,0.8,0.4,4.0,15.0,2014.0
196,23.7,5.6,7.9,326.0,1.1,0.8,4.0,4.0,2014.0
197,23.9,6.2,8.1,592.0,1.0,0.7,4.0,6.0,2014.0
198,25.5,7.2,7.5,119.0,2.3,3.8,33.0,74.0,2014.0
199,25.1,7.2,7.5,120.0,2.3,4.1,31.0,67.0,2014.0
200,25.2,7.5,7.3,82.0,1.8,2.8,30.0,70.0,2014.0
201,23.2,7.5,7.5,111.0,2.4,3.0,293.0,506.0,2014.0
202,20.1,5.3,3.3,831.0,7.7,3.2,18.0,36.0,2014.0
203,18.3,7.2,7.2,56.0,1.7,2.6,21.0,42.0,2014.0
204,19.3,7.5,7.2,66.0,1.6,2.5,22.0,44.0,2014.0
205,24.0,7.8,7.0,74.0,2.3,4.3,28.0,108.0,2014.0
206,20.5,6.7,2.7,1350.0,3.3,1.1,7.0,16.0,2014.0
207,21.2,7.3,6.6,274.0,2.5,2.4,176.0,386.0,2014.0
208,26.3,7.4,7.3,67.0,1.8,2.5,25.0,55.0,2014.0
209,25.5,7.2,7.4,82.0,2.0,2.8,26.0,61.0,2014.0
210,20.0,7.3,7.1,55.0,1.9,2.5,24.0,53.0,2014.0
211,20.3,7.3,7.1,57.0,2.0,2.4,24.0,50.0,2014.0
212,19.4,6.6,7.1,114.0,2.6,2.8,2142.0,3108.0,2014.0
213,21.0,7.3,5.6,56.0,1.8,2.1,16.0,34.0,2014.0
214,19.2,5.1,7.0,105.0,3.6,4.7,351.0,780.0,2014.0
215,18.3,7.3,7.1,51.0,1.6,2.4,19.0,40.0,2014.0
216,19.6,7.7,7.2,50.0,1.6,2.0,19.0,36.0,2014.0
217,23.7,7.6,7.3,115.0,2.1,3.7,301.0,528.0,2014.0
218,18.2,6.2,7.0,81.0,2.4,5.1,36.0,79.0,2014.0
219,18.8,7.2,7.1,66.0,1.9,3.4,28.0,63.0,2014.0
220,18.9,7.4,7.1,57.0,1.5,2.9,13.0,40.0,2014.0
221,25.1,7.5,7.4,144.0,1.7,3.5,26.0,59.0,2014.0
222,18.8,7.1,7.1,63.0,1.9,5.6,22.0,48.0,2014.0
223,20.2,7.3,7.2,65.0,1.9,3.3,24.0,48.0,2014.0
224,20.0,7.3,7.3,65.0,2.0,3.0,25.0,54.0,2014.0
225,18.5,1.5,6.9,345.0,33.9,16.9,23232.0,34251.0,2014.0
226,18.8,3.9,7.1,233.0,17.0,10.5,13174.0,22223.0,2014.0
227,18.3,1.0,7.2,376.0,57.2,20.3,48665.0,83554.0,2014.0
228,18.5,0.9,7.2,506.0,61.1,19.6,64250.0,106333.0,2014.0
229,18.2,7.2,7.0,66.0,1.9,3.7,28.0,60.0,2014.0
230,22.1,7.7,7.2,62.0,1.6,3.0,27.0,59.0,2014.0
231,17.6,7.3,6.9,61.0,2.2,2.0,25.0,52.0,2014.0
232,18.7,1.2,7.1,380.0,45.7,15.6,51583.0,94083.0,2014.0
233,18.7,3.2,7.1,258.0,23.5,10.3,31833.0,54083.0,2014.0
234,23.1,7.2,7.2,124.0,6.9,4.5,348.0,552.0,2014.0
235,22.6,7.2,7.1,65.0,2.1,2.4,56.0,120.0,2014.0
236,20.0,7.5,7.3,64.0,1.9,3.3,21.0,42.0,2014.0
237,19.9,7.6,7.3,65.0,1.9,3.8,21.0,43.0,2014.0
239,24.4,7.2,7.3,275.0,1.5,0.1,4.0,68.0,2014.0
242,27.3,6.2,7.8,165.0,2.1,0.0,282.0,340.0,2014.0
243,29.1,6.4,7.8,158.0,4.1,0.5,458.0,500.0,2014.0
244,26.6,6.6,7.9,210.0,4.2,1.9,510.0,572.0,2014.0
246,27.1,7.3,7.9,693.0,0.5,1.0,161.0,173.0,2013.0
247,27.3,5.0,7.6,1676.0,1.8,8.0,329.0,174.0,2013.0
249,24.5,6.0,7.7,1863.0,8.6,1.0,47.0,1183.0,2013.0
251,27.5,5.3,7.8,817.0,2.8,1.0,9.0,23.0,2013.0
253,28.4,4.5,8.3,1287.0,1.5,11.0,116.0,5.0,2013.0
255,27.6,6.8,8.2,1862.0,2.5,0.87,7.0,64.0,2013.0
258,27.0,6.7,8.1,2520.0,7.2,1.0,6.0,41.0,2013.0
261,30.0,5.6,7.5,41.0,2.0,0.08,7022.0,13410.0,2013.0
262,30.4,5.5,6.7,209.0,0.8,0.17,1893.0,2915.0,2013.0
263,30.8,5.5,7.1,123.0,1.5,0.09,3293.0,6264.0,2013.0
264,30.3,5.3,7.3,182.0,1.5,0.08,1976.0,3080.0,2013.0
265,30.1,6.0,7.6,100.0,1.2,0.17,5129.0,6086.0,2013.0
266,29.9,5.7,6.9,111.0,1.0,0.14,939.0,3061.0,2013.0
267,29.1,6.4,7.1,140.0,1.1,0.1,4464.0,7908.0,2013.0
268,29.9,6.2,7.8,44.0,2.0,0.06,9429.0,9320.0,2013.0
269,29.8,6.1,7.6,43.0,1.8,0.06,6668.0,9554.0,2013.0
270,27.9,7.0,6.9,64.0,1.1,0.09,1641.0,2841.0,2013.0
271,28.2,6.6,6.5,62.0,1.0,0.14,4073.0,7190.0,2013.0
272,29.6,7.0,6.8,304.0,2.0,0.49,12140.0,23867.0,2013.0
273,28.8,7.0,7.0,55.0,1.2,0.66,1298.0,2813.0,2013.0
274,29.5,6.3,7.6,213.0,1.5,0.06,3803.0,7069.0,2013.0
275,29.8,6.7,6.8,83.0,1.2,0.17,2140.0,3559.0,2013.0
276,29.7,7.1,6.6,76.0,1.0,0.12,2367.0,3527.0,2013.0
277,28.7,6.7,6.6,107.0,1.3,0.22,2461.0,3757.0,2013.0
278,27.9,7.2,6.7,89.0,0.9,0.06,832.0,1996.0,2013.0
279,29.3,4.2,6.7,192.0,2.0,0.16,4448.0,9286.0,2013.0
280,28.6,6.3,6.6,79.0,1.6,0.19,2830.0,6054.0,2013.0
281,29.8,5.6,7.7,142.0,1.7,0.14,1831.0,3644.0,2013.0
282,28.6,2.8,6.4,424.0,3.2,0.35,12658.0,21036.0,2013.0
283,30.6,5.2,7.1,306.0,2.6,0.34,1411.0,1525.0,2013.0
284,30.3,5.6,7.7,40.0,1.5,0.07,4153.0,7130.0,2013.0
285,30.4,5.5,7.7,40.0,1.5,0.08,7086.0,12282.0,2013.0
286,29.6,6.9,6.7,63.0,0.9,0.21,691.0,1132.0,2013.0
287,29.6,6.3,7.6,227.0,1.7,0.08,3622.0,3612.0,2013.0
288,29.5,7.1,6.6,68.0,1.1,0.13,4124.0,8167.0,2013.0
289,26.7,6.9,7.7,121.0,3.3,1.0,77.0,163.0,2013.0
290,29.3,7.2,8.2,112.0,3.3,1.0,39.0,94.0,2013.0
291,28.0,6.9,7.7,103.0,3.7,0.57,48.0,103.0,2013.0
292,28.2,6.9,7.6,104.0,3.5,0.75,37.0,79.0,2013.0
293,26.5,6.4,7.4,1003.0,4.3,2.89,524.0,753.0,2013.0
294,20.7,6.3,8.3,408.0,2.7,1.58,64.0,157.0,2013.0
295,27.2,6.7,7.8,105.0,3.6,1.0,43.0,89.0,2013.0
296,27.5,6.3,7.6,209.0,4.4,1.86,48.0,98.0,2013.0
297,26.0,5.9,7.6,13768.0,5.0,1.79,166.0,300.0,2013.0
298,26.5,7.3,7.7,86.0,3.2,1.0,50.0,93.0,2013.0
299,27.0,3.6,7.4,6487.0,30.5,1.5,534.0,745.0,2013.0
300,27.3,6.3,8.3,999.0,3.3,1.78,4.0,112.0,2013.0
301,28.7,7.2,7.7,125.0,3.3,1.0,39.0,89.0,2013.0
302,28.4,7.1,7.5,127.0,3.4,4.4,17.0,63.0,2013.0
303,28.7,7.1,7.4,5300.0,38.0,1.0,388.0,667.0,2013.0
304,28.7,7.2,7.6,127.0,3.2,1.0,22.0,51.0,2013.0
305,28.7,7.0,7.6,126.0,3.3,1.0,20.0,63.0,2013.0
306,28.7,7.2,7.6,126.0,3.4,1.89,29.0,64.0,2013.0
307,28.7,7.1,7.8,112.0,3.2,0.63,43.0,88.0,2013.0
308,29.3,6.8,7.7,9590.0,3.6,4.57,3.0,124.0,2013.0
309,28.3,6.8,7.4,174.0,3.7,2.26,4.0,124.0,2013.0
310,28.7,6.8,7.6,2572.0,3.3,4.22,4.0,118.0,2013.0
311,29.2,6.7,7.8,6030.0,4.4,4.78,4.0,138.0,2013.0
312,28.7,6.8,7.7,7207.0,3.9,4.25,3.0,120.0,2013.0
313,27.2,6.8,8.1,167.0,3.8,1.0,32.0,85.0,2013.0
314,27.2,6.8,8.0,173.0,3.5,1.0,53.0,98.0,2013.0
315,27.2,7.0,8.0,168.0,3.6,1.0,44.0,83.0,2013.0
316,28.0,6.9,7.9,131.0,3.5,0.75,41.0,96.0,2013.0
317,26.2,7.0,7.6,125.0,3.5,0.6,33.0,63.0,2013.0
318,26.2,7.2,7.5,132.0,3.3,0.9,38.0,88.0,2013.0
319,28.2,7.2,7.7,119.0,3.3,1.0,35.0,68.0,2013.0
320,24.5,6.9,7.5,159.0,2.8,1.0,3.0,82.0,2013.0
321,24.5,6.7,7.7,141.0,3.3,3.0,4.0,90.0,2013.0
322,24.5,7.3,7.7,132.0,2.9,2.0,3.0,88.0,2013.0
323,24.0,6.4,7.3,76.0,1.7,0.62,199.0,788.0,2013.0
324,24.9,6.0,7.1,85.0,1.7,0.53,262.0,538.0,2013.0
325,24.3,6.3,7.1,69.0,1.3,0.57,248.0,593.0,2013.0
326,24.8,6.5,7.3,76.0,1.6,0.55,226.0,545.0,2013.0
327,26.4,6.7,6.6,60.0,1.2,0.34,228.0,435.0,2013.0
328,27.0,7.0,6.6,3544.0,1.5,0.37,208.0,435.0,2013.0
329,26.6,6.7,7.3,51.0,0.8,0.35,547.0,1567.0,2013.0
330,28.6,6.9,7.7,107.0,0.7,0.46,255.0,443.0,2013.0
331,28.8,6.7,7.9,173.0,0.9,0.56,191.0,426.0,2013.0
332,28.0,5.6,6.9,126.0,1.2,0.67,266.0,990.0,2013.0
333,27.4,7.3,7.4,70.0,0.8,0.31,2984.0,4208.0,2013.0
334,27.5,6.9,7.4,12754.0,0.8,0.29,1807.0,2557.0,2013.0
335,26.8,7.1,7.4,80.0,0.6,0.5,1921.0,2831.0,2013.0
336,30.0,7.2,6.9,62.0,1.3,0.11,33.0,150.0,2013.0
337,28.8,3.4,6.7,2965.0,2.3,1.11,271.0,1236.0,2013.0
338,27.4,6.1,7.2,15871.0,0.9,0.25,1667.0,2975.0,2013.0
339,24.8,6.4,7.2,120.0,1.9,0.77,258.0,618.0,2013.0
340,23.6,6.2,7.2,7448.0,2.0,1.01,184.0,483.0,2013.0
341,29.8,6.6,6.9,77.0,1.6,0.29,264.0,756.0,2013.0
342,30.2,6.8,7.0,72.0,1.7,0.2,249.0,785.0,2013.0
343,28.2,2.9,6.7,305.0,2.2,1.28,403.0,1623.0,2013.0
344,27.7,3.0,6.6,86.0,2.0,0.39,357.0,1319.0,2013.0
345,23.9,6.7,7.1,79.0,1.6,0.34,313.0,738.0,2013.0
346,27.4,3.6,7.3,32790.0,2.6,0.59,64259.0,112867.0,2013.0
347,27.8,6.1,7.8,2905.0,1.3,0.54,422.0,997.0,2013.0
348,26.4,6.9,7.4,112.0,0.5,0.35,50.0,67.0,2013.0
349,29.6,7.0,6.9,51.0,1.1,0.18,44.0,317.0,2013.0
350,27.0,3.1,7.2,1416.0,13.2,4.41,2992.0,19917.0,2013.0
351,26.3,7.0,7.1,30.0,0.5,0.32,211.0,496.0,2013.0
352,30.0,6.1,7.0,59.0,1.8,0.58,89.0,282.0,2013.0
353,28.0,6.0,6.4,61.0,2.1,0.28,87.0,300.0,2013.0
354,30.1,6.3,7.0,105.0,2.8,0.37,142.0,543.0,2013.0
355,27.9,6.9,8.1,502.0,0.9,0.72,382.0,615.0,2013.0
356,27.0,5.9,6.7,14662.0,1.5,0.52,144.0,377.0,2013.0
357,26.0,7.8,6.8,49.0,1.4,0.3,122.0,319.0,2013.0
358,27.7,7.1,7.4,380.0,1.0,0.14,1527.0,66382.0,2013.0
359,27.1,7.3,7.2,67.0,0.9,0.38,6490.0,3471.0,2013.0
360,26.5,6.2,7.2,51.0,0.8,0.23,331.0,942.0,2013.0
361,28.5,7.2,6.8,69.0,1.2,0.45,706.0,941.0,2013.0
362,28.7,6.9,6.7,75.0,2.5,0.4,526.0,701.0,2013.0
363,25.7,6.3,7.4,113.0,0.6,0.88,98.0,128.0,2013.0
364,29.3,7.6,6.8,79.0,1.6,0.31,48.0,109.0,2013.0
365,27.0,7.0,7.2,57.0,0.6,0.46,2117.0,3558.0,2013.0
366,30.9,5.9,7.0,22576.0,1.5,0.35,42.0,253.0,2013.0
367,27.1,6.8,7.2,105.0,0.6,0.39,1200.0,2392.0,2013.0
368,30.3,6.3,6.7,2315.0,1.3,0.17,55.0,278.0,2013.0
369,30.4,6.4,6.9,18569.0,1.0,0.27,40.0,277.0,2013.0
370,26.2,6.6,7.3,45.0,0.6,0.39,228.0,940.0,2013.0
371,26.2,6.9,7.2,42.0,0.5,0.18,151.0,774.0,2013.0
372,25.1,6.0,7.3,92.0,1.7,0.56,256.0,597.0,2013.0
373,27.4,6.1,7.2,59.0,0.7,1.04,181.0,311.0,2013.0
374,28.1,4.5,6.9,1190.0,0.7,1.17,218.0,388.0,2013.0
375,28.3,4.2,7.0,69.0,0.6,1.04,240.0,420.0,2013.0
376,28.2,6.0,7.0,5569.0,2.2,0.68,473.0,1894.0,2013.0
377,27.2,7.3,7.0,34.0,1.0,0.27,234.0,927.0,2013.0
378,27.4,6.3,7.0,44.0,1.6,0.32,487.0,1876.0,2013.0
379,28.2,6.4,7.2,49.0,1.4,0.23,362.0,1357.0,2013.0
380,27.9,5.9,7.0,3272.0,2.2,0.62,330.0,1284.0,2013.0
381,27.3,4.6,7.0,65.0,1.7,0.28,631.0,1937.0,2013.0
382,28.2,6.5,6.9,4650.0,2.0,1.0,340.0,1573.0,2013.0
383,28.2,6.5,7.0,42.0,1.4,1.0,249.0,1221.0,2013.0
384,26.7,6.4,6.4,45.0,1.2,1.0,142.0,376.0,2013.0
385,28.0,6.0,6.1,56.0,1.2,0.0,136.0,438.0,2013.0
386,29.7,5.3,6.8,99.0,2.8,0.79,106.0,523.0,2013.0
387,28.2,3.6,6.5,22131.0,1.8,0.95,105.0,261.0,2013.0
388,28.9,6.9,6.7,66.0,1.8,0.0,93.0,205.0,2013.0
389,26.4,6.0,6.6,67.0,1.5,3.69,168.0,398.0,2013.0
390,30.0,4.9,6.8,9107.0,1.6,1.0,208.0,614.0,2013.0
391,30.8,6.3,7.0,18931.0,1.4,1.0,34.0,201.0,2013.0
392,27.8,6.6,6.8,15525.0,1.1,0.06,149.0,347.0,2013.0
393,26.7,7.1,7.5,46.0,0.8,1.0,239.0,1097.0,2013.0
394,27.0,6.0,7.3,432.0,1.2,3.0,3.0,78.0,2013.0
395,26.8,6.1,7.7,328.0,1.2,1.0,3.0,211.0,2013.0
396,19.0,5.8,7.8,707.0,0.6,0.85,2.0,1100.0,2013.0
397,21.4,6.1,8.0,674.0,0.9,1.0,2.0,1260.0,2013.0
398,27.1,7.3,7.3,164.0,2.3,1.0,115.0,336.0,2013.0
399,26.3,7.6,7.4,122.0,2.4,1.0,223.0,834.0,2013.0
400,28.3,6.5,7.1,95.0,1.0,0.0,156.0,212.0,2013.0
401,27.9,6.5,7.1,56.0,1.0,0.0,30.0,79.0,2013.0
402,23.4,7.5,7.8,237.0,1.4,0.89,8281.0,18918.0,2013.0
403,23.5,7.6,7.6,3688.0,2.3,2.66,19264.0,32918.0,2013.0
404,22.4,7.3,7.5,82.0,1.2,1.58,15816.0,17512.0,2013.0
405,26.8,7.5,8.0,202.0,1.4,1.89,11771.0,23191.0,2013.0
406,26.5,7.3,7.9,232.0,2.9,2.23,9026.0,30836.0,2013.0
407,22.0,7.4,7.9,246.0,2.3,1.9,1850.0,3900.0,2013.0
408,27.6,6.9,8.1,3960.0,2.0,2.26,19058.0,22523.0,2013.0
409,26.8,7.0,8.0,28222.0,1.8,2.54,16613.0,10469.0,2013.0
410,25.6,7.2,7.8,201.0,1.3,1.59,29937.0,31034.0,2013.0
411,26.5,7.3,8.0,221.0,1.2,2.26,16103.0,5289.0,2013.0
417,27.8,6.7,7.5,1088.0,1.7,0.0,194.0,474.0,2013.0
418,23.4,7.2,6.5,73.0,3.1,0.0,19.0,59.0,2013.0
419,25.4,6.7,6.3,98.0,3.3,1.5,21.0,74.0,2013.0
420,26.3,6.3,6.5,143.0,4.0,4.0,38.0,124.0,2013.0
421,29.0,6.6,6.9,260.0,5.4,1.0,17.0,53.0,2013.0
422,24.6,7.1,6.3,71.0,3.5,1.0,24.0,82.0,2013.0
423,23.5,6.9,6.3,65.0,3.5,0.0,17.0,52.0,2013.0
424,29.0,7.3,7.1,607.0,3.6,0.88,33.0,104.0,2013.0
425,27.0,6.1,7.0,446.0,5.2,0.56,26.0,77.0,2013.0
426,24.0,6.9,6.4,94.0,3.2,1.59,20.0,65.0,2013.0
427,28.7,6.8,6.8,451.0,9.4,0.55,22.0,58.0,2013.0
428,26.3,6.0,6.6,169.0,3.9,2.0,22.0,84.0,2013.0
429,25.7,6.5,6.7,187.0,3.3,3.0,32.0,113.0,2013.0
430,26.8,3.4,7.8,2577.0,164.9,1.5,148825783.0,160405392.0,2013.0
432,23.3,5.5,7.2,636.0,9.7,4.0,1328.0,4975.0,2013.0
433,22.8,4.7,7.3,1088.0,23.8,4.0,28250.0,56000.0,2013.0
434,23.3,5.3,7.2,689.0,11.3,4.0,1350.0,6025.0,2013.0
435,21.8,4.9,7.3,1267.0,23.5,3.0,24750.0,54250.0,2013.0
436,24.3,5.3,7.4,852.0,13.0,4.0,13775.0,26750.0,2013.0
437,23.5,4.9,7.5,977.0,16.5,5.0,12375.0,30500.0,2013.0
438,24.0,4.4,7.4,1256.0,24.8,6.0,25250.0,55250.0,2013.0
439,23.5,4.8,7.2,1021.0,20.3,4.0,22875.0,43700.0,2013.0
440,23.3,5.1,7.3,971.0,14.8,5.0,2125.0,8425.0,2013.0
441,22.5,4.6,7.4,1284.0,24.3,4.0,21500.0,50000.0,2013.0
442,26.0,4.0,7.4,1096.0,26.0,3.0,31750.0,57500.0,2013.0
443,25.8,4.4,7.3,1002.0,21.5,4.0,21000.0,43750.0,2013.0
448,30.7,4.8,7.6,295.0,0.8,0.0,4.0,9.0,2013.0
449,20.3,7.1,7.5,293.0,1.3,0.0,9.0,19.0,2013.0
450,20.7,7.1,7.5,316.0,1.4,0.0,13.0,22.0,2013.0
451,20.8,6.6,7.5,274.0,1.6,0.0,14.0,24.0,2013.0
452,20.6,4.9,7.4,407.0,16.3,0.0,51.0,120.0,2013.0
453,28.0,4.9,8.3,603.0,1.0,0.0,4.0,5.0,2013.0
454,23.4,5.5,7.4,138.0,0.8,0.0,4.0,6.0,2013.0
455,25.3,5.5,8.1,625.0,1.1,0.0,4.0,6.0,2013.0
456,31.1,5.0,7.3,305.0,1.7,0.0,4.0,12.0,2013.0
457,26.3,5.6,8.1,552.0,1.1,0.0,4.0,6.0,2013.0
458,22.0,7.3,7.3,402.0,2.1,0.0,4.0,32.0,2013.0
459,24.4,7.2,7.3,99.0,2.2,1.0,26.0,57.0,2013.0
460,23.7,7.2,7.4,102.0,2.2,1.0,25.0,56.0,2013.0
461,24.6,7.6,7.2,72.0,1.8,2.56,24.0,57.0,2013.0
462,23.1,7.1,7.5,131.0,2.2,3.2,239.0,413.0,2013.0
463,21.7,5.2,2.9,682.0,7.8,1.5,16.0,30.0,2013.0
464,18.2,7.3,7.1,47.0,1.3,2.0,15.0,48.0,2013.0
465,18.8,7.6,7.2,52.0,1.2,2.0,16.0,36.0,2013.0
466,23.8,8.0,6.9,64.0,1.8,3.38,23.0,49.0,2013.0
467,17.8,7.9,7.3,46.0,1.4,1.0,12.0,29.0,2013.0
468,18.7,7.4,7.2,53.0,1.9,3.0,14.0,32.0,2013.0
469,18.8,7.7,7.2,55.0,1.6,3.0,15.0,63.0,2013.0
470,21.3,6.8,2.7,1074.0,3.2,2.33,4.0,11.0,2013.0
471,22.6,7.1,6.5,237.0,3.8,4.56,674.0,1072.0,2013.0
472,25.2,7.8,7.2,50.0,1.6,1.77,20.0,41.0,2013.0
473,24.8,7.3,7.3,71.0,2.0,2.66,21.0,47.0,2013.0
474,19.9,7.3,7.0,91.0,1.8,3.3,20.0,45.0,2013.0
475,20.7,7.4,7.1,49.0,1.7,2.44,19.0,42.0,2013.0
476,20.6,6.5,7.1,99.0,2.7,3.56,1967.0,2722.0,2013.0
477,21.5,7.5,5.7,50.0,1.5,2.21,10.0,23.0,2013.0
478,17.7,5.8,6.9,68.0,3.1,4.9,197.0,463.0,2013.0
479,17.9,6.9,7.2,44.0,1.4,2.66,14.0,33.0,2013.0
480,23.9,7.8,7.3,93.0,1.9,2.99,264.0,444.0,2013.0
481,18.0,6.6,7.0,66.0,2.3,4.0,29.0,63.0,2013.0
482,18.4,7.6,7.1,53.0,1.7,3.0,23.0,53.0,2013.0
483,18.8,7.8,7.0,47.0,1.4,2.0,8.0,35.0,2013.0
484,24.8,7.7,7.4,128.0,1.6,3.32,25.0,56.0,2013.0
485,19.3,7.1,7.0,54.0,1.8,2.58,20.0,43.0,2013.0
486,20.6,7.4,7.0,69.0,1.6,3.3,17.0,87.0,2013.0
487,20.7,7.5,7.2,58.0,1.6,2.25,21.0,46.0,2013.0
488,18.4,3.1,7.2,401.0,21.8,19.0,22556.0,31444.0,2013.0
489,19.1,4.7,7.2,202.0,13.6,15.0,13444.0,20056.0,2013.0
490,19.7,2.1,7.2,303.0,37.2,18.2,39444.0,62333.0,2013.0
491,20.1,1.8,7.2,394.0,40.6,15.4,57222.0,96944.0,2013.0
492,17.6,7.2,6.9,55.0,1.7,3.04,26.0,56.0,2013.0
493,22.7,7.9,7.1,55.0,1.2,3.55,23.0,50.0,2013.0
494,17.9,6.9,6.9,52.0,2.2,3.48,1576.0,45.0,2013.0
495,18.9,1.9,7.0,306.0,34.2,17.9,48278.0,85667.0,2013.0
496,19.4,4.5,7.1,196.0,15.5,11.0,48611.0,43333.0,2013.0
497,23.7,7.2,7.1,107.0,6.7,5.56,303.0,476.0,2013.0
498,22.7,7.5,7.0,82.0,2.1,3.02,45.0,122.0,2013.0
503,27.4,6.6,7.7,165.0,1.7,0.0,280.0,325.0,2013.0
504,21.9,6.7,7.8,167.0,4.8,1.0,440.0,520.0,2013.0
505,27.5,6.6,7.7,183.0,3.7,1.55,415.0,575.0,2013.0
507,28.0,7.2,7.4,319.0,0.7,0.18,5.0,10.0,2012.0
508,27.0,6.2,8.4,894.0,9.0,0.38,140.0,350.0,2012.0
509,30.0,2.2,8.0,1835.0,17.9,0.86,10478.0,25478.0,2012.0
510,31.0,2.0,7.7,3165.0,32.3,3.44,11498.0,15173.0,2012.0
511,29.0,2.4,7.6,1500.0,6.2,1.31,3.0,13.0,2012.0
513,30.0,6.1,6.8,408.0,1.3,0.17,1300.0,3808.0,2012.0
514,30.0,5.5,6.9,143.0,1.3,0.09,4100.0,11113.0,2012.0
515,29.0,5.4,7.2,60.0,1.5,0.08,428.0,2309.0,2012.0
516,29.0,5.8,7.2,34.0,5.3,0.17,855.0,3322.0,2012.0
517,29.0,5.9,6.7,125.0,1.5,0.14,1638.0,5793.0,2012.0
518,28.0,6.4,6.7,175.0,1.3,0.1,772.0,3636.0,2012.0
519,30.0,6.2,7.7,39.0,1.3,0.06,1296.0,4517.0,2012.0
520,30.0,6.1,7.8,39.0,1.5,0.06,1032.0,5840.0,2012.0
521,27.0,7.3,6.9,61.0,0.7,0.09,1430.0,4388.0,2012.0
522,28.0,6.8,6.6,71.0,1.5,0.14,2495.0,3949.0,2012.0
523,29.0,7.4,6.5,129.0,2.3,0.49,5868.0,16691.0,2012.0
524,28.0,7.0,6.8,503.0,1.6,0.66,965.0,2404.0,2012.0
525,29.0,6.3,7.5,31.0,1.6,0.06,1466.0,4267.0,2012.0
526,29.0,7.1,6.8,70.0,0.8,0.17,716.0,3567.0,2012.0
527,30.0,7.3,6.8,69.0,1.2,0.12,457.0,2446.0,2012.0
528,28.0,6.7,6.6,118.0,1.0,0.22,1104.0,3496.0,2012.0
529,28.0,7.4,6.8,80.0,1.3,0.06,274.0,1404.0,2012.0
530,29.0,4.5,6.6,250.0,2.4,0.16,1572.0,5889.0,2012.0
531,28.0,6.1,6.9,74.0,1.8,0.19,1074.0,3937.0,2012.0
532,30.0,5.9,7.3,44.0,1.6,0.14,962.0,2794.0,2012.0
533,30.0,2.4,6.5,195.0,4.8,0.35,7980.0,14217.0,2012.0
534,31.0,4.0,6.8,207.0,1.8,0.34,818.0,2280.0,2012.0
535,29.0,5.4,7.6,40.0,1.6,0.07,290.0,1330.0,2012.0
536,30.0,5.3,7.6,41.0,1.4,0.08,952.0,2517.0,2012.0
537,29.0,7.0,6.9,54.0,0.8,0.21,667.0,3059.0,2012.0
538,29.0,5.9,7.7,44.0,2.1,0.08,1200.0,831.0,2012.0
539,29.0,7.1,6.5,60.0,1.7,0.13,2926.0,8163.0,2012.0
540,29.0,6.9,7.7,99.0,3.3,0.56,53.0,123.0,2012.0
541,30.0,6.6,7.9,123.0,3.2,0.52,44.0,104.0,2012.0
542,27.0,6.6,7.7,220.0,3.6,0.65,25.0,77.0,2012.0
543,27.0,6.8,7.7,219.0,3.4,0.63,23.0,75.0,2012.0
544,27.0,4.8,7.2,5429.0,8.4,2.08,177.0,408.0,2012.0
545,23.0,6.4,8.0,493.0,4.2,3.91,17.0,68.0,2012.0
546,29.0,6.8,7.6,100.0,3.0,0.54,124.0,295.0,2012.0
547,29.0,6.7,7.5,316.0,4.6,0.6,47.0,132.0,2012.0
548,28.0,5.8,7.9,37227.0,9.5,1.42,231.0,451.0,2012.0
549,29.0,6.9,7.7,84.0,3.1,0.42,69.0,168.0,2012.0
550,25.0,4.9,7.6,21254.0,55.5,2.18,560.0,964.0,2012.0
551,28.0,6.9,7.9,312.0,2.7,1.58,4.0,107.0,2012.0
552,29.0,6.8,7.5,146.0,3.0,0.6,124.0,241.0,2012.0
553,29.0,6.7,7.3,127.0,2.9,0.59,100.0,209.0,2012.0
554,29.0,5.6,6.9,432.0,4.5,1.72,58.0,173.0,2012.0
555,29.0,6.5,7.3,126.0,3.0,0.59,132.0,284.0,2012.0
556,30.0,7.1,7.5,128.0,3.0,0.6,136.0,297.0,2012.0
557,30.0,6.4,7.3,129.0,3.1,0.6,68.0,191.0,2012.0
558,29.0,6.9,7.7,129.0,2.9,0.55,135.0,268.0,2012.0
559,25.0,7.0,7.9,153.0,2.9,0.55,30.0,86.0,2012.0
560,30.0,6.4,7.6,10165.0,3.7,2.14,5.0,139.0,2012.0
561,30.0,6.9,7.7,307.0,2.8,3.6,4.0,123.0,2012.0
562,31.0,6.3,7.7,322.0,3.5,1.1,4.0,116.0,2012.0
563,30.0,6.5,7.5,5835.0,3.4,1.72,4.0,126.0,2012.0
564,30.0,6.3,7.4,9245.0,4.7,2.0,4.0,134.0,2012.0
565,28.0,6.5,8.1,1907.0,4.0,0.55,46.0,115.0,2012.0
566,28.0,7.0,8.0,1896.0,3.5,0.64,190.0,245.0,2012.0
567,28.0,7.0,8.0,206.0,2.9,0.56,31.0,74.0,2012.0
568,27.0,6.8,7.8,239.0,3.3,0.56,33.0,77.0,2012.0
569,27.0,6.4,7.6,152.0,3.2,0.96,62.0,142.0,2012.0
570,26.0,6.7,7.7,146.0,3.0,0.89,30.0,73.0,2012.0
571,27.0,6.7,7.6,137.0,2.9,0.76,24.0,64.0,2012.0
572,28.0,6.6,7.8,228.0,3.5,0.57,30.0,79.0,2012.0
573,23.0,7.0,7.7,409.0,2.4,0.93,4.0,112.0,2012.0
574,22.0,6.8,7.6,263.0,2.9,0.81,4.0,123.0,2012.0
575,23.0,6.9,7.5,338.0,2.3,3.93,4.0,108.0,2012.0
576,26.0,7.0,7.2,79.0,0.8,0.62,279.0,637.0,2012.0
577,26.0,6.6,7.0,67.0,1.1,0.53,275.0,670.0,2012.0
578,26.0,6.6,7.3,59.0,0.7,0.57,281.0,541.0,2012.0
579,26.0,6.2,7.3,66.0,0.8,0.55,303.0,609.0,2012.0
580,26.0,7.1,7.0,67.0,1.0,0.34,170.0,538.0,2012.0
581,26.0,7.0,6.7,5341.0,1.1,0.37,158.0,528.0,2012.0
582,29.0,6.7,7.3,89.0,1.1,0.35,1163.0,2025.0,2012.0
583,28.0,6.2,7.3,136.0,1.0,0.46,296.0,676.0,2012.0
584,28.0,7.1,8.1,212.0,0.9,0.56,524.0,992.0,2012.0
585,29.0,6.3,6.3,134.0,1.2,0.67,224.0,780.0,2012.0
586,26.0,7.3,7.2,76.0,0.6,0.31,468.0,893.0,2012.0
587,26.0,7.0,7.3,11041.0,0.9,0.29,256.0,503.0,2012.0
588,28.0,6.8,7.1,75.0,0.8,0.5,693.0,1169.0,2012.0
589,29.0,7.4,7.2,61.0,0.7,0.11,54.0,255.0,2012.0
590,28.0,1.7,6.6,769.0,3.4,1.11,556.0,1717.0,2012.0
591,26.0,6.1,7.5,14083.0,1.4,0.25,920.0,2686.0,2012.0
592,26.0,6.6,7.2,92.0,0.8,0.77,332.0,660.0,2012.0
593,25.0,6.6,7.2,1348.0,0.8,1.01,392.0,810.0,2012.0
594,29.0,6.0,6.7,95.0,1.2,0.29,253.0,680.0,2012.0
595,29.0,6.6,6.8,78.0,1.0,0.2,275.0,626.0,2012.0
596,28.0,0.6,6.7,268.0,4.1,1.28,400.0,1308.0,2012.0
597,27.0,1.8,6.6,82.0,2.0,0.39,399.0,1410.0,2012.0
598,25.0,7.1,7.2,61.0,1.0,0.34,251.0,608.0,2012.0
599,26.0,3.9,7.6,30298.0,2.5,0.59,4830.0,7240.0,2012.0
600,27.0,6.6,8.0,310.0,1.1,0.54,517.0,783.0,2012.0
601,27.0,7.0,7.1,97.0,0.8,0.35,45.0,77.0,2012.0
602,29.0,7.3,7.0,51.0,0.7,0.18,65.0,258.0,2012.0
603,29.0,0.5,7.1,1717.0,21.2,4.41,3317.0,15833.0,2012.0
604,29.0,7.0,7.4,55.0,0.9,0.32,800.0,1400.0,2012.0
605,29.0,6.1,6.8,67.0,1.1,0.58,80.0,394.0,2012.0
606,27.0,7.0,6.7,61.0,1.3,0.28,168.0,248.0,2012.0
607,30.0,5.2,6.9,81.0,1.5,0.37,71.0,465.0,2012.0
608,27.0,6.1,8.0,510.0,1.1,0.72,784.0,1572.0,2012.0
609,27.0,6.5,6.9,12150.0,1.8,0.52,711.0,1481.0,2012.0
610,25.0,7.9,7.2,50.0,1.1,0.3,319.0,845.0,2012.0
611,25.0,7.5,6.9,34.0,0.9,0.14,110.0,256.0,2012.0
612,26.0,7.0,7.4,72.0,1.0,0.38,496.0,897.0,2012.0
613,29.0,7.3,7.3,99.0,0.9,0.23,1088.0,1788.0,2012.0
614,27.0,7.5,6.9,125.0,1.6,0.45,970.0,1400.0,2012.0
615,27.0,6.8,6.9,116.0,1.7,0.4,825.0,1260.0,2012.0
616,27.0,5.8,7.3,107.0,0.9,0.88,232.0,343.0,2012.0
617,28.0,7.1,7.2,85.0,0.8,0.31,67.0,184.0,2012.0
618,26.0,6.8,7.1,58.0,0.7,0.46,2010.0,3460.0,2012.0
619,29.0,5.7,7.3,13197.0,1.5,0.35,46.0,144.0,2012.0
620,27.0,6.7,7.1,58.0,1.2,0.39,964.0,1739.0,2012.0
621,28.0,7.0,6.9,3453.0,0.9,0.17,56.0,278.0,2012.0
622,29.0,6.5,7.0,14369.0,1.3,0.27,63.0,175.0,2012.0
623,28.0,6.6,7.3,70.0,1.4,0.39,838.0,1875.0,2012.0
624,29.0,7.0,7.3,60.0,0.8,0.18,631.0,1813.0,2012.0
625,26.0,6.3,7.2,97.0,0.8,0.56,357.0,880.0,2012.0
626,28.0,6.0,7.0,63.0,1.1,1.04,243.0,493.0,2012.0
627,28.0,4.4,7.1,113.0,1.5,1.17,358.0,722.0,2012.0
628,28.0,4.5,7.2,79.0,1.0,1.04,279.0,537.0,2012.0
629,28.0,5.1,6.9,1789.0,2.1,0.68,408.0,1946.0,2012.0
630,27.0,7.5,7.2,36.0,1.1,0.27,282.0,1134.0,2012.0
631,28.0,6.8,7.0,59.0,1.3,0.32,648.0,2267.0,2012.0
632,28.0,6.8,6.9,114.0,1.4,0.23,388.0,1785.0,2012.0
633,28.0,5.9,6.8,1108.0,2.2,0.62,386.0,1520.0,2012.0
634,28.0,4.9,6.7,88.0,2.2,0.28,480.0,2200.0,2012.0
635,28.0,6.8,6.9,1686.0,1.4,0.25,236.0,1223.0,2012.0
636,28.0,7.1,6.9,45.0,1.2,0.29,451.0,1636.0,2012.0
637,26.0,6.9,6.6,56.0,1.1,0.3,177.0,542.0,2012.0
638,28.0,6.5,6.3,49.0,1.0,0.22,87.0,323.0,2012.0
639,29.0,4.9,6.6,169.0,2.1,0.76,250.0,1241.0,2012.0
640,28.0,4.2,6.5,19575.0,1.4,0.39,210.0,528.0,2012.0
641,28.0,6.9,7.1,63.0,0.9,0.16,152.0,336.0,2012.0
642,26.0,6.6,6.7,69.0,0.8,0.38,185.0,464.0,2012.0
643,29.0,4.5,6.6,6381.0,2.1,0.34,196.0,435.0,2012.0
644,29.0,6.2,7.2,9326.0,1.3,0.22,61.0,141.0,2012.0
645,27.0,6.6,7.1,15158.0,1.1,0.26,126.0,810.0,2012.0
646,29.0,6.3,7.3,74.0,1.2,0.29,725.0,1813.0,2012.0
647,27.0,6.0,7.6,429.0,1.1,1.1,3.0,362.0,2012.0
648,27.0,6.0,7.8,308.0,1.1,1.47,3.0,343.0,2012.0
649,20.0,5.8,7.4,505.0,0.6,0.73,4.0,1517.0,2012.0
650,24.0,6.1,7.5,465.0,0.5,0.34,4.0,1458.0,2012.0
651,28.0,6.4,7.1,183.0,2.3,0.62,209.0,398.0,2012.0
652,27.0,7.1,7.4,135.0,1.9,0.72,419.0,995.0,2012.0
655,22.0,7.8,7.9,213.0,1.5,0.35,7742.0,15083.0,2012.0
656,22.0,7.7,8.1,312.0,2.0,0.75,12675.0,32017.0,2012.0
657,24.0,6.9,7.6,99.0,1.6,1.39,3066.0,5395.0,2012.0
658,27.0,7.3,8.0,230.0,1.6,0.69,2346.0,4348.0,2012.0
659,26.0,6.8,8.1,264.0,2.6,1.16,2428.0,5142.0,2012.0
660,25.0,7.2,8.1,272.0,3.1,1.46,2196.0,4586.0,2012.0
661,28.0,8.0,8.3,312.0,1.4,0.73,1618.0,4319.0,2012.0
662,29.0,8.2,8.0,19595.0,2.0,0.94,624.0,1116.0,2012.0
663,26.0,7.0,8.0,199.0,1.8,1.11,1503.0,3573.0,2012.0
664,28.0,7.2,8.1,201.0,1.6,0.36,1239.0,2324.0,2012.0
670,27.0,6.8,7.5,890.0,2.1,0.51,274.0,589.0,2012.0
671,23.0,7.3,7.6,160.0,1.9,0.06,32.0,89.0,2012.0
672,25.0,7.0,7.7,111.0,2.2,0.08,53.0,131.0,2012.0
673,26.0,6.7,7.7,139.0,3.1,0.22,123.0,300.0,2012.0
674,29.0,7.2,7.2,288.0,2.1,0.14,33.0,91.0,2012.0
675,24.0,7.0,7.1,95.0,1.9,0.08,47.0,118.0,2012.0
676,24.0,7.0,7.5,84.0,1.7,0.06,32.0,87.0,2012.0
677,29.0,7.4,7.0,3101.0,15.6,0.15,76.0,174.0,2012.0
678,29.0,7.2,7.3,510.0,2.9,0.08,46.0,123.0,2012.0
679,24.0,7.1,7.4,88.0,1.8,0.07,34.0,90.0,2012.0
680,29.0,7.2,6.9,338.0,3.8,0.07,44.0,104.0,2012.0
681,26.0,6.7,7.6,162.0,3.3,0.16,90.0,249.0,2012.0
682,27.0,6.7,7.6,182.0,4.1,0.15,92.0,251.0,2012.0
683,32.0,0.2,7.2,2219.0,185.8,1.75,180000000.0,300000000.0,2012.0
685,21.0,5.5,7.4,635.0,8.8,5.08,1400.0,5500.0,2012.0
686,24.0,5.5,7.4,1051.0,25.0,6.8,32000.0,63000.0,2012.0
687,21.0,5.3,7.3,636.0,9.9,5.0,2150.0,10000.0,2012.0
688,24.0,5.1,7.4,993.0,21.9,6.63,36250.0,57750.0,2012.0
689,21.0,5.3,7.5,632.0,13.5,5.08,20000.0,34750.0,2012.0
690,18.0,4.9,7.4,973.0,17.5,4.77,22000.0,40667.0,2012.0
691,22.0,4.3,7.5,1156.0,24.5,7.65,33750.0,65000.0,2012.0
692,22.0,4.8,7.4,904.0,26.0,8.6,31750.0,55000.0,2012.0
693,21.0,5.1,7.4,1110.0,16.0,14.85,3475.0,12000.0,2012.0
694,24.0,5.3,7.4,1290.0,26.9,8.1,36250.0,66250.0,2012.0
695,22.0,4.9,7.4,990.0,27.8,6.78,19000.0,40500.0,2012.0
696,22.0,5.2,7.4,914.0,20.5,6.18,14750.0,29500.0,2012.0
700,33.0,4.8,7.5,280.0,2.4,0.72,3.0,4.0,2012.0
701,20.0,7.7,7.4,344.0,1.2,0.37,9.0,19.0,2012.0
702,20.0,7.3,7.0,310.0,1.4,0.38,13.0,22.0,2012.0
703,20.0,7.1,7.7,303.0,1.5,0.34,13.0,23.0,2012.0
705,18.0,6.2,7.5,788.0,41.5,4.08,105.0,235.0,2012.0
706,24.0,6.0,8.3,468.0,1.4,0.43,5.0,16.0,2012.0
707,19.0,5.9,7.3,234.0,1.5,0.36,4.0,12.0,2012.0
708,23.0,6.4,8.0,527.0,1.2,0.35,5.0,21.0,2012.0
709,24.0,5.9,7.9,796.0,1.5,0.48,4.0,14.0,2012.0
751,25.0,7.7,7.2,95.0,1.8,2.67,22.0,50.0,2012.0
752,25.0,7.6,7.2,92.0,2.5,2.41,20.0,45.0,2012.0
753,25.0,9.9,7.2,65.0,1.5,2.31,21.0,55.0,2012.0
754,24.0,7.6,7.4,93.0,2.1,2.89,276.0,408.0,2012.0
755,22.0,5.5,2.9,568.0,6.8,1.12,18.0,33.0,2012.0
756,16.0,7.6,7.0,42.0,1.3,3.01,11.0,27.0,2012.0
757,17.0,7.7,7.1,45.0,1.4,2.89,9.0,22.0,2012.0
758,23.0,8.3,7.0,59.0,1.7,2.86,16.0,33.0,2012.0
759,25.0,6.9,2.6,1072.0,3.2,1.17,3.0,21.0,2012.0
760,25.0,7.7,6.3,250.0,2.1,3.88,180.0,326.0,2012.0
761,25.0,8.8,7.3,37.0,1.5,1.62,15.0,35.0,2012.0
762,25.0,7.3,7.3,72.0,2.0,1.65,17.0,36.0,2012.0
763,20.0,7.5,7.0,38.0,1.7,2.2,18.0,40.0,2012.0
764,22.0,7.8,7.1,44.0,1.6,2.62,15.0,33.0,2012.0
765,20.0,7.0,7.0,100.0,2.4,3.03,1967.0,2600.0,2012.0
766,21.0,7.5,6.3,52.0,1.7,0.82,7.0,21.0,2012.0
767,16.0,6.4,6.9,61.0,2.6,3.88,227.0,538.0,2012.0
768,17.0,7.5,7.1,39.0,1.4,2.88,12.0,22.0,2012.0
769,17.0,8.0,7.1,41.0,1.4,3.35,10.0,25.0,2012.0
770,24.0,7.9,7.3,93.0,1.7,5.02,295.0,418.0,2012.0
771,18.0,7.5,6.9,69.0,1.9,4.92,20.0,49.0,2012.0
772,18.0,7.9,7.2,46.0,1.7,2.72,20.0,45.0,2012.0
773,18.0,8.0,7.2,42.0,1.4,2.47,5.0,31.0,2012.0
774,25.0,7.7,7.1,101.0,1.5,3.42,16.0,43.0,2012.0
775,19.0,7.2,7.1,49.0,1.6,2.86,17.0,40.0,2012.0
776,21.0,8.2,7.1,49.0,1.2,2.81,15.0,32.0,2012.0
777,21.0,7.8,7.1,58.0,1.5,2.97,19.0,43.0,2012.0
778,18.0,3.9,7.1,235.0,16.9,16.61,16500.0,23000.0,2012.0
779,18.0,4.9,7.1,182.0,14.2,11.61,10417.0,15500.0,2012.0
780,19.0,2.7,7.1,281.0,35.4,14.84,41000.0,62667.0,2012.0
781,19.0,2.5,7.1,382.0,37.2,11.81,53083.0,87167.0,2012.0
782,18.0,8.0,7.0,48.0,1.4,3.8,17.0,41.0,2012.0
783,24.0,8.4,7.1,48.0,1.2,3.08,18.0,45.0,2012.0
784,17.0,6.8,6.6,49.0,1.9,3.07,18.0,38.0,2012.0
785,18.0,2.1,7.0,286.0,45.6,10.61,51250.0,84500.0,2012.0
786,19.0,4.0,7.1,194.0,22.4,10.47,29500.0,45250.0,2012.0
787,24.0,7.7,7.2,107.0,6.6,3.02,285.0,425.0,2012.0
788,22.0,7.6,7.1,51.0,2.0,2.6,37.0,81.0,2012.0
789,20.0,7.7,7.1,46.0,1.6,3.93,8.0,22.0,2012.0
790,20.0,7.7,7.1,49.0,1.9,3.89,11.0,26.0,2012.0
791,24.0,6.5,7.4,297.0,1.0,0.13,26.0,438.0,2012.0
792,24.0,6.3,7.5,287.0,0.9,0.14,5.0,204.0,2012.0
793,24.0,6.5,7.2,375.0,1.1,0.17,33.0,625.0,2012.0
794,24.0,6.9,6.9,349.0,1.1,0.18,38.0,503.0,2012.0
796,28.0,6.4,8.0,155.0,3.9,0.5,512.0,516.0,2012.0
797,27.0,6.5,8.0,168.0,4.2,0.99,488.0,616.0,2012.0
800,28.1,4.6,8.0,23576.0,158.8,6.88,35.0,46.0,2011.0
807,27.6,7.1,7.3,212.0,1.4,0.84,3.0,6.0,2011.0
808,28.2,5.0,8.3,12771.0,4.1,1.48,7.0,30.0,2011.0
809,28.0,6.7,8.0,304.0,1.5,0.18,1500.0,3550.0,2011.0
810,28.5,5.8,7.7,1315.0,2.5,0.22,1900.0,6800.0,2011.0
811,29.5,5.9,7.6,36593.0,3.9,0.07,1200.0,3200.0,2011.0
812,27.0,7.6,7.7,1291.0,10.0,0.34,23.0,77.0,2011.0
813,29.5,6.0,7.7,18865.0,3.6,3.12,900.0,2450.0,2011.0
814,27.0,4.3,8.4,605.0,6.5,1.68,5.0,15.0,2011.0
815,26.7,3.7,8.2,600.0,4.3,1.66,6.0,20.0,2011.0
816,27.0,4.6,7.2,729.0,4.0,0.33,900.0,2300.0,2011.0
818,28.7,6.8,6.5,43.0,1.1,0.42,8.0,178.0,2011.0
819,29.3,6.6,7.0,59.0,1.1,0.27,8.0,113.0,2011.0
820,28.8,6.0,6.2,106.0,1.5,0.28,9.0,166.0,2011.0
821,28.3,5.9,6.6,516.0,1.1,0.18,8.0,169.0,2011.0
822,25.8,7.3,6.1,87.0,0.9,0.33,6.0,169.0,2011.0
823,28.3,7.3,5.9,74.0,1.5,0.22,8.0,163.0,2011.0
824,27.8,6.7,6.3,127.0,2.0,0.44,10.0,149.0,2011.0
825,26.0,6.8,6.2,226.0,1.6,0.18,9.0,151.0,2011.0
826,27.8,7.1,5.9,93.0,1.8,0.28,9.0,131.0,2011.0
827,26.3,7.4,6.2,76.0,1.3,0.41,11.0,133.0,2011.0
828,25.7,7.3,6.2,113.0,1.2,0.33,9.0,137.0,2011.0
829,29.0,7.3,5.9,100.0,1.3,0.27,6.0,173.0,2011.0
830,26.9,6.0,5.9,273.0,1.8,0.31,10.0,171.0,2011.0
831,27.0,6.1,6.5,201.0,2.0,0.43,9.0,149.0,2011.0
832,27.5,6.2,6.3,245.0,1.8,0.31,7.0,135.0,2011.0
833,28.3,7.0,6.5,75.0,0.9,0.22,7.0,166.0,2011.0
834,29.0,7.3,6.0,74.0,1.6,0.11,8.0,181.0,2011.0
835,28.2,7.1,7.9,108.0,3.3,0.42,65.0,137.0,2011.0
837,27.4,7.0,8.0,129.0,3.5,0.49,40.0,105.0,2011.0
838,27.3,7.0,8.0,130.0,3.3,0.46,33.0,93.0,2011.0
839,28.5,5.7,7.4,2323.0,6.3,1.47,400.0,541.0,2011.0
840,28.4,5.9,7.6,462.0,4.9,2.47,23.0,63.0,2011.0
841,28.4,7.0,7.7,107.0,3.8,0.4,131.0,285.0,2011.0
842,28.9,6.2,7.4,299.0,5.1,0.95,209.0,401.0,2011.0
843,28.2,5.9,7.8,33259.0,6.8,1.61,114.0,228.0,2011.0
844,28.9,7.2,7.9,77.0,3.2,0.42,164.0,282.0,2011.0
845,27.0,3.2,7.4,28018.0,46.0,1.67,908.0,1164.0,2011.0
846,27.9,6.8,7.8,350.0,2.6,1.99,2.0,72.0,2011.0
847,26.8,6.9,7.5,133.0,3.2,0.55,252.0,409.0,2011.0
848,27.2,6.9,7.5,143.0,3.4,0.54,149.0,307.0,2011.0
849,26.8,6.1,6.9,609.0,4.2,3.1,65.0,135.0,2011.0
850,26.9,6.8,7.4,129.0,3.2,0.86,51.0,133.0,2011.0
851,26.8,6.7,7.4,130.0,3.2,0.75,45.0,124.0,2011.0
852,26.9,6.6,7.4,130.0,5.0,0.74,67.0,158.0,2011.0
853,26.9,6.7,7.5,120.0,3.6,0.73,85.0,226.0,2011.0
854,26.2,7.1,7.9,139.0,3.2,0.45,74.0,147.0,2011.0
855,27.4,6.0,7.4,13925.0,59.1,3.08,4.0,116.0,2011.0
856,26.4,6.7,7.7,274.0,2.3,2.04,5.0,88.0,2011.0
857,26.7,6.3,7.9,326.0,2.5,2.32,2.0,71.0,2011.0
858,27.3,6.3,7.9,7392.0,2.4,6.41,4.0,71.0,2011.0
859,27.4,6.3,7.7,12051.0,4.4,5.37,4.0,102.0,2011.0
860,27.6,7.0,8.3,162.0,3.8,0.48,44.0,90.0,2011.0
861,27.5,7.0,8.3,212.0,3.6,0.44,47.0,90.0,2011.0
862,27.5,7.1,8.3,227.0,3.2,0.48,67.0,124.0,2011.0
863,26.9,6.8,8.2,314.0,4.3,0.45,28.0,69.0,2011.0
864,25.9,6.8,7.8,151.0,3.4,0.5,601.0,740.0,2011.0
865,25.9,7.0,7.8,123.0,3.4,0.44,42.0,100.0,2011.0
866,26.0,6.9,7.8,139.0,3.3,0.76,85.0,169.0,2011.0
867,26.9,6.8,8.2,313.0,4.0,0.49,49.0,99.0,2011.0
868,24.8,6.7,7.8,215.0,2.5,0.83,2.0,51.0,2011.0
869,26.2,6.7,7.8,204.0,2.5,0.77,2.0,68.0,2011.0
870,25.3,6.9,7.7,205.0,2.2,0.93,2.0,55.0,2011.0
871,26.6,7.1,6.9,72.0,0.5,0.25,278.0,641.0,2011.0
872,26.8,6.6,6.9,70.0,0.9,0.49,223.0,495.0,2011.0
873,26.6,6.9,7.1,52.0,0.8,0.18,46.0,520.0,2011.0
874,26.8,7.2,7.0,830.0,0.8,0.16,94.0,654.0,2011.0
875,29.3,6.3,6.9,95.0,1.3,0.99,750.0,1325.0,2011.0
876,25.4,7.2,7.4,164.0,0.9,0.46,1325.0,2225.0,2011.0
877,25.5,6.9,7.5,231.0,0.8,0.55,1000.0,1725.0,2011.0
878,26.6,6.5,6.9,101.0,1.3,0.47,468.0,1127.0,2011.0
879,24.7,7.1,7.1,64.0,0.6,0.4,283.0,646.0,2011.0
880,24.8,7.1,7.1,4600.0,0.6,0.35,229.0,538.0,2011.0
881,28.0,7.5,7.2,52.0,0.6,0.15,285.0,900.0,2011.0
882,27.4,2.0,6.8,265.0,2.4,2.3,1525.0,5425.0,2011.0
883,26.0,5.6,7.0,12769.0,1.2,0.41,725.0,1650.0,2011.0
884,27.4,7.1,7.0,90.0,0.6,0.64,338.0,625.0,2011.0
885,26.5,6.1,7.0,248.0,0.8,0.66,500.0,1150.0,2011.0
886,28.4,6.0,7.0,94.0,1.1,0.13,183.0,370.0,2011.0
887,28.8,6.5,7.5,76.0,0.8,0.08,275.0,585.0,2011.0
888,26.7,1.5,6.6,192.0,3.6,0.92,881.0,2978.0,2011.0
889,26.4,2.0,6.8,79.0,2.4,0.2,456.0,1275.0,2011.0
890,26.5,7.2,7.1,52.0,0.6,0.15,298.0,687.0,2011.0
891,25.5,4.0,7.5,25964.0,1.1,0.76,945.0,1588.0,2011.0
892,28.0,7.2,7.3,54.0,0.9,0.25,330.0,610.0,2011.0
893,28.0,0.8,7.1,1239.0,11.9,1.87,4250.0,11000.0,2011.0
894,27.9,6.4,6.5,58.0,1.3,0.34,255.0,960.0,2011.0
895,28.1,6.3,6.8,77.0,1.2,0.16,73.0,208.0,2011.0
896,28.6,5.4,6.6,80.0,1.6,0.27,335.0,775.0,2011.0
897,25.3,5.8,7.8,666.0,1.0,0.24,993.0,1650.0,2011.0
898,28.3,6.6,7.2,12768.0,1.1,0.13,88.0,1412.0,2011.0
899,26.1,7.7,7.2,44.0,1.0,0.28,29.0,148.0,2011.0
900,24.3,7.1,7.0,27.0,0.4,0.11,73.0,218.0,2011.0
901,26.0,7.3,7.2,59.0,0.6,0.19,160.0,465.0,2011.0
902,28.5,7.8,7.1,119.0,0.7,0.87,875.0,1725.0,2011.0
903,26.6,7.3,7.1,54.0,1.3,0.41,415.0,913.0,2011.0
904,26.8,7.0,6.6,104.0,1.5,0.49,500.0,1000.0,2011.0
905,28.0,6.0,7.2,92.0,0.7,0.38,765.0,1390.0,2011.0
906,26.2,6.8,6.6,48.0,0.5,0.44,1225.0,2025.0,2011.0
907,28.5,5.6,7.1,20455.0,0.6,0.58,433.0,675.0,2011.0
908,26.5,7.0,7.0,56.0,1.1,0.43,768.0,1725.0,2011.0
909,29.3,6.7,6.9,2531.0,0.5,0.22,308.0,465.0,2011.0
910,29.3,6.2,7.2,15362.0,0.8,0.39,830.0,1303.0,2011.0
911,27.0,7.3,7.2,62.0,0.8,0.95,525.0,985.0,2011.0
912,27.3,7.6,7.2,59.0,0.6,0.65,463.0,1163.0,2011.0
913,27.9,6.4,6.8,83.0,0.5,0.42,175.0,575.0,2011.0
914,27.8,7.0,6.6,50.0,0.6,0.75,295.0,578.0,2011.0
915,27.8,6.7,6.8,76.0,1.2,1.21,310.0,625.0,2011.0
916,28.3,6.7,6.6,64.0,0.9,1.35,428.0,838.0,2011.0
917,27.5,5.6,6.9,943.0,1.5,0.4,655.0,1925.0,2011.0
918,26.3,7.4,7.0,38.0,0.9,0.26,386.0,1196.0,2011.0
919,27.0,6.7,6.9,43.0,1.0,0.3,1043.0,2750.0,2011.0
920,27.4,7.1,7.3,48.0,1.5,0.36,595.0,1775.0,2011.0
921,27.0,6.2,6.8,309.0,1.6,0.39,1129.0,2725.0,2011.0
922,27.4,5.2,6.8,61.0,1.8,0.33,1123.0,2650.0,2011.0
923,27.3,6.8,6.9,995.0,1.1,0.24,349.0,1258.0,2011.0
924,27.0,6.8,6.9,52.0,0.9,0.45,39.0,198.0,2011.0
925,27.8,6.2,6.6,44.0,0.7,0.21,715.0,1630.0,2011.0
926,28.4,4.5,6.5,77.0,1.1,0.34,400.0,2675.0,2011.0
927,28.8,4.0,7.0,19279.0,0.9,0.03,98.0,233.0,2011.0
928,28.8,7.0,7.4,69.0,1.0,0.12,230.0,660.0,2011.0
929,25.9,6.5,6.8,58.0,0.5,0.24,303.0,1026.0,2011.0
930,28.0,4.6,6.9,98.0,0.6,0.11,168.0,348.0,2011.0
931,28.5,6.6,7.3,12327.0,0.6,0.71,1326.0,2210.0,2011.0
932,28.8,7.1,7.0,51.0,1.0,0.78,750.0,1700.0,2011.0
933,27.6,6.2,7.5,371.0,1.1,1.62,3.0,528.0,2011.0
934,27.6,6.2,7.7,316.0,1.3,2.41,3.0,312.0,2011.0
935,28.3,7.3,7.1,241.0,2.9,1.17,100.0,185.0,2011.0
936,27.5,7.7,7.4,121.0,1.4,0.64,378.0,1255.0,2011.0
937,30.5,6.5,7.3,64.0,1.0,2.6,236.0,420.0,2011.0
938,29.5,6.9,7.4,57.0,1.0,1.28,46.0,409.0,2011.0
939,22.3,7.5,8.0,211.0,1.9,0.39,3005.0,6858.0,2011.0
940,22.3,7.2,8.0,263.0,3.7,0.63,6625.0,14725.0,2011.0
941,25.0,7.0,7.6,111.0,1.6,0.67,1081.0,2743.0,2011.0
942,25.9,7.5,7.9,205.0,1.5,1.0,1615.0,3542.0,2011.0
943,25.9,7.1,7.7,283.0,2.3,1.73,2882.0,6692.0,2011.0
944,24.8,7.4,8.0,263.0,1.7,0.65,3113.0,6617.0,2011.0
945,27.5,8.1,8.0,300.0,2.3,0.45,2272.0,4569.0,2011.0
946,28.0,7.8,8.0,13103.0,2.1,0.59,277.0,739.0,2011.0
947,25.0,7.4,8.0,207.0,1.5,0.53,1356.0,2872.0,2011.0
948,25.8,7.2,8.0,198.0,1.4,0.57,677.0,1850.0,2011.0
954,28.4,6.3,7.6,830.0,1.8,0.24,738.0,2020.0,2011.0
957,24.8,5.8,7.2,732.0,8.5,3.83,1089.0,4838.0,2011.0
958,24.0,5.6,7.4,1322.0,15.3,15.0,16750.0,41500.0,2011.0
959,25.0,5.4,7.3,809.0,10.0,4.2,4278.0,8975.0,2011.0
960,23.3,5.7,7.3,1103.0,14.3,13.75,20250.0,52500.0,2011.0
961,25.8,5.7,7.5,906.0,24.0,14.18,7863.0,17625.0,2011.0
962,25.8,3.5,7.4,1064.0,20.0,13.2,8000.0,14500.0,2011.0
963,25.8,3.2,7.6,1197.0,27.3,19.2,20250.0,40250.0,2011.0
964,26.0,4.7,7.3,1383.0,32.8,16.4,14388.0,42875.0,2011.0
965,26.0,4.8,7.4,1063.0,16.0,5.03,3138.0,8025.0,2011.0
966,24.4,5.3,7.5,1532.0,18.3,15.8,27000.0,63500.0,2011.0
967,23.4,5.6,7.5,1269.0,34.5,12.15,22000.0,60000.0,2011.0
968,24.3,5.4,7.4,1194.0,22.0,8.3,10000.0,35000.0,2011.0
972,28.0,4.8,7.9,650.0,3.2,0.68,6.0,62.0,2011.0
973,32.0,5.0,7.3,390.0,2.8,0.14,4.0,20.0,2011.0
974,21.4,8.3,7.6,334.0,1.0,0.49,9.0,16.0,2011.0
975,22.3,8.2,7.7,316.0,1.2,0.48,11.0,20.0,2011.0
977,22.8,8.3,7.6,304.0,1.2,0.51,12.0,20.0,2011.0
978,21.8,5.5,7.6,743.0,7.6,1.02,81.0,166.0,2011.0
979,26.9,5.1,7.8,657.0,1.7,0.26,6.0,23.0,2011.0
1017,24.4,7.8,7.2,139.0,1.9,0.56,263.0,359.0,2011.0
1018,21.8,6.5,3.1,489.0,6.1,0.52,32.0,47.0,2011.0
1019,20.8,7.3,7.0,162.0,2.2,0.69,2085.0,2633.0,2011.0
1020,25.2,7.8,7.1,136.0,1.9,0.52,303.0,409.0,2011.0
1021,24.0,7.7,7.1,205.0,7.0,0.84,303.0,461.0,2011.0
1022,23.4,8.1,7.1,267.0,1.0,0.11,2.0,12.0,2011.0
1023,23.4,8.0,7.0,278.0,1.1,0.11,3.0,18.0,2011.0
1024,23.2,6.9,7.2,268.0,1.1,0.11,6.0,37.0,2011.0
1025,23.3,6.8,7.1,286.0,1.3,0.11,8.0,29.0,2011.0
1027,28.6,6.3,8.0,164.0,3.4,0.3,380.0,528.0,2011.0
1028,28.5,6.6,7.9,196.0,4.4,0.8,425.0,648.0,2011.0
1029,29.9,5.6,7.5,15608.0,25.0,18.73,5.0,5.0,2010.0
1037,26.0,5.1,8.1,533.0,3.7,0.45,3900.0,7500.0,2010.0
1038,27.0,7.1,8.0,555.0,2.0,0.35,7500.0,15000.0,2010.0
1039,27.0,6.8,8.2,26600.0,3.1,0.62,9000.0,23000.0,2010.0
1040,29.3,8.1,7.6,938.0,8.6,0.4,22.0,108.0,2010.0
1041,28.4,6.2,7.8,7778.0,2.7,0.26,2880.0,6581.0,2010.0
1043,28.3,3.2,7.7,885.0,6.3,0.51,3900.0,9575.0,2010.0
1044,29.3,6.6,6.5,58.0,1.8,0.87,0.0,53.0,2010.0
1045,28.8,6.6,6.6,145.0,1.5,0.65,4.0,98.0,2010.0
1046,29.0,6.3,6.6,55.0,1.8,0.36,8.0,140.0,2010.0
1047,28.8,6.4,6.4,188.0,2.0,0.44,15.0,153.0,2010.0
1048,27.3,6.9,6.2,61.0,1.7,1.07,7.0,117.0,2010.0
1049,28.3,7.2,6.1,62.0,2.6,0.92,8.0,123.0,2010.0
1050,29.0,6.9,6.6,154.0,1.9,0.83,17.0,173.0,2010.0
1051,27.6,7.0,6.3,742.0,1.6,0.42,8.0,139.0,2010.0
1052,28.8,7.6,6.2,62.0,1.1,0.38,12.0,160.0,2010.0
1053,28.3,7.1,6.2,69.0,1.4,0.56,7.0,141.0,2010.0
1054,27.8,6.8,6.0,93.0,1.9,0.75,9.0,136.0,2010.0
1055,28.5,7.1,6.2,89.0,1.4,0.68,6.0,119.0,2010.0
1056,28.1,6.3,6.2,110.0,1.5,0.59,8.0,157.0,2010.0
1057,29.0,6.2,7.0,77.0,1.8,0.46,11.0,173.0,2010.0
1058,29.5,6.2,6.8,67.0,1.7,0.61,8.0,145.0,2010.0
1059,30.2,6.9,6.5,62.0,1.4,0.6,10.0,107.0,2010.0
1060,28.3,6.7,6.2,62.0,0.9,0.57,8.0,187.0,2010.0
1061,28.7,6.8,7.9,119.0,3.5,0.58,286.0,517.0,2010.0
1062,26.0,7.0,7.7,88.0,3.2,0.13,8.0,17.0,2010.0
1065,24.0,7.0,7.4,3113.0,4.0,2.16,95.0,350.0,2010.0
1066,32.1,5.5,8.1,363.0,8.4,2.15,16.0,69.0,2010.0
1067,30.3,6.9,7.5,86.0,3.6,0.4,316.0,582.0,2010.0
1068,30.1,6.4,7.4,621.0,37.8,1.79,413.0,728.0,2010.0
1069,28.8,5.2,7.9,42354.0,9.5,1.1,126.0,253.0,2010.0
1070,28.7,6.9,7.4,73.0,3.5,0.27,482.0,659.0,2010.0
1071,29.0,3.4,7.4,17842.0,31.5,3.32,1767.0,1767.0,2010.0
1072,28.5,7.4,8.1,254.0,2.2,0.15,3.0,75.0,2010.0
1073,27.7,6.7,7.4,125.0,3.7,0.4,514.0,820.0,2010.0
1074,28.6,6.6,7.5,129.0,3.9,0.4,129.0,381.0,2010.0
1075,27.1,6.1,7.3,515.0,5.1,2.02,82.0,212.0,2010.0
1076,27.1,6.6,7.4,122.0,3.6,0.46,172.0,361.0,2010.0
1077,27.0,6.5,7.3,131.0,3.8,0.79,108.0,261.0,2010.0
1078,26.8,6.7,7.3,130.0,3.4,0.57,133.0,318.0,2010.0
1079,26.8,6.6,7.4,95.0,3.7,0.53,147.0,217.0,2010.0
1080,26.4,6.8,7.7,143.0,3.6,0.43,38.0,109.0,2010.0
1081,22.1,6.3,7.5,10825.0,2.9,1.93,5.0,101.0,2010.0
1082,22.3,7.1,7.4,185.0,2.2,0.63,4.0,80.0,2010.0
1083,22.0,6.7,7.5,1439.0,2.5,1.47,4.0,113.0,2010.0
1084,22.0,6.6,7.5,185.0,2.4,0.3,6.0,113.0,2010.0
1085,22.0,6.7,7.8,3521.0,2.4,1.02,3.0,90.0,2010.0
1086,28.2,7.1,7.7,193.0,3.1,0.53,41.0,92.0,2010.0
1087,28.2,7.1,7.9,175.0,3.1,0.47,31.0,86.0,2010.0
1088,28.3,7.1,7.8,174.0,3.3,0.44,33.0,83.0,2010.0
1090,26.3,6.4,7.7,153.0,3.6,0.77,504.0,592.0,2010.0
1091,26.1,7.0,7.7,111.0,3.4,0.42,179.0,359.0,2010.0
1092,26.0,6.6,7.6,209.0,3.4,0.68,97.0,243.0,2010.0
1094,27.6,6.9,7.5,119.0,2.2,0.42,2.0,71.0,2010.0
1095,27.6,6.8,7.7,116.0,2.3,1.33,3.0,74.0,2010.0
1096,27.3,7.0,7.7,118.0,2.1,0.5,3.0,64.0,2010.0
1097,27.4,5.2,6.6,453.0,1.5,0.38,644.0,4613.0,2010.0
1098,27.3,7.2,6.8,35.0,1.1,0.24,513.0,3483.0,2010.0
1099,26.0,7.0,7.1,62.0,0.5,0.44,385.0,617.0,2010.0
1100,26.2,7.0,7.1,5228.0,0.6,0.34,240.0,455.0,2010.0
1101,27.5,7.2,7.0,51.0,0.6,0.26,285.0,522.0,2010.0
1102,28.1,6.7,6.9,62.0,1.2,0.46,385.0,2193.0,2010.0
1103,28.2,6.5,6.5,118.0,1.1,0.52,610.0,3080.0,2010.0
1104,27.6,0.6,7.0,1787.0,14.1,1.49,8542.0,17500.0,2010.0
1105,28.0,6.6,6.8,49.0,0.9,0.56,448.0,913.0,2010.0
1106,24.3,6.8,7.3,67.0,0.6,0.4,598.0,935.0,2010.0
1107,25.8,7.3,7.4,104.0,0.6,0.44,245.0,430.0,2010.0
1108,27.8,6.5,6.7,39.0,1.2,0.26,562.0,4823.0,2010.0
1109,26.3,7.2,6.5,45.0,0.9,0.46,1225.0,1825.0,2010.0
1110,28.5,7.4,6.9,65.0,0.9,0.56,575.0,1455.0,2010.0
1111,29.3,6.5,6.5,60.0,1.0,1.62,420.0,900.0,2010.0
1112,27.6,6.6,6.9,57.0,0.9,0.37,319.0,650.0,2010.0
1113,28.1,7.1,7.0,84.0,1.0,0.66,985.0,1485.0,2010.0
1114,27.8,7.5,6.8,56.0,1.3,0.6,178.0,540.0,2010.0
1115,28.1,5.4,6.7,100.0,0.9,0.42,463.0,810.0,2010.0
1116,26.6,7.0,6.9,66.0,0.7,0.45,465.0,900.0,2010.0
1117,27.8,7.1,6.9,75.0,0.6,0.73,300.0,583.0,2010.0
1118,29.3,6.5,6.7,70.0,0.9,1.25,370.0,800.0,2010.0
1119,28.0,6.7,6.6,102.0,0.8,0.12,295.0,900.0,2010.0
1120,23.8,7.1,6.8,27.0,0.6,0.22,86.0,198.0,2010.0
1121,26.3,6.9,7.1,46.0,0.5,0.33,225.0,373.0,2010.0
1122,27.9,6.7,6.8,8291.0,1.0,0.53,108.0,250.0,2010.0
1123,28.4,6.2,7.0,12342.0,1.4,0.27,670.0,1600.0,2010.0
1124,27.1,7.5,7.3,53.0,0.8,0.31,1253.0,2225.0,2010.0
1125,28.5,7.6,7.3,62.0,1.0,0.63,1175.0,2180.0,2010.0
1126,28.1,2.2,6.4,625.0,2.3,1.29,1125.0,6505.0,2010.0
1127,26.4,7.4,6.7,55.0,0.7,0.51,281.0,1088.0,2010.0
1128,27.1,7.0,6.8,103.0,0.7,0.43,225.0,640.0,2010.0
1129,26.9,5.3,6.9,109.0,1.3,0.66,305.0,685.0,2010.0
1130,28.6,6.3,7.0,1392.0,0.7,0.85,230.0,535.0,2010.0
1131,27.9,6.7,7.0,71.0,0.5,0.29,208.0,433.0,2010.0
1132,28.4,6.0,6.4,57.0,1.4,0.61,193.0,303.0,2010.0
1133,29.0,4.2,6.6,93.0,1.7,0.56,253.0,385.0,2010.0
1134,28.8,5.1,6.7,88.0,1.9,0.63,405.0,713.0,2010.0
1135,27.8,5.3,6.4,4912.0,1.1,0.11,345.0,788.0,2010.0
1136,28.5,6.9,7.0,84.0,0.9,0.08,300.0,803.0,2010.0
1137,26.0,2.8,7.4,18256.0,1.6,0.47,1050.0,2300.0,2010.0
1138,26.5,5.3,7.2,9753.0,0.9,0.26,1600.0,2650.0,2010.0
1139,28.4,6.5,5.8,67.0,0.4,0.54,123.0,520.0,2010.0
1140,28.1,6.9,6.1,86.0,0.6,0.49,73.0,183.0,2010.0
1141,26.8,7.0,6.6,59.0,0.8,0.42,123.0,418.0,2010.0
1142,28.6,5.6,6.4,7904.0,1.0,0.4,165.0,278.0,2010.0
1143,28.1,6.8,6.0,55.0,0.5,0.25,590.0,910.0,2010.0
1144,29.0,6.0,5.9,105.0,1.0,0.63,73.0,195.0,2010.0
1145,28.8,6.3,7.0,2759.0,1.4,0.22,963.0,1400.0,2010.0
1146,28.0,6.5,7.6,312.0,1.1,2.41,3.0,354.0,2010.0
1147,27.4,6.4,7.7,203.0,1.1,3.34,3.0,357.0,2010.0
1148,28.8,7.3,7.3,308.0,4.2,2.43,116.0,185.0,2010.0
1149,30.8,6.8,7.8,23761.0,1.9,0.67,145.0,460.0,2010.0
1150,28.0,7.5,8.1,228.0,2.1,0.4,3390.0,5850.0,2010.0
1151,27.3,7.7,8.1,243.0,1.6,0.71,1930.0,4450.0,2010.0
1152,29.0,7.6,7.9,191.0,1.4,0.13,1188.0,1985.0,2010.0
1153,24.5,7.5,7.9,237.0,1.8,0.45,1225.0,2425.0,2010.0
1154,24.8,7.4,7.7,865.0,1.9,0.3,1300.0,2675.0,2010.0
1155,25.3,6.7,6.9,132.0,1.2,0.32,953.0,1823.0,2010.0
1156,26.8,7.1,7.9,211.0,1.4,0.48,1065.0,2098.0,2010.0
1157,29.0,6.7,7.9,182.0,1.1,0.24,735.0,1510.0,2010.0
1162,24.8,7.4,7.0,75.0,1.6,0.05,78.0,118.0,2010.0
1163,27.2,7.2,6.8,70.0,1.8,0.09,78.0,148.0,2010.0
1164,27.3,6.6,7.0,119.0,2.5,0.33,233.0,374.0,2010.0
1165,28.4,6.9,7.0,236.0,1.9,0.25,83.0,157.0,2010.0
1166,26.8,7.0,6.9,73.0,1.7,0.4,87.0,144.0,2010.0
1167,25.2,7.2,6.9,75.0,1.5,0.2,83.0,128.0,2010.0
1168,28.4,6.9,7.2,385.0,2.3,0.13,108.0,196.0,2010.0
1169,28.2,6.4,7.6,860.0,3.3,0.4,253.0,379.0,2010.0
1170,24.0,7.6,6.6,166.0,2.0,1.8,90.0,140.0,2010.0
1171,29.0,6.9,7.2,308.0,1.9,0.49,60.0,170.0,2010.0
1172,25.0,6.8,6.7,247.0,2.1,1.84,280.0,500.0,2010.0
1173,25.0,6.6,6.9,359.0,2.3,0.59,110.0,280.0,2010.0
1178,20.3,5.6,6.7,807.0,10.8,2.0,1825.0,7500.0,2010.0
1179,20.0,4.9,6.8,1097.0,26.5,4.8,14000.0,46250.0,2010.0
1180,20.0,4.9,6.6,834.0,13.1,2.6,2875.0,9500.0,2010.0
1181,19.8,5.2,6.7,1027.0,28.0,5.9,17500.0,57500.0,2010.0
1182,32.7,3.3,7.9,897.0,1.3,0.97,5.0,12.0,2010.0
1183,34.5,4.9,8.0,510.0,1.2,0.35,4.0,8.0,2010.0
1184,19.8,5.0,6.9,1172.0,25.5,3.8,15500.0,48750.0,2010.0
1185,27.0,4.8,7.8,599.0,534.5,3.75,2200.0,5000.0,2010.0
1186,20.5,4.7,6.7,906.0,25.3,7.7,23500.0,47500.0,2010.0
1187,20.5,5.4,6.8,883.0,15.4,5.1,9500.0,21750.0,2010.0
1188,20.5,5.1,7.6,1069.0,26.5,6.6,20250.0,49250.0,2010.0
1189,21.0,4.2,7.6,1168.0,31.8,7.6,20000.0,46500.0,2010.0
1190,20.3,4.8,6.6,905.0,15.0,3.3,6000.0,10500.0,2010.0
1191,20.0,4.5,6.6,1269.0,30.3,4.1,21000.0,42750.0,2010.0
1192,20.0,4.7,6.7,1216.0,26.8,3.7,13250.0,31500.0,2010.0
1193,21.3,5.2,7.3,465.0,0.9,0.59,4.0,9.0,2010.0
1194,22.1,7.8,8.2,410.0,1.2,0.1,16.0,32.0,2010.0
1195,22.33,6.7,8.12,396.0,1.53,0.15,10.0,29.0,2010.0
1196,21.5,8.0,8.1,403.0,0.8,0.1,12.0,25.0,2010.0
1205,25.0,7.85,7.13,254.0,6.68,3.35,345.0,488.0,2010.0
1206,24.0,6.58,6.5,655.0,5.93,4.0,40.0,60.0,2010.0
1207,20.0,7.58,7.03,191.0,2.08,2.65,2350.0,2900.0,2010.0
1208,24.0,8.23,7.05,137.0,1.4,3.2,243.0,323.0,2010.0
1209,25.0,8.23,7.38,143.0,1.55,3.55,255.0,360.0,2010.0
1215,28.0,6.2,7.7,176.0,3.5,0.2,532.0,592.0,2010.0
1216,29.0,6.3,8.0,198.0,4.2,0.3,524.0,686.0,2010.0
1217,28.0,7.3,7.4,332.0,0.7,0.3,6.0,12.0,2009.0
1218,29.0,6.5,7.5,21417.0,16.4,0.4,15.0,37.0,2009.0
1219,30.0,6.1,7.3,11855.0,12.5,18.6,180.0,902.0,2009.0
1220,30.0,6.3,7.4,24506.0,136.0,16.9,158.0,698.0,2009.0
1221,30.0,5.9,7.5,25343.0,56.5,7.7,180.0,1800.0,2009.0
1223,30.0,6.2,7.4,368.0,8.0,3.2,265.0,1075.0,2009.0
1224,30.0,6.7,7.7,354.0,4.0,2.6,137.0,947.0,2009.0
1225,33.0,6.8,8.0,374.0,21.0,1.5,180.0,1800.0,2009.0
1226,30.0,5.9,7.4,7173.0,12.0,58.1,7.0,607.0,2009.0
1227,28.0,7.3,7.4,332.0,0.7,0.3,6.0,12.0,2009.0
1228,30.0,5.7,8.0,601.0,7.4,0.5,14600.0,28666.0,2009.0
1229,30.0,4.7,8.3,753.0,3.7,0.5,9166.0,21333.0,2009.0
1230,28.0,5.8,7.8,16177.0,3.0,0.5,10100.0,25000.0,2009.0
1231,30.0,2.5,7.5,1108.0,6.0,0.6,16.0,85.0,2009.0
1232,30.0,6.1,8.1,14921.0,3.2,0.3,4300.0,23625.0,2009.0
1233,30.0,0.6,7.1,3115.0,36.5,1.7,4450.0,15425.0,2009.0
1234,27.0,3.2,7.8,5073.0,5.8,0.2,833.0,1366.0,2009.0
1235,30.0,4.2,8.2,901.0,6.7,0.4,9750.0,21500.0,2009.0
1236,28.0,2.9,8.3,11405.0,5.6,0.1,49.0,148.0,2009.0
1237,29.0,5.0,7.7,47156.0,3.1,0.1,41.0,114.0,2009.0
1238,31.0,7.2,6.3,14100.0,1.6,0.41,13.0,17.0,2009.0
1239,29.0,5.5,7.8,401.0,1.3,0.21,2.0,5.0,2009.0
1240,30.0,6.2,6.9,11000.0,1.3,0.48,13.0,17.0,2009.0
1241,29.0,6.5,6.8,30190.0,2.3,0.04,5.0,8.0,2009.0
1242,24.0,8.1,7.7,7400.0,2.6,0.1,79.0,130.0,2009.0
1243,27.0,7.8,6.4,609.0,2.3,0.08,49.0,70.0,2009.0
1245,28.0,7.2,6.5,8240.0,1.6,0.25,17.0,46.0,2009.0
1246,27.0,4.2,7.6,5543.0,0.7,0.18,2.0,8.0,2009.0
1247,26.0,6.5,6.4,505.0,1.6,0.13,8.0,13.0,2009.0
1248,28.0,7.4,6.9,3844.0,2.0,0.15,5.0,10.0,2009.0
1249,28.0,5.4,7.0,7692.0,1.7,0.92,29.0,48.0,2009.0
1250,27.0,6.6,7.2,692.0,1.9,0.34,105.0,175.0,2009.0
1252,29.0,7.3,6.8,20640.0,2.5,0.42,87.0,162.0,2009.0
1253,28.0,7.2,6.9,5350.0,2.2,0.28,134.0,206.0,2009.0
1254,28.0,7.0,6.8,4800.0,3.0,0.32,69.0,126.0,2009.0
1255,28.0,5.5,7.7,8092.0,7.6,0.72,410.0,800.0,2009.0
1256,29.0,6.9,7.6,136.0,3.8,0.26,143.0,309.0,2009.0
1257,29.0,6.9,7.7,120.0,3.9,0.37,207.0,280.0,2009.0
1258,28.0,6.7,8.0,111.0,3.6,0.31,45.0,143.0,2009.0
1259,26.0,6.9,7.3,229.0,3.8,0.68,108.0,257.0,2009.0
1260,29.0,6.8,7.5,171.0,3.8,0.34,88.0,199.0,2009.0
1261,29.0,6.9,7.3,183.0,2.2,1.25,2.0,56.0,2009.0
1262,34.0,3.3,7.6,29464.0,19.4,1.78,1195.0,1536.0,2009.0
1263,32.0,5.4,7.2,925.0,11.7,0.78,279.0,512.0,2009.0
1264,22.0,6.2,7.2,13848.0,2.5,4.11,6.0,127.0,2009.0
1265,26.0,7.0,7.4,225.0,3.8,0.26,152.0,375.0,2009.0
1266,35.0,6.6,8.1,102.0,3.9,0.26,165.0,345.0,2009.0
1267,28.0,8.1,6.3,1414.0,1.1,0.31,100.0,690.0,2009.0
1268,27.0,6.9,6.8,41.0,0.8,0.22,261.0,1487.0,2009.0
1269,27.0,6.9,6.9,78.0,0.5,0.23,393.0,703.0,2009.0
1270,26.0,6.7,6.9,5507.0,0.6,0.28,433.0,715.0,2009.0
1271,27.0,7.3,7.0,49.0,0.7,0.66,228.0,445.0,2009.0
1272,28.0,6.7,6.7,67.0,1.3,0.4,309.0,1025.0,2009.0
1273,29.0,6.5,6.6,109.0,1.2,0.37,142.0,679.0,2009.0
1274,26.0,0.7,6.6,4235.0,12.5,1.48,40833.0,59417.0,2009.0
1275,27.0,6.9,6.5,108.0,1.0,0.42,540.0,1083.0,2009.0
1276,28.0,6.4,6.6,48.0,1.0,0.25,154.0,603.0,2009.0
1277,26.0,7.2,6.7,109.0,0.8,0.44,1000.0,1400.0,2009.0
1278,29.0,6.8,7.1,61.0,1.5,0.5,130.0,485.0,2009.0
1279,28.0,6.1,6.7,244.0,0.9,0.33,655.0,1113.0,2009.0
1280,27.0,6.8,7.0,62.0,0.6,0.93,240.0,434.0,2009.0
1281,28.0,7.1,7.0,59.0,0.8,0.71,540.0,890.0,2009.0
1282,27.0,7.4,6.6,64.0,0.7,0.29,288.0,1425.0,2009.0
1283,26.0,6.4,7.0,79.0,0.8,0.73,271.0,493.0,2009.0
1284,26.0,7.2,6.7,73.0,0.9,0.28,335.0,2150.0,2009.0
1285,27.0,6.2,7.0,83.0,0.6,0.93,282.0,505.0,2009.0
1286,29.0,6.1,6.7,55.0,1.4,0.55,825.0,1450.0,2009.0
1287,28.0,6.6,6.5,79.0,0.8,0.13,195.0,650.0,2009.0
1288,26.0,6.9,6.7,198.0,0.3,0.2,40.0,180.0,2009.0
1289,27.0,7.3,6.5,44.0,0.5,0.21,233.0,400.0,2009.0
1290,28.0,6.2,6.6,15738.0,1.0,0.93,233.0,360.0,2009.0
1291,29.0,5.2,7.1,18459.0,1.0,0.13,518.0,918.0,2009.0
1292,28.0,7.4,7.0,45.0,1.1,0.11,1043.0,1933.0,2009.0
1293,28.0,7.6,6.7,52.0,1.1,0.11,613.0,963.0,2009.0
1294,28.0,2.9,6.3,841.0,2.0,1.07,430.0,913.0,2009.0
1295,26.0,6.6,6.7,72.0,0.7,0.32,463.0,1655.0,2009.0
1296,26.0,6.4,6.7,122.0,0.7,0.34,343.0,1630.0,2009.0
1297,26.0,5.4,6.6,102.0,0.9,0.26,240.0,1913.0,2009.0
1298,27.0,6.2,7.0,5656.0,0.9,1.05,162.0,289.0,2009.0
1299,27.0,6.9,7.1,71.0,0.5,0.26,125.0,246.0,2009.0
1300,28.0,6.7,6.5,55.0,0.9,0.6,265.0,500.0,2009.0
1301,28.0,5.7,6.7,127.0,1.9,0.35,221.0,473.0,2009.0
1302,28.0,6.0,6.9,77.0,1.8,0.61,290.0,500.0,2009.0
1303,28.0,5.2,6.1,4968.0,1.1,0.14,235.0,820.0,2009.0
1304,28.0,7.4,6.4,78.0,1.2,0.12,280.0,720.0,2009.0
1305,27.0,3.5,7.3,20430.0,1.3,0.62,560.0,1290.0,2009.0
1306,27.0,6.0,7.1,13257.0,1.1,0.14,750.0,1465.0,2009.0
1307,28.0,6.4,6.1,62.0,0.7,0.28,213.0,425.0,2009.0
1308,27.0,6.6,6.3,59.0,1.0,0.16,248.0,385.0,2009.0
1309,27.0,7.1,6.4,59.0,0.9,0.13,178.0,275.0,2009.0
1310,28.0,6.4,7.1,7035.0,0.8,0.19,110.0,195.0,2009.0
1311,28.0,7.3,6.2,51.0,0.9,0.21,195.0,340.0,2009.0
1312,29.0,6.8,6.5,80.0,0.8,0.26,53.0,100.0,2009.0
1313,28.0,6.4,6.7,3131.0,2.2,0.12,820.0,1055.0,2009.0
1314,27.0,5.8,6.5,59.0,1.5,0.13,1800.0,2788.0,2009.0
1315,28.0,5.2,7.2,19885.0,1.2,0.18,843.0,2275.0,2009.0
1316,27.0,7.7,6.8,67.0,0.9,0.08,1740.0,2257.0,2009.0
1317,28.0,5.7,7.2,19085.0,1.4,0.09,1845.0,2785.0,2009.0
1318,25.0,6.7,6.3,177.0,1.2,0.2,1583.0,2807.0,2009.0
1319,28.0,6.4,6.4,4165.0,1.2,0.13,168.0,303.0,2009.0
1320,27.0,6.2,7.6,498.0,0.4,0.28,613.0,1400.0,2009.0
1321,27.0,6.8,7.5,119.0,0.4,0.18,478.0,918.0,2009.0
1322,27.0,7.1,7.6,161.0,0.5,0.19,710.0,1675.0,2009.0
1323,28.0,5.9,6.7,70.0,1.7,0.5,74.0,428.0,2009.0
1324,28.0,5.8,6.5,864.0,1.5,0.37,199.0,876.0,2009.0
1325,29.0,4.7,6.6,69.0,1.8,0.26,234.0,1083.0,2009.0
1326,28.0,6.5,6.6,1204.0,1.2,0.24,175.0,689.0,2009.0
1327,28.0,1.4,6.2,129.0,2.2,0.48,351.0,882.0,2009.0
1328,28.0,1.5,6.3,73.0,1.5,0.12,298.0,1225.0,2009.0
1329,28.0,7.0,7.5,226.0,1.1,2.3,3.0,83.0,2009.0
1330,30.0,7.7,8.1,330.0,1.9,0.9,1675.0,3025.0,2009.0
1331,30.0,7.5,7.9,20786.0,1.3,0.6,613.0,868.0,2009.0
1332,28.0,7.2,8.2,315.0,1.7,1.7,2600.0,4275.0,2009.0
1333,28.0,7.6,8.1,301.0,1.5,0.5,2360.0,4175.0,2009.0
1334,28.0,7.3,8.0,225.0,1.3,0.5,1295.0,2175.0,2009.0
1335,27.0,7.4,8.0,238.0,1.9,0.2,2950.0,5975.0,2009.0
1336,27.0,7.2,7.7,835.0,2.0,0.7,1550.0,2750.0,2009.0
1337,29.0,7.2,7.8,169.0,1.3,0.4,328.0,690.0,2009.0
1338,28.0,7.0,8.1,240.0,1.0,0.4,785.0,1525.0,2009.0
1339,29.0,7.4,8.1,153.0,1.7,0.5,505.0,1105.0,2009.0
1345,24.0,7.4,6.8,337.0,1.3,0.1,115.0,208.0,2009.0
1346,28.0,7.5,6.7,180.0,1.3,0.1,100.0,176.0,2009.0
1347,28.0,6.9,6.8,127.0,2.4,0.1,222.0,357.0,2009.0
1348,30.0,7.0,7.0,305.0,1.5,0.1,113.0,191.0,2009.0
1349,27.0,7.2,6.7,323.0,1.6,0.1,94.0,167.0,2009.0
1350,26.0,7.4,6.7,364.0,1.6,0.1,91.0,150.0,2009.0
1351,29.0,7.5,7.2,473.0,2.1,0.1,220.0,338.0,2009.0
1352,26.0,6.7,7.4,544.0,2.0,0.3,158.0,253.0,2009.0
1353,27.0,7.0,7.2,286.0,9.5,0.9,85.0,189.0,2009.0
1356,28.0,6.5,7.9,566.0,0.9,3.8,3.0,32.0,2009.0
1357,22.0,6.0,7.3,755.0,6.0,2.1,1000.0,4950.0,2009.0
1358,21.0,4.9,7.4,892.0,14.0,4.4,8000.0,75000.0,2009.0
1361,22.0,5.0,6.7,813.0,7.5,2.2,1300.0,9000.0,2009.0
1362,21.0,5.6,7.3,964.0,14.0,4.2,8000.0,70000.0,2009.0
1363,20.0,5.7,7.4,968.0,9.5,3.1,5000.0,25500.0,2009.0
1364,21.0,5.3,7.4,779.0,10.0,3.1,7000.0,52500.0,2009.0
1365,21.0,4.8,7.4,825.0,19.0,4.6,9500.0,75000.0,2009.0
1366,23.0,2.9,7.3,1035.0,13.0,3.9,3050.0,27500.0,2009.0
1367,21.0,4.5,7.2,885.0,10.5,3.3,1100.0,12000.0,2009.0
1368,20.0,4.8,7.5,896.0,10.0,4.1,7000.0,70000.0,2009.0
1369,24.0,3.1,7.6,1130.0,11.5,4.1,9000.0,75000.0,2009.0
1370,25.0,3.1,7.6,1000.0,10.0,3.7,6000.0,62500.0,2009.0
1374,22.0,5.475,7.82,721.5,6.9,1.26,87.25,249.0,2009.0
1375,23.0,4.8,7.3,260.0,0.8,1.1,3.0,7.0,2009.0
1386,18.0,9.6,7.1,225.0,4.4,3.0,310.0,460.0,2009.0
1392,28.0,6.6,7.7,143.0,1.3,0.0,201.0,322.0,2009.0
1393,29.0,6.3,7.6,164.0,2.8,0.1,442.0,577.0,2009.0
1394,28.0,5.7,7.8,170.0,3.4,0.2,469.0,608.0,2009.0
1395,21.0,6.4,7.025,187.63,3.175,2.675,2225.0,2925.0,2009.0
1396,25.0,8.35,7.125,110.75,1.525,3.075,252.5,355.0,2009.0
1397,24.0,8.45,6.95,104.25,1.2,2.6,222.5,312.5,2009.0
1399,25.0,7.2,7.8,262.0,0.28,0.15,19.0,50.0,2008.0
1400,25.0,4.9,7.4,10362.0,9.7,0.64,14.0,29.0,2008.0
1401,27.0,5.1,7.8,530.0,2.73,0.6,64125.0,137000.0,2008.0
1402,28.0,6.0,8.2,612.0,2.28,0.4,28650.0,68650.0,2008.0
1403,30.0,6.1,8.1,8782.0,1.9,0.43,16100.0,38667.0,2008.0
1404,27.0,1.1,7.8,1076.0,7.67,0.63,28.0,77.0,2008.0
1405,29.0,6.8,8.0,3431.0,2.8,0.3,32120.0,49061.0,2008.0
1406,25.0,4.5,7.6,1161.0,7.43,0.53,99.0,259.0,2008.0
1407,25.0,6.0,7.3,8838.0,5.58,0.7,14.0,31.0,2008.0
1408,30.0,0.0,7.1,3080.0,46.0,4.8,3000.0,9000.0,2008.0
1409,28.0,2.8,7.9,663.0,5.93,0.97,150250.0,358000.0,2008.0
1410,29.0,5.6,8.0,1265.0,2.13,0.1,503.0,1693.0,2008.0
1411,28.0,4.1,7.9,4491.0,16.5,0.1,58.0,116.0,2008.0
1412,29.0,6.3,7.9,43983.0,1.83,1.22,105.0,188.0,2008.0
1413,30.0,6.6,7.8,37.0,2.25,0.01,10.0,13.0,2008.0
1414,28.0,6.8,7.1,11.0,1.65,0.07,22.0,33.0,2008.0
1415,27.0,6.5,7.5,28.0,4.55,0.05,20.0,44.0,2008.0
1416,28.0,7.1,8.0,49.0,1.25,0.02,3.0,7.0,2008.0
1417,26.0,7.6,7.3,93.0,0.95,0.03,240.0,350.0,2008.0
1418,26.0,7.4,7.0,67.0,2.45,0.13,467.0,809.0,2008.0
1419,27.0,7.0,7.3,89.0,1.5,0.02,30.0,42.0,2008.0
1420,29.0,5.4,7.3,75.0,1.8,0.06,350.0,2400.0,2008.0
1421,28.0,6.7,7.2,95.0,1.4,0.1,18.0,22.0,2008.0
1422,28.0,6.8,6.9,58.0,1.9,0.03,25.0,53.0,2008.0
1423,25.0,5.6,6.8,67.0,1.9,0.06,82.0,137.0,2008.0
1424,28.0,5.2,7.2,29.0,1.65,0.04,37.0,144.0,2008.0
1425,26.0,6.2,7.1,146.0,2.1,0.09,920.0,2400.0,2008.0
1426,31.0,3.6,7.0,29.0,2.0,0.09,33.0,170.0,2008.0
1427,30.0,6.8,7.2,1370.0,2.6,0.08,33.0,110.0,2008.0
1428,28.0,8.1,7.1,335.0,3.2,0.21,1300.0,5400.0,2008.0
1429,26.0,6.3,7.6,119.0,3.67,0.37,157.0,781.0,2008.0
1430,27.0,6.4,7.6,109.0,3.4,0.42,95.0,316.0,2008.0
1431,27.0,5.9,7.2,119.0,4.04,0.65,133.0,223.0,2008.0
1432,25.0,5.3,7.7,109.0,3.25,0.38,165.0,296.0,2008.0
1433,26.0,6.0,7.8,301.0,5.43,0.3,166.0,1050.0,2008.0
1434,22.0,6.6,7.2,131.0,4.5,0.83,285.0,737.0,2008.0
1435,22.0,6.8,7.2,110.0,3.9,0.49,480.0,1036.0,2008.0
1436,27.0,6.7,7.6,109.0,4.13,0.28,260.0,624.0,2008.0
1437,29.0,5.2,7.0,478.0,16.3,0.35,500.0,1008.0,2008.0
1438,21.0,6.9,6.6,291.0,1.96,1.4,4.0,104.0,2008.0
1439,32.0,0.7,7.3,12697.0,45.6,1.32,642.0,1259.0,2008.0
1440,23.0,6.8,6.6,6232.0,2.13,2.72,6.0,106.0,2008.0
1441,29.0,6.2,6.5,1638.0,1.5,0.8,349.0,816.0,2008.0
1442,28.0,7.3,6.6,36.0,0.6,0.41,304.0,1056.0,2008.0
1443,28.0,6.4,6.7,41.0,1.0,0.75,443.0,1179.0,2008.0
1444,28.0,5.1,6.8,52.0,1.6,0.22,555.0,1680.0,2008.0
1445,28.0,6.8,6.7,183.0,1.3,0.28,358.0,1748.0,2008.0
1446,27.0,6.3,6.3,115.0,0.9,0.5,455.0,2865.0,2008.0
1447,28.0,7.2,6.7,455.0,1.1,0.28,245.0,753.0,2008.0
1448,27.0,6.8,6.9,80.0,0.4,0.52,207.0,508.0,2008.0
1449,27.0,6.8,7.0,4515.0,0.4,1.53,184.0,427.0,2008.0
1450,29.0,7.7,7.2,47.0,1.0,2.0,253.0,452.0,2008.0
1451,29.0,7.1,6.8,57.0,1.5,1.12,230.0,681.0,2008.0
1452,29.0,6.6,6.3,148.0,1.2,0.93,190.0,935.0,2008.0
1453,26.0,1.8,6.8,2012.0,5.5,1.8,20458.0,31167.0,2008.0
1454,26.0,6.7,6.2,40.0,0.6,1.0,425.0,1100.0,2008.0
1455,26.0,5.8,6.3,65.0,1.1,2.97,525.0,1200.0,2008.0
1456,26.0,5.1,6.3,50.0,1.0,3.1,700.0,1600.0,2008.0
1457,26.0,6.6,6.2,42.0,0.6,1.97,475.0,925.0,2008.0
1458,27.0,6.6,6.4,43.0,0.7,3.13,400.0,975.0,2008.0
1459,27.0,6.7,6.4,50.0,0.5,3.6,500.0,1175.0,2008.0
1460,26.0,6.6,6.3,46.0,0.6,1.07,624.0,1010.0,2008.0
1461,27.0,5.9,6.4,54.0,0.7,3.53,375.0,985.0,2008.0
1462,27.0,7.6,6.7,55.0,0.7,4.17,295.0,1575.0,2008.0
1463,27.0,6.5,6.7,72.0,0.8,2.83,30.0,775.0,2008.0
1464,29.0,7.3,7.4,71.0,0.7,4.1,490.0,940.0,2008.0
1465,27.0,6.3,6.7,79.0,0.7,2.03,190.0,702.0,2008.0
1466,26.0,6.9,6.6,33.0,0.4,1.4,0.0,28.0,2008.0
1467,27.0,6.8,6.7,46.0,0.4,1.47,30.0,150.0,2008.0
1468,29.0,5.9,7.1,6666.0,0.7,4.13,118.0,393.0,2008.0
1469,28.0,6.4,7.1,17771.0,1.0,5.2,760.0,1865.0,2008.0
1470,28.0,7.3,6.7,62.0,0.9,2.8,293.0,920.0,2008.0
1471,28.0,7.6,6.6,61.0,0.5,3.4,85.0,503.0,2008.0
1472,30.0,2.4,6.7,221.0,2.1,3.97,220.0,660.0,2008.0
1473,27.0,7.1,6.8,89.0,1.2,0.4,620.0,1600.0,2008.0
1474,27.0,6.4,6.7,110.0,0.5,0.2,1400.0,3200.0,2008.0
1475,27.0,3.5,6.9,105.0,0.7,0.15,265.0,800.0,2008.0
1476,28.0,7.4,7.3,155.0,0.8,1.2,570.0,920.0,2008.0
1477,28.0,6.8,6.9,77.0,0.9,1.8,215.0,470.0,2008.0
1478,27.0,5.5,6.5,75.0,1.9,0.1,1300.0,2100.0,2008.0
1479,31.0,5.4,6.5,102.0,4.0,0.1,320.0,680.0,2008.0
1480,30.0,4.8,6.8,90.0,1.1,0.1,730.0,1090.0,2008.0
1481,28.0,5.8,6.3,87.0,0.7,0.1,633.0,1500.0,2008.0
1482,27.0,7.3,6.6,57.0,0.4,0.25,297.0,883.0,2008.0
1483,28.0,5.8,7.5,18291.0,0.8,0.25,435.0,1000.0,2008.0
1484,28.0,6.2,6.7,2497.0,0.5,0.15,510.0,1100.0,2008.0
1485,27.0,7.3,6.1,45.0,0.7,0.2,150.0,1050.0,2008.0
1486,27.0,7.6,6.3,39.0,0.5,0.2,1040.0,2588.0,2008.0
1487,25.0,7.7,6.6,31.0,0.3,0.15,490.0,1300.0,2008.0
1488,28.0,5.4,5.9,595.0,0.8,0.1,570.0,1375.0,2008.0
1489,28.0,7.4,6.1,30.0,0.9,0.3,690.0,1050.0,2008.0
1490,28.0,6.6,5.9,37.0,0.7,0.1,540.0,1725.0,2008.0
1491,28.0,6.5,6.5,1135.0,0.7,0.25,850.0,1850.0,2008.0
1492,27.0,7.2,5.9,39.0,0.8,0.55,440.0,1500.0,2008.0
1493,29.0,6.3,6.5,925.0,1.1,0.3,830.0,1550.0,2008.0
1494,27.0,7.6,6.6,50.0,0.6,0.25,1660.0,3000.0,2008.0
1495,27.0,7.3,6.5,64.0,1.4,0.5,1280.0,2850.0,2008.0
1496,27.0,7.5,7.0,74.0,0.8,0.1,1400.0,2800.0,2008.0
1497,26.0,4.4,7.3,428.0,0.4,0.15,285.0,1090.0,2008.0
1498,27.0,6.8,7.0,169.0,0.4,0.25,255.0,560.0,2008.0
1499,29.0,1.7,6.2,181.0,3.0,0.45,672.0,2208.0,2008.0
1500,29.0,3.0,6.1,80.0,2.0,0.13,268.0,1240.0,2008.0
1501,28.0,6.9,7.8,469.0,0.89,0.86,152.0,5874.0,2008.0
1502,32.0,7.7,8.1,266.0,1.83,1.01,1950.0,3175.0,2008.0
1503,32.0,6.8,7.8,16468.0,1.65,2.0,440.0,775.0,2008.0
1504,28.0,7.5,8.2,233.0,2.5,0.89,2600.0,4300.0,2008.0
1505,26.0,7.6,8.1,233.0,1.35,1.43,2025.0,3200.0,2008.0
1507,25.0,7.6,6.6,118.0,1.15,0.15,70.0,180.0,2008.0
1508,27.0,6.8,6.6,179.0,1.88,0.2,118.0,253.0,2008.0
1509,28.0,6.8,6.7,172.0,2.14,0.19,263.0,402.0,2008.0
1510,28.0,6.9,7.1,260.0,1.78,0.13,110.0,200.0,2008.0
1511,27.0,7.3,6.6,94.0,1.27,0.17,73.0,150.0,2008.0
1512,26.0,7.4,6.7,88.0,1.03,0.15,89.0,173.0,2008.0
1513,28.0,7.2,7.2,439.0,2.28,0.14,236.0,415.0,2008.0
1514,27.0,6.8,7.6,749.0,2.25,0.36,424.0,699.0,2008.0
1515,26.0,6.9,7.3,252.0,4.33,1.0,322.0,858.0,2008.0
1518,30.0,7.7,8.1,195.0,1.1,0.7,0.0,10.0,2008.0
1522,20.0,5.9,7.2,703.0,5.4,2.05,1950.0,21000.0,2008.0
1523,21.0,5.3,7.4,1095.0,27.0,3.35,48000.0,217500.0,2008.0
1526,21.0,5.7,7.3,732.0,10.7,2.4,5450.0,45500.0,2008.0
1527,21.0,5.0,7.2,983.0,26.1,3.05,32250.0,135000.0,2008.0
1528,20.0,5.0,7.3,748.0,7.4,2.65,12500.0,90000.0,2008.0
1529,20.0,5.1,7.2,760.0,13.5,2.55,22000.0,122500.0,2008.0
1530,21.0,4.5,7.2,856.0,23.8,3.45,34000.0,232500.0,2008.0
1531,21.0,4.4,7.2,1184.0,18.1,3.75,17250.0,70000.0,2008.0
1532,20.0,4.5,7.4,1186.0,22.7,3.07,13000.0,78333.0,2008.0
1533,21.0,5.2,7.5,1036.0,28.5,3.55,28750.0,155000.0,2008.0
1534,21.0,5.5,7.6,973.0,27.8,3.33,130500.0,392500.0,2008.0
1535,21.0,5.6,7.6,951.0,25.8,3.23,22500.0,712500.0,2008.0
1538,21.0,5.4,7.8,438.0,1.7,0.41,3.0,6.0,2008.0
1549,19.0,5.0,3.2,630.0,7.0,2.5,27.0,33.0,2008.0
1555,29.0,5.4,7.3,141.0,2.67,0.08,285.0,510.0,2008.0
1556,28.0,5.8,7.8,161.0,2.93,0.1,518.0,588.0,2008.0
1558,25.0,7.0,7.7,448.0,0.4,0.2,17.0,42.0,2007.0
1559,25.0,4.8,7.5,20360.0,8.8,0.2,23.0,65.0,2007.0
1563,28.0,5.7,7.6,868.0,4.2,0.4,5.0,57.0,2007.0
1565,26.0,4.8,7.6,14426.0,10.4,0.1,32.0,148.0,2007.0
1566,27.0,6.2,7.4,29920.0,3.6,0.2,14.0,41.0,2007.0
1569,30.0,6.8,7.5,2870.0,2.5,0.1,582.0,1114.0,2007.0
1570,29.0,6.5,6.9,1690.0,1.5,0.1,555.0,1331.0,2007.0
1571,29.0,6.5,7.1,3110.0,1.6,0.1,1243.0,2056.0,2007.0
1572,29.0,6.4,7.7,44000.0,2.3,0.1,814.0,1287.0,2007.0
1573,27.0,7.2,7.2,70.0,1.6,0.1,1554.0,2887.0,2007.0
1574,28.0,7.2,6.8,60.0,2.1,0.1,5778.0,10403.0,2007.0
1575,28.0,7.4,7.1,80.0,1.4,0.1,475.0,1010.0,2007.0
1576,28.0,7.2,6.9,80.0,1.3,0.1,1009.0,1938.0,2007.0
1577,29.0,7.4,7.0,66.0,2.0,0.1,700.0,1451.0,2007.0
1578,28.0,6.3,6.6,66.0,1.6,0.1,1427.0,3293.0,2007.0
1579,26.0,6.4,7.3,103.0,4.0,0.24,126.0,753.0,2007.0
1580,27.0,6.7,7.4,103.0,3.9,0.22,64.0,644.0,2007.0
1581,28.0,6.6,7.5,97.0,3.7,0.25,16.0,169.0,2007.0
1582,28.0,5.7,7.2,531.0,5.3,0.75,116.0,456.0,2007.0
1583,25.0,6.4,7.1,113.0,3.9,0.47,60.0,400.0,2007.0
1584,25.0,6.6,7.2,88.0,3.9,0.45,228.0,1146.0,2007.0
1585,22.0,6.2,7.3,117.0,4.0,0.5,169.0,638.0,2007.0
1586,28.0,5.5,6.6,1314.0,1.7,0.4,290.0,668.0,2007.0
1587,27.0,7.5,6.8,32.0,0.8,0.3,200.0,738.0,2007.0
1588,28.0,6.7,6.8,42.0,1.0,0.4,230.0,804.0,2007.0
1589,28.0,6.9,6.7,73.0,0.5,0.2,688.0,1242.0,2007.0
1590,28.0,6.8,6.9,7920.0,0.5,0.2,391.0,813.0,2007.0
1591,29.0,7.4,7.2,49.0,1.1,0.3,327.0,641.0,2007.0
1592,28.0,7.2,6.8,58.0,1.5,0.3,173.0,556.0,2007.0
1593,29.0,6.8,6.6,115.0,2.0,0.5,148.0,635.0,2007.0
1594,28.0,0.8,6.8,2156.0,7.4,1.0,14825.0,20733.0,2007.0
1595,26.0,7.1,6.1,34.0,0.6,0.5,1300.0,1975.0,2007.0
1596,26.0,5.9,6.2,52.0,0.5,0.6,1100.0,1775.0,2007.0
1597,26.0,5.1,6.2,55.0,1.1,0.4,1275.0,2000.0,2007.0
1598,26.0,6.7,6.2,43.0,0.7,0.4,1325.0,2100.0,2007.0
1599,26.0,5.8,6.2,34.0,0.6,0.3,975.0,1625.0,2007.0
1600,26.0,6.4,6.2,39.0,0.7,0.4,1375.0,1900.0,2007.0
1601,26.0,6.6,6.3,41.0,0.6,0.3,1033.0,1442.0,2007.0
1602,26.0,5.4,6.2,47.0,0.7,0.5,1250.0,1825.0,2007.0
1603,28.0,6.7,6.7,80.0,1.3,0.5,1655.0,3050.0,2007.0
1604,27.0,6.4,7.0,112.0,1.4,0.7,3850.0,5725.0,2007.0
1605,29.0,6.3,7.1,83.0,1.0,0.4,643.0,1080.0,2007.0
1606,28.0,6.2,6.5,95.0,0.8,1.2,1075.0,2550.0,2007.0
1607,28.0,6.9,6.4,41.0,0.5,0.2,83.0,285.0,2007.0
1608,27.0,6.8,6.5,51.0,0.5,0.2,98.0,435.0,2007.0
1609,28.0,6.6,6.9,11654.0,0.7,0.3,338.0,963.0,2007.0
1610,28.0,7.0,7.2,11962.0,0.3,0.3,68.0,550.0,2007.0
1611,28.0,7.5,6.9,52.0,0.5,0.2,138.0,685.0,2007.0
1612,28.0,7.4,6.8,68.0,0.3,0.2,160.0,725.0,2007.0
1613,29.0,2.8,6.6,1239.0,2.3,0.6,263.0,645.0,2007.0
1614,28.0,6.2,7.6,380.0,0.5,0.5,1318.0,24583.0,2007.0
1615,30.0,7.9,7.9,382.0,2.1,0.21,993.0,2700.0,2007.0
1616,28.0,8.1,8.0,21030.0,1.7,0.51,146.0,463.0,2007.0
1617,30.0,7.2,7.7,244.0,1.2,0.51,980.0,1793.0,2007.0
1618,32.0,6.7,7.6,231.0,1.5,0.56,1460.0,3133.0,2007.0
1620,26.0,7.5,6.5,65.0,1.0,0.15,108.0,319.0,2007.0
1621,28.0,6.8,6.5,88.0,0.9,0.11,111.0,233.0,2007.0
1622,29.0,6.8,6.5,128.0,1.8,0.15,295.0,507.0,2007.0
1623,32.0,7.8,7.2,250.0,1.9,0.15,128.0,249.0,2007.0
1624,28.0,7.2,6.4,71.0,1.2,0.12,67.0,165.0,2007.0
1625,27.0,7.4,6.5,71.0,1.5,0.12,98.0,189.0,2007.0
1626,31.0,7.6,7.1,428.0,2.5,0.15,226.0,443.0,2007.0
1627,28.0,6.8,7.2,856.0,2.1,0.32,213.0,348.0,2007.0
1628,27.0,7.3,7.3,152.0,2.0,1.28,333.0,998.0,2007.0
1631,22.0,7.9,7.9,385.0,2.5,0.25,11.0,24.0,2007.0
1633,24.0,4.9,7.6,972.0,19.6,1.8,328.0,718.0,2007.0
1634,20.0,7.4,7.5,413.0,2.1,1.23,1663.0,10775.0,2007.0
1635,21.0,6.1,7.8,632.0,8.1,2.9,37250.0,162500.0,2007.0
1638,21.0,6.7,7.6,425.0,7.4,2.88,22250.0,78750.0,2007.0
1639,21.0,6.3,7.7,619.0,7.3,3.28,28250.0,125000.0,2007.0
1640,22.0,6.4,7.7,439.0,4.2,2.2,60275.0,440750.0,2007.0
1641,22.0,6.5,7.7,686.0,9.8,2.6,19750.0,105000.0,2007.0
1642,21.0,6.4,7.8,754.0,13.8,2.53,56500.0,227500.0,2007.0
1643,22.0,6.3,7.7,615.0,8.2,3.7,34500.0,622500.0,2007.0
1644,21.0,6.2,7.6,457.0,3.7,2.23,8633.0,49000.0,2007.0
1645,21.0,6.0,7.8,690.0,9.6,3.0,16250.0,117500.0,2007.0
1646,21.0,5.9,7.8,692.0,11.1,3.5,94000.0,222500.0,2007.0
1647,21.0,5.9,7.7,699.0,10.4,3.33,60500.0,967500.0,2007.0
1653,19.0,5.6,7.4,168.0,2.2,0.38,5.0,16.0,2007.0
1668,20.0,8.1,7.2,221.0,5.4,1.95,213.0,373.0,2007.0
1669,18.0,6.1,3.1,738.0,5.5,2.73,32.0,45.0,2007.0
1670,16.0,8.0,7.0,164.0,1.7,1.6,1600.0,2067.0,2007.0
1671,19.0,5.4,7.2,153.0,1.7,1.78,213.0,278.0,2007.0
1672,18.0,7.0,7.0,161.0,1.7,2.43,250.0,375.0,2007.0
1673,27.0,5.2,7.4,120.0,1.4,0.05,203.0,280.0,2007.0
1675,27.0,5.4,7.4,128.0,3.0,0.06,353.0,565.0,2007.0
1678,25.0,7.102,7.945,307.5,1.525,0.11,26.0,50.0,2006.0
1679,25.5,3.487,7.015,25950.0,9.2,0.228,378.0,1400.0,2006.0
1680,22.0,5.35,7.935,735.0,4.7,0.835,27650.0,15000.0,2006.0
1681,25.5,7.05,7.995,535.0,4.7,1.195,13400.0,33500.0,2006.0
1682,29.667,6.5,8.14,16410.0,5.3,1.397,9200.0,2400.0,2006.0
1684,29.0,5.6,8.173,3660.0,4.6,0.46,4500.0,6867.0,2006.0
1685,26.5,6.085,7.695,933.0,3.2,0.153,450.0,1550.0,2006.0
1686,26.5,6.055,7.605,6715.0,4.3,0.222,45.0,140.0,2006.0
1688,27.0,7.93,8.32,2160.0,1.46,0.277,4.0,5.0,2006.0
1689,25.667,4.9,7.943,504.7,3.1,0.603,1810.0,2367.0,2006.0
1690,27.75,6.625,7.725,149.3,2.175,0.123,2.0,60.0,2006.0
1691,27.75,5.175,6.95,464.0,1.5,0.7,75.0,255.0,2006.0
1692,30.0,6.4,7.45,142.8,2.025,0.155,1787.0,4073.0,2006.0
1694,26.667,7.4,6.733,344.3,1.7,0.9,33.0,160.0,2006.0
1695,28.75,7.6,6.775,213.3,1.3,0.173,133.0,3275.0,2006.0
1696,28.0,7.35,7.1,214.8,1.425,0.15,41.0,285.0,2006.0
1697,28.25,7.675,6.875,103.3,1.025,3.367,18.0,96.0,2006.0
1698,27.25,7.125,7.55,418.3,1.725,0.45,18.0,106.0,2006.0
1699,28.5,7.0,6.725,497.3,1.575,0.135,1956.0,5425.0,2006.0
1700,27.714,6.543,7.229,130.4,4.014,0.307,8.0,187.0,2006.0
1701,28.714,6.7,7.307,121.5,3.857,0.264,9.0,162.0,2006.0
1702,28.667,7.1,7.507,102.5,4.633,0.21,10.0,152.0,2006.0
1703,26.667,6.333,7.277,542.0,5.4,7.187,15.0,207.0,2006.0
1704,26.714,6.471,7.379,204.3,3.729,0.309,10.0,174.0,2006.0
1705,28.286,6.371,7.061,214.0,4.5,0.346,18.0,292.0,2006.0
1706,19.333,6.7,7.44,153.3,4.4,0.65,23.0,305.0,2006.0
1707,29.083,6.2,6.457,881.1,1.757,0.326,253.0,541.0,2006.0
1708,27.417,7.286,6.586,82.9,1.071,0.233,222.0,470.0,2006.0
1709,27.286,6.525,6.5,124.1,1.313,0.227,334.0,844.0,2006.0
1710,28.6,6.917,6.95,185.4,0.467,0.112,165.0,433.0,2006.0
1711,28.667,6.8,7.043,8489.9,0.414,0.153,238.0,473.0,2006.0
1712,27.786,7.075,7.25,107.3,0.988,0.369,238.0,384.0,2006.0
1713,28.143,7.013,6.712,151.4,1.4,0.397,262.0,485.0,2006.0
1714,27.5,6.787,6.65,119.3,1.637,0.4,294.0,574.0,2006.0
1715,28.571,4.1,6.775,511.4,6.788,1.373,2150.0,3100.0,2006.0
1716,27.0,6.9,6.8,224.0,0.733,0.438,2000.0,2500.0,2006.0
1717,26.5,6.867,6.833,292.7,0.633,0.575,1900.0,2400.0,2006.0
1718,26.25,6.467,6.6,240.0,1.033,0.66,2100.0,2733.0,2006.0
1719,26.75,6.667,6.933,268.0,0.933,0.893,2333.0,3300.0,2006.0
1720,26.75,6.967,6.933,268.0,0.833,0.4,1600.0,2233.0,2006.0
1721,26.5,6.733,6.867,324.0,0.933,0.455,1973.0,2233.0,2006.0
1722,27.0,6.714,6.957,143.4,0.671,0.449,1457.0,2171.0,2006.0
1723,26.75,6.733,6.733,242.7,0.9,0.743,1867.0,2833.0,2006.0
1724,28.0,7.233,6.867,75.7,1.1,0.853,1600.0,2300.0,2006.0
1725,27.0,6.233,6.9,104.7,0.867,1.267,1300.0,2233.0,2006.0
1726,28.5,6.867,7.067,336.7,0.533,0.285,60.0,455.0,2006.0
1727,28.5,6.433,6.667,339.3,0.6,0.292,440.0,967.0,2006.0
1728,29.0,7.033,6.533,141.3,0.533,0.135,193.0,740.0,2006.0
1729,28.75,6.633,7.067,237.0,0.633,0.45,337.0,800.0,2006.0
1730,28.0,6.833,7.0,18389.0,0.7,0.345,173.0,583.0,2006.0
1731,29.5,6.333,7.167,24535.7,0.7,0.332,140.0,447.0,2006.0
1732,28.0,7.033,7.033,241.0,0.267,0.232,345.0,1260.0,2006.0
1733,28.5,7.0,7.133,302.0,0.7,0.168,323.0,933.0,2006.0
1734,29.0,3.5,6.567,1285.3,2.133,0.347,220.0,443.0,2006.0
1735,28.857,6.243,7.253,405.6,0.857,1.269,3333.0,21469.0,2006.0
1736,21.0,6.9,8.2,211.0,2.8,2.12,1400.0,2200.0,2006.0
1737,24.0,7.8,8.5,197.0,0.6,3.01,1700.0,3500.0,2006.0
1739,27.5,7.95,6.565,188.5,1.5,0.08,24.0,66.0,2006.0
1740,29.0,5.8,6.6,107.0,1.0,0.265,25.0,58.0,2006.0
1741,31.25,6.975,6.725,144.3,1.5,0.22,34.0,98.0,2006.0
1743,30.0,7.525,6.61,93.3,1.5,0.283,10.0,26.0,2006.0
1744,29.0,7.15,6.56,141.0,1.1,0.25,22.0,73.0,2006.0
1746,27.5,6.925,7.633,552.0,2.0,0.217,325.0,570.0,2006.0
1747,27.25,6.825,7.125,299.3,3.667,1.525,316.0,771.0,2006.0
1751,17.667,6.033,7.367,323.3,3.267,0.667,2390.0,6867.0,2006.0
1752,16.5,5.1,7.85,785.0,12.0,1.65,3050.0,36500.0,2006.0
1753,18.0,4.867,7.367,568.0,12.0,1.367,3500.0,27667.0,2006.0
1754,17.333,4.833,7.533,760.0,13.333,1.933,2300.0,30000.0,2006.0
1755,17.5,5.1,7.367,388.0,6.933,1.4,2723.0,43067.0,2006.0
1756,15.0,6.8,7.3,433.5,5.4,1.35,635.0,9250.0,2006.0
1757,17.5,4.2,7.367,758.0,14.667,1.7,34033.0,83667.0,2006.0
1758,18.0,5.533,7.3,453.3,9.333,1.567,35760.0,88333.0,2006.0
1759,17.5,5.2,7.3,391.3,6.267,1.4,23723.0,54067.0,2006.0
1760,18.0,4.2,7.733,825.3,21.0,1.4,10500.0,76667.0,2006.0
1761,18.333,4.033,7.667,855.0,21.333,1.767,17433.0,148667.0,2006.0
1762,18.667,4.133,7.633,811.3,20.333,1.667,38700.0,110333.0,2006.0
1766,18.5,6.65,7.875,914.5,43.0,0.824,9650.0,16900.0,2006.0
1767,19.5,7.2,9.01,340.5,4.6,2.955,12.0,23.0,2006.0
1773,16.0,7.2,7.0,183.0,5.2,2.6,140.0,180.0,2006.0
1774,15.0,4.6,3.0,350.0,6.2,2.2,33.0,49.0,2006.0
1775,10.0,8.8,7.0,172.0,1.6,5.0,1800.0,2800.0,2006.0
1776,11.0,10.0,7.1,150.0,1.0,4.0,240.0,350.0,2006.0
1777,12.0,9.0,7.3,158.0,1.8,7.2,220.0,280.0,2006.0
1782,28.0,5.6,7.65,375.2,1.758,1.995,2636.0,18417.0,2005.0
1786,26.0,7.2,7.84,342.8,1.764,0.528,78.0,230.0,2005.0
1787,27.0,5.0,7.22,18370.3,19.663,0.452,9625.0,13525.0,2005.0
1788,29.0,6.2,8.11,480.0,11.333,0.39,14050.0,18810.0,2005.0
1789,27.0,7.2,8.07,580.0,4.0,0.37,150.0,280.0,2005.0
1790,28.0,6.2,7.98,11125.0,5.0,0.39,7147.0,50350.0,2005.0
1791,28.0,3.9,7.92,1039.0,14.847,1.412,6.0,36.0,2005.0
1792,29.0,7.2,7.42,246.9,4.632,0.791,10011.0,118311.0,2005.0
1793,28.0,6.9,6.44,302.9,2.304,0.231,12.0,116.0,2005.0
1794,29.0,7.8,6.69,255.9,2.754,0.348,13.0,140.0,2005.0
1795,29.0,6.7,7.35,346.1,1.893,0.973,13.0,148.0,2005.0
1796,28.0,8.3,6.68,348.9,2.503,1.686,13.0,155.0,2005.0
1797,28.0,8.1,6.18,187.4,2.375,0.196,12.0,155.0,2005.0
1798,29.0,7.7,6.55,121.8,2.242,1.136,13.0,164.0,2005.0
1799,29.0,8.6,6.56,181.4,2.423,0.276,24.0,155.0,2005.0
1800,28.0,7.7,6.45,302.5,2.144,0.163,10.0,142.0,2005.0
1801,28.0,7.4,6.07,142.8,1.681,0.276,12.0,140.0,2005.0
1804,27.0,4.1,7.57,29369.3,7.08,0.302,1035.0,1993.0,2005.0
1805,27.0,3.9,5.27,5914.0,441.8,0.512,3.0,10.0,2005.0
1810,27.0,7.1,7.2,280.5,1.6,0.48,74.0,95.0,2005.0
1841,27.0,6.7,7.56,128.4,4.942,0.447,11.0,250.0,2005.0
1856,20.0,6.6,7.15,199.0,7.475,2.1,208.0,288.0,2005.0
1857,18.0,6.4,3.05,605.0,5.067,4.8,18.0,45.0,2005.0
1858,15.0,7.1,7.03,147.3,2.1,1.0,1675.0,2300.0,2005.0
1865,28.0,7.5,7.8,286.5,1.775,0.51,7448.0,17625.0,2005.0
1866,30.0,7.5,7.35,30683.0,2.25,0.745,1515.0,2145.0,2005.0
1867,27.0,6.0,7.55,214.5,3.125,0.895,2600.0,10950.0,2005.0
1868,32.0,6.3,7.43,201.3,2.175,0.76,2825.0,4500.0,2005.0
1871,25.0,7.3,7.3,157.0,2.067,0.55,153.0,348.0,2005.0
1873,28.0,6.3,7.58,379.8,6.7,1.575,1640.0,4963.0,2005.0
1874,28.0,6.1,7.58,490.0,14.25,2.425,4875.0,27500.0,2005.0
1875,25.0,6.8,7.43,337.5,4.25,1.225,1175.0,3043.0,2005.0
1876,26.0,6.7,7.38,333.5,3.85,1.575,548.0,11050.0,2005.0
1877,27.0,5.9,7.48,428.0,8.35,2.2,4050.0,22025.0,2005.0
1878,25.0,6.5,7.4,361.8,4.3,1.9,1158.0,15875.0,2005.0
1879,25.0,6.9,7.4,322.0,3.75,0.975,200.0,3500.0,2005.0
1880,26.0,5.1,7.48,496.5,14.7,2.3,4325.0,23500.0,2005.0
1881,28.0,5.0,7.4,515.3,14.76,2.08,8860.0,37320.0,2005.0
1882,28.0,5.1,7.43,503.3,16.25,2.3,12938.0,44000.0,2005.0
1886,23.0,4.0,7.65,729.0,36.0,2.89,1190.0,2950.0,2005.0
1887,22.0,8.0,8.31,617.0,4.4,0.655,14.0,30.0,2005.0
1890,25.0,7.5,7.53,87.3,1.407,0.567,32.0,133.0,2005.0
1891,27.0,6.6,7.27,162.3,3.555,0.292,46.0,156.0,2005.0
1892,28.0,6.8,7.12,172.3,1.723,0.198,62.0,283.0,2005.0
1894,28.0,7.1,6.94,95.8,0.943,0.151,10.0,26.0,2005.0
1895,27.0,7.4,7.0,88.5,0.977,0.186,27.0,105.0,2005.0
1897,28.0,6.6,7.49,571.5,2.091,0.256,151.0,273.0,2005.0
1899,30.0,5.4,7.37,104.8,1.802,0.215,456.0,557.0,2005.0
1900,29.0,5.3,7.37,102.2,2.552,0.202,526.0,583.0,2005.0
1901,30.0,7.8,239.0,6.2,1.7,2.188,2.188,10720.0,2004.0
1906,28.0,7.0,86.0,7.8,4.7,0.1,0.1,145.0,2003.0
1908,28.0,7.1,101.0,7.8,2.0,0.1,0.1,138.0,2003.0
1923,28.0,7.7,1148.0,4.8,6.9,2.0,2.0,10050.0,2003.0
1925,27.0,7.7,440.0,6.5,2.4,0.9,0.9,688.0,2003.0
1926,28.0,6.4,1579.0,5.8,1.7,0.513,0.513,959.0,2003.0
1927,27.0,6.8,62.0,7.5,1.5,0.221,0.221,892.0,2003.0
1928,28.0,6.9,44.0,6.8,1.0,0.151,0.151,734.0,2003.0
1929,28.0,6.9,62.0,6.8,0.4,0.21,0.21,802.0,2003.0
1930,28.0,7.0,9416.0,6.7,0.5,0.241,0.241,832.0,2003.0
1931,24.0,6.9,39.0,6.9,1.1,0.195,0.195,958.0,2003.0
1932,28.0,7.1,53.0,6.9,1.4,0.367,0.367,632.0,2003.0
1933,28.0,6.9,102.0,6.4,1.2,0.335,0.335,608.0,2003.0
1934,27.0,6.8,437.0,5.7,1.1,0.922,0.922,2933.0,2003.0
1935,27.0,7.3,58.0,7.0,0.6,0.367,0.367,3025.0,2003.0
1936,26.0,6.9,1835.0,5.9,1.2,0.61,0.61,2400.0,2003.0
1937,27.0,6.8,60.0,5.0,0.9,0.475,0.475,3050.0,2003.0
1938,29.0,7.2,80.0,6.8,0.8,0.252,0.252,12750.0,2003.0
1939,27.0,7.0,42.0,7.3,0.4,0.347,0.347,3800.0,2003.0
1940,26.0,7.0,51.0,6.7,0.5,0.3,0.3,2900.0,2003.0
1941,26.0,7.1,58.0,6.8,0.5,0.337,0.337,3000.0,2003.0
1942,26.0,7.0,63.0,6.4,0.6,0.278,0.278,3550.0,2003.0
1943,27.0,6.8,72.0,6.6,0.6,0.53,0.53,1350.0,2003.0
1944,26.0,6.8,83.0,6.5,0.9,0.417,0.417,1350.0,2003.0
1945,24.0,7.0,69.0,6.4,1.2,0.222,0.222,1400.0,2003.0
1946,28.0,6.8,88.0,6.9,0.9,0.307,0.307,1600.0,2003.0
1947,27.0,6.9,31.0,7.0,0.5,0.164,0.164,158.0,2003.0
1948,27.0,6.8,46.0,6.9,0.5,0.149,0.149,905.0,2003.0
1949,26.0,7.2,20850.0,6.5,0.9,0.477,0.477,1475.0,2003.0
1950,25.0,7.0,24336.0,6.7,1.1,0.529,0.529,620.0,2003.0
1951,25.0,7.1,77.0,7.2,0.3,0.411,0.411,985.0,2003.0
1952,25.0,7.1,76.0,7.0,0.4,0.167,0.167,735.0,2003.0
1953,29.0,6.5,3384.0,3.7,1.9,0.757,0.757,643.0,2003.0
1954,26.0,7.7,280.0,6.6,5.7,0.994,0.994,223.0,2003.0
1955,27.0,7.8,183.0,6.9,5.0,0.497,0.497,211.0,2003.0
1956,24.0,7.7,107.0,6.8,5.2,0.386,0.386,208.0,2003.0
1957,25.0,7.5,185.0,5.6,6.5,0.514,0.514,224.0,2003.0
1958,27.0,7.3,157.0,6.0,5.6,0.603,0.603,221.0,2003.0
1959,28.0,7.4,150.0,6.3,6.0,0.614,0.614,269.0,2003.0
1960,26.0,7.4,139.0,5.8,5.9,0.453,0.453,213.0,2003.0
1974,30.0,8.1,569.0,8.2,1.6,1.028,1.028,6050.0,2003.0
1975,27.0,7.7,28598.0,7.7,1.7,0.962,0.962,3200.0,2003.0
1976,30.0,7.4,219.0,6.8,3.0,0.964,0.964,11300.0,2003.0
1977,29.0,7.2,198.0,7.2,2.1,1.03,1.03,4950.0,2003.0
1979,21.0,7.6,203.0,6.3,1.9,0.107,0.107,109.0,2003.0
1980,29.0,7.2,150.0,7.5,1.3,0.142,0.142,327.0,2003.0
1981,31.0,7.3,178.0,6.7,1.5,0.138,0.138,190.0,2003.0
1982,29.0,7.1,214.0,6.8,2.3,0.585,0.585,350.0,2003.0
1984,28.0,6.9,146.0,7.1,2.0,0.506,0.506,38.0,2003.0
1985,28.0,7.0,136.0,7.5,1.4,0.609,0.609,205.0,2003.0
1987,29.0,7.5,585.0,6.3,2.6,0.155,0.155,315.0,2003.0
